student_id,name,gender,age,city,state,degree,stream,cgpa,ielts_score,preferred_country,preferred_course,budget,scholarship_required,lead_source,current_stage,assigned_counselor,created_date,last_activity_date,status,enrollment_probability,dropout_risk,lead_score,recommended_country,recommended_scholarship
ST1000,Agastya Edwin,Female,23,Pune,Maharashtra,BSc,Biotechnology,6.86,6.5,UK,Cyber Security,3470952,Yes,Referral,Contacted,Rohit Gupta,2025-08-22,2025-12-05,Dropped,99,Low,93,UK,Not Eligible
ST1001,Sachi Chakrabarti,Female,28,Ahmedabad,Gujarat,BTech,Biotechnology,8.49,6.6,UK,Artificial Intelligence,1697690,No,Website,Contacted,Sneha Jain,2024-08-30,2024-09-23,Dropped,76,Low,84,UK,Partial Scholarship
ST1002,Bahadurjit Nadig,Female,19,Jaipur,Rajasthan,BTech,Marketing,8.87,5.6,Canada,Computer Science,1998432,Yes,Instagram,Application,Sneha Jain,2025-03-25,2025-04-08,Inactive,71,Medium,78,Canada,Merit Scholarship
ST1003,Neelima Lal,Male,23,Indore,Madhya Pradesh,BA,Biotechnology,6.96,8.4,Canada,Data Science,1046942,No,WhatsApp,Application,Rahul Singh,2026-05-16,2026-06-03,Inactive,93,Low,88,Germany,Not Eligible
ST1004,Praneel Mutti,Male,26,Bhopal,Madhya Pradesh,BSc,Biotechnology,8.73,6.0,Australia,Computer Science,1840856,Yes,Referral,Offer Letter,Priya Sharma,2025-04-11,2025-04-20,Dropped,99,Low,97,Australia,Merit Scholarship
ST1005,Hredhaan Sachdeva,Female,26,Hyderabad,Telangana,BBA,Mechanical,8.44,8.1,Australia,Artificial Intelligence,3415727,No,Referral,New Lead,Rohit Gupta,2025-12-10,2026-02-23,Active,99,Low,100,Canada,Partial Scholarship
ST1006,Forum Nayak,Male,20,Delhi,Delhi,BTech,Biotechnology,6.24,5.6,UK,Finance,3172636,No,WhatsApp,Visa,Sneha Jain,2024-07-23,2024-08-10,Converted,65,Medium,62,UK,Not Eligible
ST1007,Sathvik Soman,Female,18,Jaipur,Rajasthan,BSc,Marketing,8.49,6.5,UK,Data Science,3210116,No,WhatsApp,New Lead,Amit Verma,2025-09-24,2025-12-09,Dropped,99,Low,94,UK,Partial Scholarship
ST1008,Lipika Chandran,Male,28,Delhi,Delhi,BSc,ECE,8.77,6.2,Australia,Cyber Security,2428155,Yes,Website,Documents,Priya Sharma,2025-07-30,2025-08-28,Active,85,Low,94,Australia,Merit Scholarship
ST1009,Ekanta Pingle,Male,27,Mumbai,Maharashtra,BTech,Mechanical,6.28,5.6,UK,Finance,1977900,Yes,Website,Documents,Rahul Singh,2025-12-10,2026-03-14,Dropped,43,High,52,UK,Not Eligible
ST1010,Kalpit Guha,Male,22,Ahmedabad,Gujarat,BSc,Mechanical,9.52,7.4,Australia,Artificial Intelligence,3472977,Yes,Instagram,Documents,Rahul Singh,2026-01-01,2026-03-12,Dropped,99,Low,100,Canada,Merit Scholarship
ST1011,Chakrika Warrior,Male,26,Ahmedabad,Gujarat,BCom,IT,7.51,8.1,Canada,Business Analytics,1955800,Yes,Website,Documents,Rohit Gupta,2025-06-30,2025-07-21,Inactive,98,Low,90,Canada,Partial Scholarship
ST1012,Gautam Nigam,Male,28,Indore,Madhya Pradesh,BCom,Biotechnology,7.95,5.7,UK,MBA,3403367,Yes,Referral,New Lead,Priya Sharma,2024-12-18,2025-01-02,Inactive,90,Low,96,UK,Partial Scholarship
ST1013,Naveen Balay,Male,22,Indore,Madhya Pradesh,BTech,Marketing,7.07,7.5,UK,Business Analytics,2502368,Yes,Website,New Lead,Amit Verma,2024-09-02,2024-12-15,Dropped,92,Low,90,Canada,Not Eligible
ST1014,Qushi Tella,Female,18,Mumbai,Maharashtra,BCom,CSE,8.14,7.0,UK,Computer Science,1915402,Yes,WhatsApp,Contacted,Rahul Singh,2025-03-31,2025-04-13,Dropped,96,Low,86,Canada,Partial Scholarship
ST1015,Kritika Sagar,Male,19,Jaipur,Rajasthan,BTech,ECE,8.1,6.8,Australia,Artificial Intelligence,2915946,No,WhatsApp,Offer Letter,Priya Sharma,2024-07-31,2024-09-17,Inactive,99,Low,92,Australia,Partial Scholarship
ST1016,Naveen Bhakta,Male,27,Bangalore,Karnataka,BBA,CSE,8.71,6.7,Australia,Computer Science,1873801,Yes,Website,Contacted,Rohit Gupta,2025-03-11,2025-04-30,Dropped,91,Low,89,Australia,Merit Scholarship
ST1017,George Sidhu,Female,28,Ahmedabad,Gujarat,BA,Biotechnology,8.02,7.8,Australia,Computer Science,2112448,No,Website,Visa,Rohit Gupta,2025-02-22,2025-04-26,Active,98,Low,100,Canada,Partial Scholarship
ST1018,Anusha Tandon,Female,23,Bhopal,Madhya Pradesh,BCom,Mechanical,6.51,7.9,Canada,Cyber Security,3290273,No,Website,Enrolled,Priya Sharma,2026-05-14,2026-08-23,Converted,94,Low,89,Canada,Not Eligible
ST1019,Lakshit Shenoy,Male,21,Chennai,Tamil Nadu,BBA,ECE,8.87,7.5,Canada,Finance,1630445,Yes,Website,New Lead,Rohit Gupta,2025-08-14,2025-10-09,Dropped,96,Low,98,Canada,Merit Scholarship
ST1020,Yashasvi Mahajan,Female,22,Chennai,Tamil Nadu,BCom,CSE,9.63,5.9,Australia,Business Analytics,3016593,Yes,Seminar,Documents,Rohit Gupta,2026-03-15,2026-05-12,Inactive,99,Low,100,Australia,Merit Scholarship
ST1021,Guneet Gala,Male,22,Hyderabad,Telangana,BA,IT,7.87,6.6,Canada,Cyber Security,3297810,Yes,Referral,Application,Priya Sharma,2025-01-11,2025-03-31,Dropped,90,Low,100,Canada,Partial Scholarship
ST1022,Radhika Pathak,Female,22,Jaipur,Rajasthan,BCom,Marketing,8.71,7.7,UK,Data Science,1428378,Yes,Instagram,Visa,Rohit Gupta,2025-01-19,2025-03-25,Converted,94,Low,99,Germany,Merit Scholarship
ST1023,Upasna Loyal,Male,20,Bangalore,Karnataka,BA,IT,9.35,5.7,USA,Cyber Security,2947646,Yes,Seminar,Application,Rahul Singh,2025-01-15,2025-01-17,Active,89,Low,95,USA,Merit Scholarship
ST1024,Utkarsh Varkey,Male,26,Chennai,Tamil Nadu,BSc,Biotechnology,6.56,6.5,Canada,Artificial Intelligence,2063627,Yes,Website,New Lead,Amit Verma,2025-10-22,2025-11-23,Active,79,Medium,75,Canada,Not Eligible
ST1025,Aarna Pillai,Female,24,Jaipur,Rajasthan,BCom,Biotechnology,6.98,8.3,Canada,MBA,2029045,Yes,Website,Enrolled,Sneha Jain,2025-11-16,2026-02-08,Converted,88,Low,97,Canada,Not Eligible
ST1026,Harinakshi Sule,Female,18,Bangalore,Karnataka,BTech,Marketing,7.73,7.0,Australia,Artificial Intelligence,3282013,No,Referral,Contacted,Amit Verma,2026-05-20,2026-08-29,Dropped,99,Low,100,Canada,Partial Scholarship
ST1027,Rachana Deshmukh,Male,27,Hyderabad,Telangana,BSc,Marketing,7.23,6.2,Germany,Business Analytics,1375202,No,Website,Offer Letter,Sneha Jain,2024-08-11,2024-11-15,Dropped,60,Medium,69,Germany,Not Eligible
ST1028,Chandran Tailor,Male,27,Jaipur,Rajasthan,BTech,Finance,6.47,6.0,Germany,Data Science,1214045,Yes,WhatsApp,Documents,Priya Sharma,2025-02-01,2025-03-03,Inactive,68,High,59,Germany,Not Eligible
ST1029,Gabriel Bhalla,Female,24,Bhopal,Madhya Pradesh,BTech,Biotechnology,6.77,6.4,Canada,Computer Science,2890673,No,WhatsApp,Enrolled,Sneha Jain,2024-08-28,2024-11-30,Converted,83,Medium,76,Canada,Not Eligible
ST1030,Ekapad Rege,Female,22,Indore,Madhya Pradesh,BSc,IT,9.23,5.9,UK,Computer Science,3175656,Yes,Seminar,Enrolled,Priya Sharma,2025-04-10,2025-06-08,Converted,98,Low,96,UK,Merit Scholarship
ST1031,Avi Bains,Female,22,Jaipur,Rajasthan,BTech,Biotechnology,9.77,7.1,USA,Cyber Security,3040796,Yes,WhatsApp,Counseling,Rohit Gupta,2025-05-18,2025-09-07,Active,91,Low,100,Canada,Merit Scholarship
ST1032,Harish Sani,Male,25,Jaipur,Rajasthan,BCom,Mechanical,6.82,6.9,Canada,Finance,2052985,No,Instagram,Documents,Rohit Gupta,2026-01-11,2026-02-25,Inactive,81,Low,82,Canada,Not Eligible
ST1033,Qabil Radhakrishnan,Female,22,Bhopal,Madhya Pradesh,BBA,Mechanical,9.35,6.6,UK,Business Analytics,2895219,Yes,Referral,Counseling,Rahul Singh,2024-07-22,2024-11-16,Inactive,99,Low,100,UK,Merit Scholarship
ST1034,Hemal Nadig,Female,25,Pune,Maharashtra,BSc,ECE,9.57,5.8,UK,Business Analytics,2528514,Yes,WhatsApp,Counseling,Priya Sharma,2025-05-17,2025-07-21,Inactive,87,Low,97,UK,Merit Scholarship
ST1035,Charvi Oak,Male,25,Bangalore,Karnataka,BCom,Finance,8.6,8.1,Canada,Data Science,1711148,Yes,WhatsApp,Visa,Rohit Gupta,2024-07-27,2024-09-12,Active,99,Low,100,Canada,Merit Scholarship
ST1036,Zilmil Munshi,Female,28,Hyderabad,Telangana,BCom,Finance,7.97,6.3,Australia,Computer Science,2595400,Yes,WhatsApp,Visa,Rohit Gupta,2025-01-02,2025-02-12,Active,91,Low,86,Australia,Partial Scholarship
ST1037,Saksham Kala,Male,23,Bhopal,Madhya Pradesh,BA,Biotechnology,7.48,8.4,UK,Computer Science,2461154,Yes,Seminar,Offer Letter,Amit Verma,2025-02-05,2025-04-20,Active,94,Low,100,Canada,Not Eligible
ST1038,Ekiya Memon,Male,19,Delhi,Delhi,BCom,CSE,6.21,7.1,UK,Artificial Intelligence,1520269,Yes,Instagram,Visa,Priya Sharma,2024-12-22,2025-02-18,Active,75,Medium,67,Canada,Not Eligible
ST1039,Neelima Sane,Female,28,Ahmedabad,Gujarat,BCom,Mechanical,9.68,6.1,Canada,MBA,1767049,Yes,Referral,Enrolled,Sneha Jain,2026-05-07,2026-07-29,Converted,99,Low,100,Canada,Merit Scholarship
ST1040,Xiti Gade,Female,21,Mumbai,Maharashtra,BSc,Mechanical,7.05,6.1,UK,Cyber Security,3483585,No,Referral,Enrolled,Priya Sharma,2025-06-17,2025-06-27,Converted,93,Low,90,UK,Not Eligible
ST1041,Rehaan Palla,Female,18,Mumbai,Maharashtra,BA,Finance,9.79,6.5,UK,Business Analytics,2878777,Yes,Referral,Enrolled,Amit Verma,2025-08-05,2025-09-06,Converted,91,Low,100,UK,Merit Scholarship
ST1042,Reyansh Hari,Male,20,Jaipur,Rajasthan,BCom,Biotechnology,6.58,7.3,Germany,MBA,1062742,Yes,Referral,Contacted,Rahul Singh,2024-06-24,2024-09-26,Dropped,95,Low,88,Germany,Not Eligible
ST1043,Baghyawati Banerjee,Male,21,Jaipur,Rajasthan,BTech,Marketing,8.65,8.3,UK,Cyber Security,1001210,Yes,Referral,Offer Letter,Sneha Jain,2026-03-17,2026-06-09,Active,99,Low,100,Germany,Merit Scholarship
ST1044,Inaya Narain,Female,27,Bhopal,Madhya Pradesh,BCom,Biotechnology,6.76,8.1,Australia,Cyber Security,2873699,Yes,Seminar,Offer Letter,Sneha Jain,2025-03-01,2025-06-20,Inactive,92,Low,92,Canada,Not Eligible
ST1045,Irya Sunder,Male,28,Pune,Maharashtra,BSc,Biotechnology,7.9,5.6,Germany,Business Analytics,883673,Yes,Referral,Counseling,Sneha Jain,2026-04-02,2026-05-24,Dropped,87,Low,84,Germany,Partial Scholarship
ST1046,Ishani Patel,Female,26,Delhi,Delhi,BBA,IT,7.09,6.8,UK,Business Analytics,2617868,Yes,Seminar,New Lead,Rahul Singh,2025-06-11,2025-09-07,Inactive,76,Low,82,UK,Not Eligible
ST1047,Chasmum Bora,Male,21,Pune,Maharashtra,BTech,ECE,6.05,8.3,Australia,MBA,2430825,Yes,Seminar,Documents,Sneha Jain,2026-06-01,2026-09-22,Inactive,90,Low,88,Canada,Not Eligible
ST1048,Nitesh Misra,Female,22,Pune,Maharashtra,BBA,Marketing,8.11,8.5,UK,Business Analytics,1117820,No,Website,New Lead,Priya Sharma,2025-03-12,2025-05-12,Active,99,Low,100,Germany,Partial Scholarship
ST1049,Divya Lall,Female,21,Bangalore,Karnataka,BBA,ECE,7.62,5.9,USA,Computer Science,3068057,Yes,WhatsApp,Enrolled,Rahul Singh,2025-06-30,2025-08-17,Converted,76,Low,80,USA,Partial Scholarship
ST1050,Amruta Tripathi,Female,25,Jaipur,Rajasthan,BSc,ECE,6.54,7.7,Canada,Business Analytics,2385532,No,Seminar,Enrolled,Amit Verma,2025-11-09,2025-12-17,Converted,94,Low,87,Canada,Not Eligible
ST1051,Megha Bhat,Male,25,Bangalore,Karnataka,BA,CSE,8.72,6.6,Germany,Cyber Security,1165051,Yes,Website,New Lead,Amit Verma,2026-01-05,2026-04-15,Active,83,Low,87,Germany,Merit Scholarship
ST1052,Lohit Bedi,Male,19,Bangalore,Karnataka,BA,Marketing,6.52,6.8,Australia,Finance,2388505,Yes,WhatsApp,Offer Letter,Amit Verma,2026-01-05,2026-04-24,Inactive,70,Medium,77,Australia,Not Eligible
ST1053,Wahab Nayar,Male,18,Chennai,Tamil Nadu,BSc,Marketing,6.89,7.3,USA,Finance,3300595,Yes,Website,New Lead,Amit Verma,2026-05-22,2026-06-27,Dropped,90,Low,86,Canada,Not Eligible
ST1054,Manbir Singh,Female,20,Delhi,Delhi,BBA,CSE,7.71,8.4,Canada,Finance,3411806,Yes,Instagram,Visa,Sneha Jain,2025-02-03,2025-03-11,Converted,99,Low,100,Canada,Partial Scholarship
ST1055,Vivaan Chaudhary,Female,23,Bhopal,Madhya Pradesh,BBA,ECE,9.37,6.0,Germany,MBA,1474052,Yes,Seminar,Counseling,Rahul Singh,2024-07-20,2024-09-03,Active,87,Low,88,Germany,Merit Scholarship
ST1056,Ishani Peri,Male,21,Jaipur,Rajasthan,BTech,Marketing,6.05,7.3,Canada,Finance,3103050,Yes,Seminar,Contacted,Rahul Singh,2025-12-29,2026-03-19,Active,72,Medium,78,Canada,Not Eligible
ST1057,Mohammed Kannan,Male,23,Bhopal,Madhya Pradesh,BCom,IT,7.17,7.7,UK,Cyber Security,2158537,Yes,Website,Documents,Amit Verma,2025-11-29,2025-12-15,Active,90,Low,93,Canada,Not Eligible
ST1058,Arunima Jani,Male,19,Pune,Maharashtra,BA,ECE,9.27,6.8,Australia,Data Science,3232842,Yes,Website,Application,Rohit Gupta,2026-05-16,2026-05-17,Active,98,Low,100,Australia,Merit Scholarship
ST1059,Samar Bakshi,Female,19,Pune,Maharashtra,BA,ECE,8.01,7.5,Australia,Data Science,2659355,No,Instagram,Enrolled,Sneha Jain,2025-05-27,2025-07-11,Converted,96,Low,100,Canada,Partial Scholarship
ST1060,Farhan Sridhar,Male,23,Indore,Madhya Pradesh,BA,Finance,8.31,5.9,Germany,Business Analytics,913694,No,Instagram,Documents,Rohit Gupta,2024-06-20,2024-10-16,Inactive,73,Medium,77,Germany,Partial Scholarship
ST1061,Samuel Sheth,Male,19,Delhi,Delhi,BCom,Finance,8.21,5.7,Germany,Business Analytics,1403858,Yes,Referral,Application,Sneha Jain,2026-05-18,2026-07-23,Active,80,Low,89,Germany,Partial Scholarship
ST1062,Rohan Subramanian,Male,20,Chennai,Tamil Nadu,BBA,Mechanical,8.26,7.6,Canada,Business Analytics,1018717,No,Instagram,Counseling,Rahul Singh,2025-06-24,2025-09-17,Inactive,96,Low,92,Germany,Partial Scholarship
ST1063,Gauri Sundaram,Female,21,Pune,Maharashtra,BSc,Finance,8.14,6.6,Germany,Computer Science,1033845,Yes,Instagram,Visa,Amit Verma,2025-11-06,2026-01-04,Active,71,Low,81,Germany,Partial Scholarship
ST1064,Jeremiah Dass,Female,20,Bangalore,Karnataka,BA,ECE,7.73,7.5,Canada,Computer Science,1938787,Yes,Instagram,Enrolled,Rohit Gupta,2024-09-11,2024-09-15,Converted,88,Low,87,Canada,Partial Scholarship
ST1065,Hema Aurora,Male,20,Indore,Madhya Pradesh,BA,Mechanical,7.49,7.0,Australia,Business Analytics,3017022,No,Referral,Visa,Rohit Gupta,2025-01-06,2025-04-05,Converted,92,Low,100,Canada,Not Eligible
ST1066,Zarna Badal,Female,26,Delhi,Delhi,BBA,IT,8.16,7.8,UK,Finance,962068,No,Seminar,Documents,Sneha Jain,2025-06-17,2025-09-19,Active,99,Low,94,Germany,Partial Scholarship
ST1067,Upasna Ray,Female,24,Bhopal,Madhya Pradesh,BA,IT,6.71,7.0,Canada,Artificial Intelligence,3279575,Yes,Referral,Application,Rahul Singh,2024-11-12,2025-01-15,Dropped,91,Low,97,Canada,Not Eligible
ST1068,Chameli Bir,Male,21,Bangalore,Karnataka,BA,Mechanical,7.29,8.0,UK,Cyber Security,1721015,No,WhatsApp,Documents,Rohit Gupta,2025-12-14,2026-03-10,Inactive,83,Low,87,Canada,Not Eligible
ST1069,Wyatt Mukherjee,Female,25,Mumbai,Maharashtra,BTech,Biotechnology,9.6,6.6,Canada,Business Analytics,1179926,Yes,Website,Documents,Rahul Singh,2024-11-23,2025-01-15,Dropped,99,Low,96,Germany,Merit Scholarship
ST1070,Balvan Savant,Female,27,Ahmedabad,Gujarat,BSc,Finance,6.63,7.3,UK,Computer Science,2453605,Yes,Referral,Counseling,Rohit Gupta,2025-01-27,2025-04-06,Inactive,99,Low,99,Canada,Not Eligible
ST1071,Harish Dara,Female,21,Delhi,Delhi,BCom,Marketing,7.67,6.6,USA,Data Science,2976115,No,Seminar,Enrolled,Rahul Singh,2025-10-30,2025-11-15,Converted,76,Low,86,USA,Partial Scholarship
ST1072,Nihal Sane,Female,19,Bhopal,Madhya Pradesh,BBA,IT,8.61,6.4,Australia,Artificial Intelligence,3159311,Yes,Seminar,New Lead,Rohit Gupta,2026-03-22,2026-04-03,Dropped,87,Low,95,Australia,Merit Scholarship
ST1073,Bakhshi Mallick,Male,24,Jaipur,Rajasthan,BTech,Marketing,8.46,6.9,Germany,Finance,1254159,No,Seminar,Counseling,Priya Sharma,2025-09-12,2025-12-10,Dropped,79,Low,88,Germany,Partial Scholarship
ST1074,Benjamin Pandey,Female,28,Mumbai,Maharashtra,BTech,Finance,6.03,6.9,Australia,Business Analytics,2160776,Yes,WhatsApp,Application,Amit Verma,2024-06-20,2024-06-25,Inactive,72,Medium,74,Australia,Not Eligible
ST1075,Rachita Banerjee,Male,20,Pune,Maharashtra,BSc,Finance,9.07,7.7,Canada,Computer Science,2601124,Yes,Website,Counseling,Priya Sharma,2024-12-12,2025-01-08,Inactive,99,Low,100,Canada,Merit Scholarship
ST1076,Wridesh Sen,Male,20,Indore,Madhya Pradesh,BA,ECE,6.17,5.6,Germany,Cyber Security,814839,Yes,Instagram,Contacted,Rohit Gupta,2025-09-10,2025-10-08,Dropped,59,High,51,Germany,Not Eligible
ST1077,Michael Borra,Female,19,Jaipur,Rajasthan,BBA,CSE,8.35,5.7,UK,Business Analytics,1886925,No,Seminar,Documents,Amit Verma,2025-03-05,2025-04-28,Inactive,72,Medium,75,UK,Partial Scholarship
ST1078,Meera Pal,Female,23,Bhopal,Madhya Pradesh,BTech,IT,6.96,6.4,Canada,Computer Science,3059000,No,WhatsApp,Counseling,Amit Verma,2026-05-28,2026-09-15,Inactive,84,Medium,78,Canada,Not Eligible
ST1079,Madhavi Char,Female,18,Delhi,Delhi,BTech,CSE,7.87,7.2,UK,Computer Science,2526541,No,Referral,Enrolled,Amit Verma,2024-10-23,2025-01-03,Converted,95,Low,100,Canada,Partial Scholarship
ST1080,Harish Badami,Female,25,Pune,Maharashtra,BCom,Marketing,9.36,7.8,Canada,Cyber Security,2773044,Yes,Website,Visa,Priya Sharma,2025-12-24,2026-02-03,Converted,93,Low,100,Canada,Merit Scholarship
ST1081,Nakul Golla,Female,28,Pune,Maharashtra,BTech,ECE,9.38,6.0,Germany,MBA,833973,Yes,Seminar,Offer Letter,Rohit Gupta,2024-07-03,2024-08-05,Active,86,Low,88,Germany,Merit Scholarship
ST1082,Praneel Salvi,Male,21,Indore,Madhya Pradesh,BCom,Mechanical,9.56,7.0,Canada,Data Science,834696,Yes,Seminar,Documents,Priya Sharma,2024-10-01,2024-11-01,Dropped,99,Low,100,Germany,Merit Scholarship
ST1083,Faris Sachar,Female,20,Bhopal,Madhya Pradesh,BTech,ECE,7.26,8.3,UK,Business Analytics,1912258,No,Instagram,Documents,Rohit Gupta,2025-12-20,2026-02-02,Active,99,Low,90,Canada,Not Eligible
ST1084,Manthan Narula,Female,27,Bangalore,Karnataka,BA,Biotechnology,8.9,6.3,Australia,Artificial Intelligence,2920919,Yes,Instagram,Offer Letter,Rohit Gupta,2026-03-26,2026-05-23,Dropped,87,Low,96,Australia,Merit Scholarship
ST1085,Jalsa Wadhwa,Male,21,Jaipur,Rajasthan,BBA,Marketing,9.54,8.1,Australia,MBA,2503796,Yes,Instagram,Enrolled,Sneha Jain,2024-06-26,2024-08-17,Converted,96,Low,100,Canada,Merit Scholarship
ST1086,Dhruv Narang,Male,23,Pune,Maharashtra,BCom,IT,8.27,6.8,UK,MBA,2019850,No,Website,Counseling,Amit Verma,2025-01-12,2025-03-26,Dropped,95,Low,94,UK,Partial Scholarship
ST1087,Wishi Tiwari,Female,21,Hyderabad,Telangana,BA,ECE,7.77,7.6,Canada,Data Science,2881382,Yes,Website,Documents,Sneha Jain,2024-10-06,2024-11-01,Dropped,94,Low,97,Canada,Partial Scholarship
ST1088,Rachita Shankar,Male,25,Mumbai,Maharashtra,BA,ECE,9.49,8.2,Canada,Cyber Security,2755793,Yes,Website,Enrolled,Rohit Gupta,2025-10-09,2025-10-17,Converted,93,Low,100,Canada,Merit Scholarship
ST1089,Ekalinga Kothari,Male,28,Delhi,Delhi,BBA,IT,9.24,7.9,UK,Computer Science,2501735,Yes,WhatsApp,Visa,Priya Sharma,2025-02-04,2025-04-15,Converted,96,Low,100,Canada,Merit Scholarship
ST1090,Yashawini Parmer,Female,21,Bangalore,Karnataka,BBA,IT,6.14,7.0,Australia,Finance,3111197,No,Seminar,Documents,Amit Verma,2024-11-18,2025-01-15,Dropped,71,Medium,76,Canada,Not Eligible
ST1091,Geetika Hayer,Male,22,Bhopal,Madhya Pradesh,BCom,CSE,6.39,7.4,Australia,Computer Science,3304740,No,Website,Contacted,Rahul Singh,2024-07-24,2024-10-26,Active,89,Low,82,Canada,Not Eligible
ST1092,Lila Oommen,Male,23,Bangalore,Karnataka,BBA,ECE,9.66,6.4,UK,Cyber Security,1541739,Yes,WhatsApp,New Lead,Rahul Singh,2025-12-15,2026-04-03,Active,99,Low,95,UK,Merit Scholarship
ST1093,Charita Pau,Female,20,Indore,Madhya Pradesh,BCom,IT,8.54,6.5,Australia,Data Science,2128115,Yes,Instagram,Counseling,Rahul Singh,2025-11-29,2025-12-14,Inactive,88,Low,95,Australia,Merit Scholarship
ST1094,Mason Virk,Female,23,Bangalore,Karnataka,BA,IT,6.9,7.4,Canada,Artificial Intelligence,1298154,No,Seminar,Contacted,Rohit Gupta,2024-10-26,2025-01-30,Dropped,81,Medium,78,Germany,Not Eligible
ST1095,Waida Bajwa,Male,23,Indore,Madhya Pradesh,BBA,ECE,8.45,7.4,Australia,Data Science,2339578,No,Website,Documents,Sneha Jain,2025-09-11,2025-10-22,Inactive,98,Low,100,Canada,Partial Scholarship
ST1096,Kalpit Trivedi,Male,23,Indore,Madhya Pradesh,BCom,Biotechnology,6.64,7.7,Australia,Computer Science,3020441,Yes,Instagram,Enrolled,Amit Verma,2026-04-14,2026-04-28,Converted,82,Low,88,Canada,Not Eligible
ST1097,Vinaya Ray,Male,20,Ahmedabad,Gujarat,BTech,Biotechnology,9.14,8.2,Australia,Business Analytics,962602,Yes,WhatsApp,Enrolled,Sneha Jain,2026-04-07,2026-05-05,Converted,90,Low,100,Germany,Merit Scholarship
ST1098,Eta Garg,Male,27,Hyderabad,Telangana,BCom,ECE,8.96,6.0,Canada,Artificial Intelligence,1284213,Yes,Seminar,Documents,Amit Verma,2025-11-28,2025-12-17,Inactive,87,Low,84,Germany,Merit Scholarship
ST1099,Varsha Ganesh,Male,26,Pune,Maharashtra,BSc,ECE,7.71,7.7,Australia,MBA,2474435,Yes,WhatsApp,Application,Rahul Singh,2025-11-16,2025-12-13,Active,96,Low,99,Canada,Partial Scholarship
ST1100,Manya Bhattacharyya,Female,19,Mumbai,Maharashtra,BCom,CSE,7.31,7.2,Germany,Computer Science,989572,No,Seminar,Contacted,Sneha Jain,2026-03-01,2026-06-12,Dropped,71,Low,80,Germany,Not Eligible
ST1101,Atharv Mann,Male,19,Ahmedabad,Gujarat,BCom,Finance,8.76,7.5,UK,MBA,2049585,Yes,Referral,New Lead,Rahul Singh,2025-01-30,2025-03-21,Active,99,Low,100,Canada,Merit Scholarship
ST1102,Samesh Raj,Male,20,Indore,Madhya Pradesh,BBA,ECE,8.81,8.2,UK,Computer Science,2251899,Yes,Instagram,Application,Sneha Jain,2025-06-27,2025-08-19,Inactive,99,Low,100,Canada,Merit Scholarship
ST1103,Nathan Baral,Female,21,Pune,Maharashtra,BBA,Mechanical,9.31,6.9,Canada,Computer Science,3368999,Yes,Instagram,New Lead,Sneha Jain,2025-08-21,2025-09-03,Inactive,99,Low,100,Canada,Merit Scholarship
ST1104,Turvi Badami,Male,23,Delhi,Delhi,BBA,Mechanical,9.59,6.9,Canada,MBA,2954054,Yes,WhatsApp,New Lead,Priya Sharma,2026-02-09,2026-02-11,Active,99,Low,100,Canada,Merit Scholarship
ST1105,Omya Puri,Female,22,Jaipur,Rajasthan,BA,IT,9.23,6.4,Canada,Data Science,1989225,Yes,Seminar,Documents,Sneha Jain,2025-05-28,2025-05-30,Inactive,87,Low,91,Canada,Merit Scholarship
ST1106,Tejas Parmar,Female,18,Ahmedabad,Gujarat,BA,Mechanical,9.41,8.4,Australia,MBA,2181247,Yes,WhatsApp,Documents,Rahul Singh,2025-05-08,2025-05-11,Active,93,Low,100,Canada,Merit Scholarship
ST1107,Teerth Viswanathan,Male,18,Chennai,Tamil Nadu,BCom,Mechanical,8.02,7.8,Australia,Artificial Intelligence,2439777,No,WhatsApp,Enrolled,Amit Verma,2025-11-10,2026-02-13,Converted,96,Low,100,Canada,Partial Scholarship
ST1108,Rudra Muni,Male,20,Pune,Maharashtra,BBA,Mechanical,8.96,5.7,Australia,Data Science,1867018,Yes,Referral,Contacted,Rohit Gupta,2024-06-08,2024-09-23,Dropped,86,Low,96,Australia,Merit Scholarship
ST1109,Xiti Palan,Male,25,Mumbai,Maharashtra,BTech,ECE,7.15,6.3,Australia,Data Science,1728668,No,Instagram,Enrolled,Priya Sharma,2026-02-22,2026-05-27,Converted,76,Medium,68,Australia,Not Eligible
ST1110,Adya Hayre,Female,20,Bangalore,Karnataka,BTech,IT,6.69,5.6,Germany,Finance,1078147,Yes,Seminar,Documents,Amit Verma,2024-06-25,2024-07-13,Active,47,High,56,Germany,Not Eligible
ST1111,Aradhana Nagar,Male,22,Pune,Maharashtra,BCom,Finance,7.99,7.8,Australia,Data Science,3030064,No,Seminar,Counseling,Rahul Singh,2025-04-22,2025-07-01,Active,99,Low,100,Canada,Partial Scholarship
ST1112,Gaurika Lala,Male,20,Mumbai,Maharashtra,BTech,Mechanical,6.29,6.3,UK,Artificial Intelligence,1542458,No,WhatsApp,Visa,Amit Verma,2026-04-17,2026-08-07,Converted,59,High,59,UK,Not Eligible
ST1113,Ayaan Palla,Male,24,Ahmedabad,Gujarat,BA,Finance,9.6,7.2,UK,Computer Science,1505088,Yes,Referral,Enrolled,Rohit Gupta,2025-08-03,2025-08-12,Converted,90,Low,100,Canada,Merit Scholarship
ST1114,Bishakha Kohli,Female,20,Bhopal,Madhya Pradesh,BA,CSE,7.79,6.7,UK,Computer Science,3449231,No,Instagram,Application,Rohit Gupta,2025-02-08,2025-05-23,Inactive,89,Low,89,UK,Partial Scholarship
ST1115,Unnati Varma,Male,23,Chennai,Tamil Nadu,BCom,Marketing,9.51,7.1,Canada,Data Science,828422,Yes,Website,Enrolled,Rohit Gupta,2026-02-22,2026-03-15,Converted,99,Low,100,Germany,Merit Scholarship
ST1116,Yatan Som,Male,20,Pune,Maharashtra,BSc,Biotechnology,9.32,7.9,Australia,MBA,1670658,Yes,Website,Counseling,Rohit Gupta,2025-03-19,2025-07-09,Dropped,98,Low,100,Canada,Merit Scholarship
ST1117,Ekanta Nazareth,Female,23,Delhi,Delhi,BCom,CSE,9.69,5.9,Germany,Data Science,1179211,Yes,Instagram,Enrolled,Sneha Jain,2025-07-14,2025-10-24,Converted,90,Low,90,Germany,Merit Scholarship
ST1118,Sai Gupta,Male,19,Ahmedabad,Gujarat,BBA,Biotechnology,7.15,7.6,UK,MBA,3274715,Yes,Seminar,Counseling,Amit Verma,2025-06-10,2025-06-19,Inactive,98,Low,91,Canada,Not Eligible
ST1119,Chanakya Jani,Female,21,Chennai,Tamil Nadu,BSc,Finance,8.18,5.5,Canada,Finance,913960,Yes,Instagram,Visa,Priya Sharma,2025-02-27,2025-03-15,Active,64,Medium,71,Germany,Partial Scholarship
ST1120,Yochana Anne,Female,22,Bangalore,Karnataka,BSc,Biotechnology,9.02,5.7,Germany,Business Analytics,1088534,Yes,Referral,Counseling,Amit Verma,2025-04-19,2025-07-30,Inactive,91,Low,97,Germany,Merit Scholarship
ST1121,Yashoda Deshpande,Male,26,Ahmedabad,Gujarat,BTech,IT,7.38,5.6,Canada,Finance,1157983,No,Instagram,Documents,Rohit Gupta,2025-11-10,2026-02-04,Inactive,56,Medium,63,Germany,Not Eligible
ST1122,Urmi Dalal,Female,18,Pune,Maharashtra,BCom,Mechanical,9.14,5.6,Canada,Cyber Security,1956801,Yes,Instagram,Documents,Rohit Gupta,2025-02-26,2025-04-22,Dropped,82,Low,81,Canada,Merit Scholarship
ST1123,Nitara Uppal,Male,21,Bangalore,Karnataka,BSc,Marketing,8.54,6.1,UK,Cyber Security,2389386,Yes,WhatsApp,Documents,Rahul Singh,2024-07-31,2024-10-09,Inactive,96,Low,90,UK,Merit Scholarship
ST1124,Janya Bhasin,Male,21,Delhi,Delhi,BSc,IT,8.87,5.6,Canada,Cyber Security,2689769,Yes,WhatsApp,Counseling,Rahul Singh,2026-04-03,2026-05-17,Inactive,86,Low,88,Canada,Merit Scholarship
ST1125,Indira Koshy,Female,23,Hyderabad,Telangana,BTech,Finance,7.56,6.7,Germany,MBA,1422630,No,Referral,New Lead,Priya Sharma,2025-01-02,2025-01-12,Dropped,99,Low,92,Germany,Partial Scholarship
ST1126,Farhan Singh,Female,28,Bhopal,Madhya Pradesh,BCom,Biotechnology,8.99,5.9,Germany,MBA,861386,Yes,WhatsApp,Documents,Amit Verma,2025-06-02,2025-08-01,Dropped,89,Low,83,Germany,Merit Scholarship
ST1127,Devika Goswami,Male,19,Hyderabad,Telangana,BCom,Marketing,6.19,5.9,Australia,Computer Science,2979723,Yes,Referral,Application,Priya Sharma,2026-01-13,2026-01-20,Inactive,82,Low,80,Australia,Not Eligible
ST1128,Yochana Viswanathan,Female,19,Jaipur,Rajasthan,BSc,Mechanical,9.75,5.8,Canada,Data Science,1723412,Yes,WhatsApp,Enrolled,Rahul Singh,2024-11-08,2025-01-08,Converted,79,Low,89,Canada,Merit Scholarship
ST1129,Daniel Varughese,Male,23,Jaipur,Rajasthan,BCom,Mechanical,7.31,8.2,UK,Data Science,2559038,Yes,Website,Enrolled,Rohit Gupta,2025-05-19,2025-07-29,Converted,89,Low,99,Canada,Not Eligible
ST1130,Watika Oak,Male,23,Pune,Maharashtra,BSc,Finance,7.78,6.4,UK,Cyber Security,2242665,Yes,Instagram,Offer Letter,Amit Verma,2025-02-05,2025-02-24,Dropped,91,Low,86,UK,Partial Scholarship
ST1131,Brijesh Bhasin,Male,26,Pune,Maharashtra,BBA,Mechanical,8.6,8.0,Canada,Computer Science,1195919,Yes,WhatsApp,Contacted,Rahul Singh,2024-12-09,2024-12-28,Active,99,Low,100,Germany,Merit Scholarship
ST1132,Omaja Walla,Female,27,Jaipur,Rajasthan,BSc,ECE,8.33,5.5,UK,Cyber Security,3075075,No,Seminar,Documents,Amit Verma,2026-05-26,2026-08-04,Inactive,92,Low,83,UK,Partial Scholarship
ST1133,Yashica Sur,Female,18,Bhopal,Madhya Pradesh,BCom,Biotechnology,6.29,5.8,UK,Artificial Intelligence,3291107,Yes,Website,Documents,Priya Sharma,2024-08-03,2024-11-08,Inactive,61,Medium,64,UK,Not Eligible
ST1134,Sachi Shenoy,Male,24,Pune,Maharashtra,BCom,Mechanical,7.66,8.4,UK,Business Analytics,2032504,Yes,Referral,Documents,Amit Verma,2025-02-08,2025-03-28,Dropped,99,Low,100,Canada,Partial Scholarship
ST1135,Vedhika Ram,Male,25,Delhi,Delhi,BTech,Biotechnology,7.88,6.6,UK,Computer Science,3349452,No,Seminar,Application,Priya Sharma,2024-10-31,2024-11-02,Dropped,90,Low,88,UK,Partial Scholarship
ST1136,Nihal Dube,Male,26,Hyderabad,Telangana,BTech,Marketing,6.24,6.4,UK,Computer Science,2224012,Yes,WhatsApp,Documents,Rahul Singh,2025-09-26,2025-09-27,Dropped,65,Medium,71,UK,Not Eligible
ST1137,Benjamin Modi,Female,23,Bhopal,Madhya Pradesh,BSc,Finance,8.76,5.9,Canada,Finance,1747823,Yes,Website,Contacted,Rahul Singh,2025-08-16,2025-11-02,Dropped,80,Low,81,Canada,Merit Scholarship
ST1138,Barkha Deep,Female,24,Jaipur,Rajasthan,BCom,Biotechnology,8.66,7.6,Australia,Cyber Security,962953,Yes,Seminar,Offer Letter,Sneha Jain,2024-07-07,2024-11-02,Inactive,92,Low,96,Germany,Merit Scholarship
ST1139,Tanish Zacharia,Female,23,Bhopal,Madhya Pradesh,BA,Marketing,9.48,8.5,Australia,Artificial Intelligence,3248322,Yes,WhatsApp,Contacted,Priya Sharma,2025-07-18,2025-09-20,Active,96,Low,100,Canada,Merit Scholarship
ST1140,Liam Sarna,Male,21,Bhopal,Madhya Pradesh,BTech,CSE,8.25,8.2,Canada,Cyber Security,846466,Yes,Referral,New Lead,Rohit Gupta,2025-10-06,2025-10-07,Dropped,98,Low,100,Germany,Partial Scholarship
ST1141,Chatresh Rau,Male,27,Delhi,Delhi,BA,Biotechnology,8.91,7.2,UK,Artificial Intelligence,2709589,Yes,Referral,Enrolled,Rahul Singh,2024-12-22,2025-01-25,Converted,98,Low,100,Canada,Merit Scholarship
ST1142,Bhavani Pal,Female,25,Chennai,Tamil Nadu,BA,Mechanical,8.53,7.4,UK,Cyber Security,2541456,Yes,Seminar,Application,Sneha Jain,2025-02-18,2025-05-19,Active,99,Low,100,Canada,Merit Scholarship
ST1143,Devika Master,Male,23,Delhi,Delhi,BA,IT,8.18,5.8,Canada,Finance,2038978,Yes,WhatsApp,Documents,Amit Verma,2025-05-23,2025-08-02,Active,93,Low,83,Canada,Partial Scholarship
ST1144,Anmol Sen,Male,22,Ahmedabad,Gujarat,BCom,Biotechnology,9.0,6.7,Canada,Artificial Intelligence,2079020,Yes,Instagram,Contacted,Amit Verma,2025-01-26,2025-05-04,Dropped,99,Low,100,Canada,Merit Scholarship
ST1145,Yashodhara Nayar,Male,25,Pune,Maharashtra,BTech,Mechanical,9.35,6.0,Australia,Artificial Intelligence,1564191,Yes,Website,New Lead,Priya Sharma,2026-02-23,2026-06-06,Active,91,Low,88,Australia,Merit Scholarship
ST1146,Andrew Bhatt,Female,28,Bangalore,Karnataka,BTech,IT,8.3,8.5,Australia,Business Analytics,2430970,Yes,Instagram,Counseling,Rahul Singh,2025-01-11,2025-04-08,Active,99,Low,100,Canada,Partial Scholarship
ST1147,Champak Patil,Female,27,Hyderabad,Telangana,BCom,CSE,7.21,5.6,Australia,Business Analytics,2165186,Yes,WhatsApp,Enrolled,Rahul Singh,2025-07-22,2025-08-14,Converted,73,Medium,72,Australia,Not Eligible
ST1148,Alexander Chokshi,Female,26,Mumbai,Maharashtra,BSc,Marketing,9.57,7.9,Canada,Data Science,3265013,Yes,Referral,Counseling,Amit Verma,2024-11-01,2024-12-22,Dropped,96,Low,100,Canada,Merit Scholarship
ST1149,Kiaan Sarin,Male,18,Indore,Madhya Pradesh,BA,IT,7.02,7.4,Germany,Artificial Intelligence,1185630,Yes,Referral,Enrolled,Priya Sharma,2026-02-01,2026-05-13,Converted,90,Low,94,Germany,Not Eligible
ST1150,Patrick Kamdar,Male,22,Jaipur,Rajasthan,BA,ECE,6.23,6.3,UK,Business Analytics,2160404,No,WhatsApp,Counseling,Rahul Singh,2025-08-22,2025-08-30,Dropped,59,Medium,69,UK,Not Eligible
ST1151,Jonathan Gokhale,Female,27,Jaipur,Rajasthan,BCom,Biotechnology,9.69,7.8,UK,Business Analytics,1876780,Yes,WhatsApp,Visa,Amit Verma,2024-10-22,2024-12-14,Converted,99,Low,100,Canada,Merit Scholarship
ST1152,Simon Palan,Male,22,Delhi,Delhi,BA,Mechanical,6.38,8.0,Canada,Finance,2133174,No,Referral,Documents,Rahul Singh,2025-08-14,2025-11-26,Dropped,99,Low,100,Canada,Not Eligible
ST1153,Ayushman Bhasin,Female,21,Indore,Madhya Pradesh,BTech,IT,6.55,7.8,UK,Artificial Intelligence,2455405,Yes,WhatsApp,Visa,Rohit Gupta,2024-07-31,2024-09-30,Converted,90,Low,88,Canada,Not Eligible
ST1154,Ati Sama,Female,27,Ahmedabad,Gujarat,BBA,CSE,6.69,6.9,Canada,MBA,3396855,Yes,WhatsApp,Contacted,Rohit Gupta,2026-04-11,2026-07-31,Dropped,73,Low,80,Canada,Not Eligible
ST1155,Megha Narula,Female,22,Indore,Madhya Pradesh,BBA,CSE,9.42,8.1,UK,MBA,1498942,Yes,Website,Application,Sneha Jain,2026-01-16,2026-03-11,Inactive,94,Low,100,Germany,Merit Scholarship
ST1156,Harinakshi Oak,Female,23,Bhopal,Madhya Pradesh,BTech,IT,8.25,5.8,Canada,MBA,2223793,No,Instagram,Contacted,Sneha Jain,2026-04-01,2026-05-12,Active,81,Low,84,Canada,Partial Scholarship
ST1157,Barkha Mammen,Female,25,Hyderabad,Telangana,BCom,CSE,6.62,8.5,Canada,MBA,1188341,Yes,Referral,Application,Amit Verma,2025-06-13,2025-08-20,Dropped,97,Low,100,Germany,Not Eligible
ST1158,Upasna Narain,Female,25,Delhi,Delhi,BTech,Marketing,8.78,7.1,USA,Finance,2730096,Yes,Referral,Enrolled,Priya Sharma,2025-07-05,2025-09-13,Converted,99,Low,100,Canada,Merit Scholarship
ST1159,Vedika Kothari,Male,28,Ahmedabad,Gujarat,BA,IT,6.58,8.4,UK,Artificial Intelligence,1785511,No,Website,Application,Amit Verma,2026-05-12,2026-08-08,Dropped,83,Low,84,Canada,Not Eligible
ST1160,Om Chawla,Female,18,Bhopal,Madhya Pradesh,BA,Biotechnology,6.57,8.4,UK,Artificial Intelligence,1818098,Yes,WhatsApp,Application,Amit Verma,2024-11-25,2025-01-28,Dropped,80,Low,84,Canada,Not Eligible
ST1161,Nachiket Chaudhuri,Male,22,Hyderabad,Telangana,BBA,Mechanical,6.15,7.4,UK,Data Science,2643005,No,WhatsApp,Counseling,Priya Sharma,2026-01-21,2026-04-29,Dropped,78,Low,80,Canada,Not Eligible
ST1162,Bimala Nair,Male,26,Bhopal,Madhya Pradesh,BCom,CSE,6.88,8.5,Australia,MBA,1555635,No,Seminar,Documents,Rohit Gupta,2024-06-15,2024-09-19,Dropped,91,Low,88,Canada,Not Eligible
ST1163,Maanav Bala,Male,23,Delhi,Delhi,BBA,Finance,8.27,6.8,Canada,Artificial Intelligence,1973604,Yes,Referral,Offer Letter,Rohit Gupta,2024-08-23,2024-10-19,Dropped,96,Low,99,Canada,Partial Scholarship
ST1164,Alka Savant,Male,20,Hyderabad,Telangana,BBA,CSE,7.58,6.5,UK,Computer Science,2330547,No,Seminar,Enrolled,Rohit Gupta,2024-11-20,2024-11-21,Converted,86,Low,85,UK,Partial Scholarship
ST1165,Yahvi Bassi,Male,27,Mumbai,Maharashtra,BA,CSE,8.63,7.6,Canada,Business Analytics,1140233,Yes,Website,Offer Letter,Amit Verma,2025-11-12,2026-03-01,Active,93,Low,96,Germany,Merit Scholarship
ST1166,Omkaar Kade,Male,20,Bhopal,Madhya Pradesh,BBA,CSE,7.57,7.4,Australia,Business Analytics,2231700,No,WhatsApp,Offer Letter,Amit Verma,2026-01-08,2026-01-28,Dropped,99,Low,94,Canada,Partial Scholarship
ST1167,Lucky Pall,Female,21,Bangalore,Karnataka,BTech,CSE,6.4,6.1,Australia,Cyber Security,2762948,Yes,WhatsApp,Counseling,Rohit Gupta,2026-05-24,2026-08-16,Dropped,69,Medium,69,Australia,Not Eligible
ST1168,Gunbir Bansal,Female,19,Bhopal,Madhya Pradesh,BA,Marketing,8.45,6.3,Australia,MBA,1986266,No,Website,Documents,Priya Sharma,2025-08-24,2025-08-29,Active,77,Low,81,Australia,Partial Scholarship
ST1169,Tejas Puri,Male,20,Jaipur,Rajasthan,BTech,IT,6.33,6.6,Australia,Artificial Intelligence,2007768,Yes,Referral,Offer Letter,Sneha Jain,2025-02-23,2025-06-08,Inactive,87,Low,88,Australia,Not Eligible
ST1170,Jason Tata,Male,25,Indore,Madhya Pradesh,BA,Biotechnology,6.44,7.9,UK,MBA,818970,Yes,WhatsApp,Counseling,Rahul Singh,2024-12-15,2025-02-08,Dropped,73,Medium,78,Germany,Not Eligible
ST1171,Zashil Talwar,Female,28,Delhi,Delhi,BA,Mechanical,7.77,7.7,Canada,Cyber Security,2098569,No,WhatsApp,Enrolled,Amit Verma,2025-12-29,2026-01-05,Converted,99,Low,99,Canada,Partial Scholarship
ST1172,Jalsa Narain,Female,22,Chennai,Tamil Nadu,BCom,CSE,8.47,6.7,Germany,Computer Science,1072435,No,Seminar,Visa,Rohit Gupta,2026-05-10,2026-07-15,Active,89,Low,86,Germany,Partial Scholarship
ST1173,Champak Rajagopalan,Male,27,Mumbai,Maharashtra,BTech,Finance,7.41,7.0,UK,Finance,1744983,No,Seminar,Counseling,Amit Verma,2026-04-24,2026-06-15,Inactive,79,Medium,79,Canada,Not Eligible
ST1174,Anjali Menon,Female,26,Pune,Maharashtra,BTech,Biotechnology,6.6,7.4,Australia,Finance,3461805,No,Seminar,Contacted,Amit Verma,2025-06-21,2025-07-24,Dropped,88,Low,84,Canada,Not Eligible
ST1175,Lipika Bhatia,Male,20,Delhi,Delhi,BBA,CSE,7.88,7.6,Australia,Computer Science,2533452,Yes,Website,Application,Rohit Gupta,2026-05-26,2026-08-29,Dropped,99,Low,98,Canada,Partial Scholarship
ST1176,Nirja Ravel,Male,24,Bhopal,Madhya Pradesh,BCom,Finance,7.73,8.3,Australia,Cyber Security,2611430,No,WhatsApp,Enrolled,Priya Sharma,2026-01-22,2026-04-08,Converted,99,Low,100,Canada,Partial Scholarship
ST1177,Omkaar Bhalla,Female,24,Chennai,Tamil Nadu,BCom,ECE,7.99,7.4,Australia,Business Analytics,2286159,No,Website,Offer Letter,Rohit Gupta,2026-04-19,2026-07-29,Active,90,Low,98,Canada,Partial Scholarship
ST1178,Jagrati Loke,Female,26,Ahmedabad,Gujarat,BSc,Mechanical,7.46,7.5,UK,MBA,997389,No,Seminar,Offer Letter,Sneha Jain,2025-08-08,2025-10-24,Dropped,82,Low,84,Germany,Not Eligible
ST1179,Kamala Morar,Female,21,Indore,Madhya Pradesh,BBA,Mechanical,8.28,7.2,USA,Cyber Security,3495108,No,WhatsApp,Application,Rahul Singh,2025-08-23,2025-12-03,Active,99,Low,99,Canada,Partial Scholarship
ST1180,Jalsa Raval,Male,21,Jaipur,Rajasthan,BCom,CSE,7.48,7.9,Canada,MBA,1898726,Yes,Referral,Offer Letter,Rahul Singh,2026-04-01,2026-06-23,Dropped,99,Low,100,Canada,Not Eligible
ST1181,Onkar Bandi,Female,27,Bhopal,Madhya Pradesh,BA,CSE,8.83,7.0,Australia,Computer Science,3086684,Yes,Referral,Contacted,Amit Verma,2024-11-20,2025-02-12,Active,92,Low,100,Canada,Merit Scholarship
ST1182,Radhika Varghese,Male,19,Indore,Madhya Pradesh,BA,ECE,6.49,8.2,Australia,Data Science,2495969,Yes,Instagram,Application,Priya Sharma,2025-01-23,2025-03-28,Active,95,Low,90,Canada,Not Eligible
ST1183,Warjas Amble,Female,20,Bhopal,Madhya Pradesh,BSc,Marketing,7.19,8.4,UK,Artificial Intelligence,828855,No,Referral,Enrolled,Amit Verma,2025-02-11,2025-04-06,Converted,93,Low,100,Germany,Not Eligible
ST1184,Varsha Hayre,Male,18,Pune,Maharashtra,BA,Marketing,7.35,6.0,UK,Artificial Intelligence,2153844,Yes,WhatsApp,Application,Rahul Singh,2025-10-24,2025-11-14,Inactive,79,Medium,78,UK,Not Eligible
ST1185,Chaitanya Ratti,Male,24,Ahmedabad,Gujarat,BSc,ECE,9.04,7.7,UK,Data Science,1472294,Yes,Seminar,Contacted,Rahul Singh,2025-09-15,2025-11-02,Active,99,Low,100,Germany,Merit Scholarship
ST1186,Harrison Shenoy,Female,28,Bangalore,Karnataka,BTech,Marketing,7.13,5.5,USA,Computer Science,2854086,Yes,WhatsApp,Offer Letter,Amit Verma,2024-07-15,2024-09-12,Inactive,80,Medium,71,USA,Not Eligible
ST1187,Kavya Patil,Male,24,Chennai,Tamil Nadu,BSc,Biotechnology,9.58,6.6,Australia,Data Science,2206853,Yes,Referral,Offer Letter,Rahul Singh,2025-02-08,2025-04-25,Inactive,99,Low,100,Australia,Merit Scholarship
ST1188,Gauri Bhattacharyya,Male,28,Mumbai,Maharashtra,BBA,Mechanical,8.98,5.5,Canada,Computer Science,3087908,Yes,WhatsApp,Counseling,Rahul Singh,2025-01-13,2025-03-26,Inactive,79,Low,89,Canada,Merit Scholarship
ST1189,Mitesh Choudhary,Female,18,Jaipur,Rajasthan,BTech,Mechanical,9.03,7.8,Australia,Computer Science,3091277,Yes,Website,New Lead,Rohit Gupta,2024-11-29,2025-01-30,Inactive,99,Low,100,Canada,Merit Scholarship
ST1190,Amara Ratta,Female,24,Hyderabad,Telangana,BTech,CSE,6.43,7.6,Canada,MBA,1232984,Yes,Website,Visa,Priya Sharma,2026-05-11,2026-06-03,Converted,78,Medium,74,Germany,Not Eligible
ST1191,Chaaya Bhat,Male,19,Delhi,Delhi,BTech,Biotechnology,6.66,6.9,UK,Business Analytics,3041002,Yes,Instagram,Counseling,Amit Verma,2025-03-31,2025-05-05,Inactive,78,Low,80,UK,Not Eligible
ST1192,Falan Narang,Male,27,Jaipur,Rajasthan,BBA,Finance,9.63,6.2,Australia,Computer Science,1737792,Yes,Referral,Offer Letter,Priya Sharma,2026-05-19,2026-09-12,Active,93,Low,100,Australia,Merit Scholarship
ST1193,Vaishnavi Halder,Male,19,Chennai,Tamil Nadu,BSc,Marketing,6.1,7.3,Canada,Business Analytics,2021239,Yes,Referral,Offer Letter,Amit Verma,2024-08-01,2024-08-04,Inactive,89,Low,93,Canada,Not Eligible
ST1194,Panini Aurora,Male,28,Indore,Madhya Pradesh,BBA,Mechanical,6.88,8.5,Australia,Finance,1687783,Yes,WhatsApp,Offer Letter,Rahul Singh,2025-11-07,2026-01-04,Inactive,81,Low,88,Canada,Not Eligible
ST1195,Varsha Mahal,Male,18,Chennai,Tamil Nadu,BCom,ECE,9.59,6.1,Australia,Cyber Security,2752996,Yes,WhatsApp,Counseling,Sneha Jain,2025-07-20,2025-08-24,Inactive,99,Low,100,Australia,Merit Scholarship
ST1196,Xalak Vaidya,Female,19,Pune,Maharashtra,BTech,Marketing,7.08,8.0,UK,Business Analytics,1648389,Yes,WhatsApp,Application,Amit Verma,2024-11-20,2025-01-27,Dropped,83,Low,85,Canada,Not Eligible
ST1197,Samaksh Parmer,Female,26,Bangalore,Karnataka,BTech,Marketing,8.08,8.1,Canada,Cyber Security,3317448,No,WhatsApp,Visa,Rahul Singh,2025-02-04,2025-02-22,Active,95,Low,100,Canada,Partial Scholarship
ST1198,Damyanti Kapur,Male,19,Jaipur,Rajasthan,BSc,CSE,9.68,7.0,Canada,Finance,1819407,Yes,Instagram,New Lead,Rahul Singh,2024-08-19,2024-08-23,Inactive,92,Low,100,Canada,Merit Scholarship
ST1199,Aryan Bal,Female,19,Bhopal,Madhya Pradesh,BBA,Biotechnology,9.11,7.7,Canada,MBA,1033709,Yes,Instagram,New Lead,Rohit Gupta,2025-08-10,2025-08-24,Dropped,93,Low,100,Germany,Merit Scholarship
ST1200,Rajeshri Morar,Male,25,Jaipur,Rajasthan,BSc,CSE,6.07,8.2,Australia,Computer Science,2714490,No,Seminar,Counseling,Amit Verma,2025-11-18,2026-02-19,Dropped,79,Low,86,Canada,Not Eligible
ST1201,Dayita Seshadri,Male,21,Jaipur,Rajasthan,BBA,Marketing,6.17,6.7,Australia,Finance,3312730,No,Instagram,Counseling,Sneha Jain,2024-10-04,2024-12-09,Active,65,Medium,73,Australia,Not Eligible
ST1202,Yash Borde,Male,18,Delhi,Delhi,BCom,Biotechnology,6.75,8.3,UK,Artificial Intelligence,2627227,Yes,WhatsApp,New Lead,Sneha Jain,2026-02-08,2026-04-18,Active,87,Low,95,Canada,Not Eligible
ST1203,Warda Kale,Male,23,Ahmedabad,Gujarat,BSc,CSE,9.01,6.1,Australia,MBA,2105299,Yes,Website,New Lead,Amit Verma,2025-07-03,2025-09-12,Active,99,Low,95,Australia,Merit Scholarship
ST1204,Lipika Dora,Female,26,Mumbai,Maharashtra,BTech,Mechanical,8.28,5.7,Australia,Artificial Intelligence,1664325,No,Instagram,Application,Rahul Singh,2025-01-28,2025-03-19,Active,67,Medium,74,Australia,Partial Scholarship
ST1205,Chandresh Mittal,Female,22,Hyderabad,Telangana,BTech,Mechanical,6.71,8.2,Australia,Cyber Security,3207461,No,Referral,Contacted,Rahul Singh,2026-05-17,2026-07-31,Dropped,99,Low,100,Canada,Not Eligible
ST1206,Geetika Rai,Male,25,Indore,Madhya Pradesh,BA,Biotechnology,8.65,5.6,Australia,Data Science,2828386,Yes,Referral,Documents,Priya Sharma,2025-09-21,2025-09-22,Inactive,96,Low,100,Australia,Merit Scholarship
ST1207,Abhimanyu Khosla,Male,20,Indore,Madhya Pradesh,BA,Biotechnology,7.04,6.0,Australia,MBA,2128362,No,Instagram,Enrolled,Sneha Jain,2025-07-15,2025-10-16,Converted,76,Medium,75,Australia,Not Eligible
ST1208,Adweta Sidhu,Male,25,Hyderabad,Telangana,BBA,Biotechnology,7.03,7.6,Australia,Artificial Intelligence,1356540,No,WhatsApp,Visa,Priya Sharma,2024-12-17,2025-03-17,Converted,84,Low,80,Germany,Not Eligible
ST1209,Libni Minhas,Female,20,Delhi,Delhi,BTech,Marketing,8.14,6.6,Australia,Cyber Security,2393202,Yes,Seminar,Contacted,Rahul Singh,2025-01-11,2025-04-11,Inactive,93,Low,91,Australia,Partial Scholarship
ST1210,Krisha Dalal,Female,25,Bhopal,Madhya Pradesh,BTech,Marketing,9.35,7.2,Australia,Artificial Intelligence,1756158,Yes,Website,New Lead,Rahul Singh,2024-07-01,2024-08-07,Inactive,97,Low,100,Canada,Merit Scholarship
ST1211,Chandani Gole,Male,28,Delhi,Delhi,BCom,Biotechnology,7.11,6.6,Canada,Artificial Intelligence,1065290,No,WhatsApp,Visa,Sneha Jain,2025-04-15,2025-04-22,Converted,68,Medium,71,Germany,Not Eligible
ST1212,Aarnav Zachariah,Female,21,Ahmedabad,Gujarat,BCom,CSE,7.39,5.6,USA,Computer Science,2632072,No,WhatsApp,Counseling,Rahul Singh,2024-06-30,2024-09-15,Inactive,63,Medium,73,USA,Not Eligible
ST1213,Advay Barman,Male,26,Ahmedabad,Gujarat,BCom,ECE,6.07,5.6,Germany,Computer Science,1419376,Yes,Website,Enrolled,Rahul Singh,2025-08-21,2025-10-02,Converted,56,High,50,Germany,Not Eligible
ST1214,Victor Nair,Male,27,Indore,Madhya Pradesh,BSc,Biotechnology,6.76,7.7,Canada,Cyber Security,2000819,No,WhatsApp,Enrolled,Rohit Gupta,2024-07-06,2024-07-08,Converted,91,Low,89,Canada,Not Eligible
ST1215,Fariq Sule,Male,22,Jaipur,Rajasthan,BBA,IT,8.49,5.6,UK,Computer Science,1669242,Yes,Website,Enrolled,Sneha Jain,2026-03-26,2026-03-31,Converted,70,Medium,74,UK,Partial Scholarship
ST1216,Ira Jayaraman,Male,19,Delhi,Delhi,BTech,Mechanical,8.84,6.9,USA,Artificial Intelligence,2660383,Yes,Referral,Documents,Rahul Singh,2026-02-16,2026-06-11,Inactive,99,Low,100,USA,Merit Scholarship
ST1217,Owen Kari,Male,18,Chennai,Tamil Nadu,BTech,Mechanical,6.89,5.8,Australia,Finance,2462908,No,Seminar,Visa,Priya Sharma,2025-08-30,2025-09-17,Converted,80,Medium,70,Australia,Not Eligible
ST1218,Veda Sant,Male,20,Pune,Maharashtra,BTech,IT,9.0,8.4,UK,Data Science,1974369,Yes,Seminar,New Lead,Rohit Gupta,2024-07-13,2024-09-25,Dropped,99,Low,100,Canada,Merit Scholarship
ST1219,Jasmit Kashyap,Male,20,Delhi,Delhi,BSc,Marketing,8.7,7.9,Canada,Finance,1717161,Yes,Referral,Contacted,Amit Verma,2025-05-13,2025-06-07,Dropped,91,Low,100,Canada,Merit Scholarship
ST1220,Charles Narula,Female,28,Bangalore,Karnataka,BA,ECE,8.41,7.4,Australia,Finance,2036669,No,Instagram,Documents,Sneha Jain,2025-10-02,2025-11-13,Active,99,Low,100,Canada,Partial Scholarship
ST1221,Kabir Nayak,Male,21,Delhi,Delhi,BCom,Marketing,7.63,7.8,Australia,Cyber Security,1651043,No,Referral,Enrolled,Amit Verma,2024-07-20,2024-11-02,Converted,99,Low,100,Canada,Partial Scholarship
ST1222,Ekbal Mahajan,Male,23,Delhi,Delhi,BTech,Mechanical,6.95,6.1,Germany,Artificial Intelligence,840050,Yes,Instagram,Visa,Rohit Gupta,2025-03-23,2025-06-05,Converted,55,Medium,64,Germany,Not Eligible
ST1223,Yochana Bhavsar,Female,22,Indore,Madhya Pradesh,BSc,IT,6.25,6.9,Germany,Artificial Intelligence,1347541,Yes,Website,Contacted,Rohit Gupta,2025-06-18,2025-08-14,Active,61,Medium,66,Germany,Not Eligible
ST1224,Gavin Puri,Male,25,Ahmedabad,Gujarat,BBA,IT,7.95,7.7,Australia,Data Science,1556989,No,Instagram,Visa,Rahul Singh,2026-05-29,2026-08-25,Converted,93,Low,91,Canada,Partial Scholarship
ST1225,Tamanna Mani,Female,18,Ahmedabad,Gujarat,BBA,Finance,6.99,8.1,UK,Artificial Intelligence,3094878,Yes,Referral,Offer Letter,Rohit Gupta,2025-02-26,2025-04-29,Dropped,99,Low,100,Canada,Not Eligible
ST1226,Ekiya Mukhopadhyay,Male,21,Mumbai,Maharashtra,BTech,IT,9.76,7.9,UK,Data Science,2887103,Yes,Website,Visa,Rohit Gupta,2024-08-07,2024-09-05,Active,95,Low,100,Canada,Merit Scholarship
ST1227,Januja Chauhan,Female,20,Pune,Maharashtra,BBA,CSE,8.65,6.3,Canada,Cyber Security,2251939,Yes,Referral,Visa,Rohit Gupta,2024-12-23,2025-01-03,Converted,96,Low,100,Canada,Merit Scholarship
ST1228,Jagrati Sood,Male,26,Indore,Madhya Pradesh,BTech,ECE,7.63,6.8,Germany,Computer Science,1300604,Yes,Referral,Enrolled,Rohit Gupta,2026-01-23,2026-05-12,Converted,92,Low,93,Germany,Partial Scholarship
ST1229,Atharv Sethi,Male,19,Bangalore,Karnataka,BA,Marketing,6.54,7.2,USA,Finance,3434763,No,WhatsApp,Visa,Priya Sharma,2026-01-31,2026-05-31,Converted,80,Low,82,Canada,Not Eligible
ST1230,Jackson Garde,Female,24,Delhi,Delhi,BBA,IT,6.9,7.4,Canada,Cyber Security,828861,Yes,Referral,Visa,Rohit Gupta,2025-11-02,2026-01-17,Converted,99,Low,93,Germany,Not Eligible
ST1231,Netra Taneja,Female,25,Indore,Madhya Pradesh,BSc,IT,6.34,6.2,UK,Business Analytics,2055822,Yes,Seminar,Visa,Sneha Jain,2026-03-02,2026-03-23,Active,64,Medium,70,UK,Not Eligible
ST1232,Indali Mital,Female,27,Bangalore,Karnataka,BCom,CSE,9.63,7.4,UK,Cyber Security,3179456,Yes,Seminar,New Lead,Priya Sharma,2025-01-07,2025-02-17,Active,95,Low,100,Canada,Merit Scholarship
ST1233,Ishanvi Kalla,Female,23,Jaipur,Rajasthan,BCom,IT,8.37,8.4,UK,Artificial Intelligence,1846884,No,WhatsApp,Contacted,Sneha Jain,2025-08-16,2025-10-22,Active,96,Low,100,Canada,Partial Scholarship
ST1234,Peter Borra,Female,24,Jaipur,Rajasthan,BTech,Marketing,7.68,7.8,UK,Computer Science,1737119,No,Referral,Offer Letter,Amit Verma,2024-12-29,2025-03-24,Inactive,96,Low,100,Canada,Partial Scholarship
ST1235,Advik Sarna,Male,24,Hyderabad,Telangana,BSc,ECE,8.09,5.7,Australia,Computer Science,1545444,No,Website,Documents,Rahul Singh,2025-05-26,2025-06-23,Active,70,Medium,72,Australia,Partial Scholarship
ST1236,Yug Kashyap,Female,23,Bhopal,Madhya Pradesh,BCom,Biotechnology,7.7,6.3,Germany,Artificial Intelligence,1284580,No,Website,Counseling,Amit Verma,2026-01-16,2026-03-22,Inactive,71,Medium,74,Germany,Partial Scholarship
ST1237,Ishani Swaminathan,Male,22,Ahmedabad,Gujarat,BA,CSE,6.98,7.4,Australia,Business Analytics,1964509,No,Seminar,New Lead,Rahul Singh,2024-06-26,2024-09-24,Active,77,Medium,78,Canada,Not Eligible
ST1238,Warinder Sawhney,Female,28,Hyderabad,Telangana,BA,ECE,8.43,8.0,UK,Computer Science,2136860,No,Website,New Lead,Sneha Jain,2024-10-27,2024-12-31,Active,94,Low,100,Canada,Partial Scholarship
ST1239,Oeshi Halder,Male,26,Chennai,Tamil Nadu,BCom,Mechanical,9.2,6.5,UK,Business Analytics,2288286,Yes,Referral,Documents,Sneha Jain,2024-07-21,2024-09-09,Dropped,99,Low,100,UK,Merit Scholarship
ST1240,Chameli Panchal,Male,26,Pune,Maharashtra,BSc,Biotechnology,6.23,7.9,Canada,Computer Science,3275188,No,Instagram,Visa,Sneha Jain,2026-03-18,2026-04-11,Converted,83,Low,86,Canada,Not Eligible
ST1241,Ekani Shah,Male,21,Mumbai,Maharashtra,BBA,CSE,7.13,6.7,Canada,Artificial Intelligence,1277220,Yes,Instagram,Visa,Rahul Singh,2024-06-17,2024-09-11,Converted,66,Medium,73,Germany,Not Eligible
ST1242,Kashvi Babu,Female,20,Indore,Madhya Pradesh,BSc,Finance,6.42,6.9,USA,Artificial Intelligence,2645190,No,WhatsApp,Enrolled,Amit Verma,2024-12-04,2025-02-20,Converted,72,Medium,78,USA,Not Eligible
ST1243,Jackson Warrior,Female,26,Delhi,Delhi,BBA,ECE,7.31,6.5,Australia,Artificial Intelligence,1573448,Yes,Website,Visa,Sneha Jain,2024-09-23,2025-01-17,Active,73,Medium,73,Australia,Not Eligible
ST1244,Meera Chacko,Male,18,Indore,Madhya Pradesh,BA,CSE,6.78,6.5,USA,Finance,2817209,Yes,Seminar,Enrolled,Rahul Singh,2025-05-24,2025-09-15,Converted,69,Medium,77,USA,Not Eligible
ST1245,Pushti Choudhry,Female,28,Indore,Madhya Pradesh,BTech,CSE,8.5,6.5,Canada,Finance,3178103,Yes,Website,Application,Sneha Jain,2026-02-12,2026-06-08,Dropped,91,Low,95,Canada,Merit Scholarship
ST1246,Tanvi Parmer,Female,26,Chennai,Tamil Nadu,BA,Marketing,6.02,7.5,Australia,Business Analytics,3204902,Yes,WhatsApp,Visa,Amit Verma,2024-09-15,2025-01-08,Converted,77,Low,80,Canada,Not Eligible
ST1247,Jagvi Sanghvi,Female,19,Delhi,Delhi,BCom,Biotechnology,9.06,6.4,Canada,Computer Science,2143194,Yes,WhatsApp,Visa,Sneha Jain,2025-05-08,2025-06-25,Active,99,Low,99,Canada,Merit Scholarship
ST1248,Januja Gala,Male,21,Hyderabad,Telangana,BBA,Finance,9.11,8.5,UK,Computer Science,1134530,Yes,Referral,Counseling,Amit Verma,2025-04-27,2025-07-04,Inactive,99,Low,100,Germany,Merit Scholarship
ST1249,Dipta Rao,Male,27,Hyderabad,Telangana,BTech,CSE,6.64,5.9,UK,Business Analytics,3009130,Yes,Referral,Counseling,Priya Sharma,2024-12-10,2025-02-19,Inactive,90,Low,85,UK,Not Eligible
ST1250,Isha Bava,Female,21,Ahmedabad,Gujarat,BBA,IT,8.58,7.5,Canada,Cyber Security,1716464,Yes,Instagram,New Lead,Sneha Jain,2025-10-11,2025-10-26,Inactive,86,Low,95,Canada,Merit Scholarship
ST1251,Keya Comar,Male,22,Bangalore,Karnataka,BTech,Finance,7.57,6.6,Germany,Cyber Security,1250225,Yes,WhatsApp,Application,Rohit Gupta,2026-05-07,2026-08-30,Active,72,Medium,75,Germany,Partial Scholarship
ST1252,Kala Shukla,Male,22,Delhi,Delhi,BSc,ECE,6.32,7.3,USA,MBA,3353876,Yes,Instagram,Documents,Amit Verma,2024-10-15,2024-10-22,Inactive,76,Low,81,Canada,Not Eligible
ST1253,Advika Ghosh,Female,22,Bhopal,Madhya Pradesh,BSc,CSE,9.47,7.9,Canada,Artificial Intelligence,1446576,Yes,Referral,Enrolled,Rahul Singh,2024-11-09,2025-02-18,Converted,99,Low,100,Germany,Merit Scholarship
ST1254,Zayan Sharaf,Male,28,Chennai,Tamil Nadu,BA,CSE,9.61,7.3,Canada,Computer Science,2766545,Yes,Referral,New Lead,Amit Verma,2025-11-08,2026-01-05,Inactive,99,Low,100,Canada,Merit Scholarship
ST1255,Upasna Srinivas,Female,20,Jaipur,Rajasthan,BTech,Biotechnology,7.06,6.3,UK,MBA,2766840,Yes,Seminar,Contacted,Priya Sharma,2024-12-09,2025-03-08,Active,83,Medium,77,UK,Not Eligible
ST1256,Hiral Kuruvilla,Male,28,Indore,Madhya Pradesh,BSc,Biotechnology,9.73,6.1,Canada,Business Analytics,1762312,Yes,WhatsApp,Offer Letter,Sneha Jain,2024-09-08,2024-10-12,Active,96,Low,92,Canada,Merit Scholarship
ST1257,Mugdha Hans,Male,25,Indore,Madhya Pradesh,BCom,CSE,8.84,7.6,Australia,Artificial Intelligence,3396951,Yes,Website,Enrolled,Amit Verma,2026-05-25,2026-05-30,Converted,90,Low,100,Canada,Merit Scholarship
ST1258,Nandini Gola,Male,28,Ahmedabad,Gujarat,BSc,IT,9.35,7.7,Australia,MBA,804886,Yes,Seminar,Contacted,Priya Sharma,2026-05-30,2026-09-05,Inactive,97,Low,100,Germany,Merit Scholarship
ST1259,Kiaan Sachdeva,Female,18,Ahmedabad,Gujarat,BSc,Biotechnology,8.75,6.8,Canada,Cyber Security,2012965,Yes,Instagram,Application,Sneha Jain,2025-05-28,2025-06-25,Dropped,99,Low,99,Canada,Merit Scholarship
ST1260,Nikita Chandran,Female,23,Mumbai,Maharashtra,BBA,CSE,7.26,7.3,Canada,Business Analytics,3471053,Yes,Website,Visa,Sneha Jain,2026-05-31,2026-06-26,Converted,94,Low,90,Canada,Not Eligible
ST1261,Waida Wason,Female,21,Indore,Madhya Pradesh,BBA,Mechanical,9.51,6.8,Australia,Artificial Intelligence,2140208,Yes,Instagram,New Lead,Sneha Jain,2026-02-02,2026-03-16,Active,95,Low,100,Australia,Merit Scholarship
ST1262,Kavya Brahmbhatt,Male,22,Indore,Madhya Pradesh,BSc,Biotechnology,6.35,5.8,Canada,Computer Science,2054099,No,Instagram,Enrolled,Rahul Singh,2025-08-12,2025-12-07,Converted,75,Medium,65,Canada,Not Eligible
ST1263,Nisha Palla,Male,19,Hyderabad,Telangana,BCom,IT,8.8,8.0,Australia,Data Science,1728791,Yes,Instagram,Enrolled,Rohit Gupta,2025-07-07,2025-07-14,Converted,99,Low,100,Canada,Merit Scholarship
ST1264,Udyati Munshi,Male,22,Pune,Maharashtra,BSc,Finance,8.65,7.9,Canada,Artificial Intelligence,1291530,Yes,Instagram,Application,Amit Verma,2025-06-22,2025-07-01,Inactive,99,Low,100,Germany,Merit Scholarship
ST1265,Girik Hayre,Male,25,Hyderabad,Telangana,BSc,Marketing,9.79,8.1,Canada,MBA,2676511,Yes,Website,Enrolled,Sneha Jain,2025-03-31,2025-05-04,Converted,95,Low,100,Canada,Merit Scholarship
ST1266,Hamsini Devi,Female,20,Bhopal,Madhya Pradesh,BBA,IT,9.66,6.1,Canada,Finance,2560495,Yes,Website,Visa,Rohit Gupta,2024-06-15,2024-09-20,Converted,99,Low,100,Canada,Merit Scholarship
ST1267,Forum Mallick,Male,20,Ahmedabad,Gujarat,BBA,Biotechnology,9.48,7.3,Germany,Business Analytics,1122901,Yes,Website,Visa,Priya Sharma,2024-09-25,2024-10-25,Active,99,Low,100,Germany,Merit Scholarship
ST1268,Gopal Vala,Male,19,Jaipur,Rajasthan,BA,Biotechnology,8.22,5.5,Germany,Cyber Security,992798,Yes,Seminar,Offer Letter,Rahul Singh,2024-09-28,2024-11-10,Dropped,64,Medium,72,Germany,Partial Scholarship
ST1269,Mugdha Sethi,Female,23,Bangalore,Karnataka,BSc,CSE,6.65,7.6,Australia,Data Science,2858696,Yes,Seminar,Enrolled,Sneha Jain,2026-01-02,2026-04-25,Converted,85,Low,86,Canada,Not Eligible
ST1270,Sanya Rastogi,Male,19,Mumbai,Maharashtra,BTech,Marketing,8.3,6.3,UK,Artificial Intelligence,2265756,Yes,Referral,Documents,Priya Sharma,2024-11-28,2025-03-20,Active,90,Low,100,UK,Partial Scholarship
ST1271,Jackson Nagy,Male,20,Delhi,Delhi,BCom,Mechanical,7.49,7.5,UK,Cyber Security,939174,No,WhatsApp,Application,Amit Verma,2024-06-16,2024-10-14,Active,87,Low,84,Germany,Not Eligible
ST1272,Hritik Sekhon,Male,20,Ahmedabad,Gujarat,BTech,ECE,6.2,7.8,UK,Data Science,2269026,No,Website,Counseling,Sneha Jain,2025-01-24,2025-04-21,Dropped,77,Low,85,Canada,Not Eligible
ST1273,Ekapad Mane,Male,19,Delhi,Delhi,BTech,Biotechnology,9.38,6.2,Australia,Cyber Security,1562733,Yes,Instagram,Enrolled,Rahul Singh,2025-09-08,2025-11-03,Converted,82,Low,90,Australia,Merit Scholarship
ST1274,Riya Cherian,Male,18,Ahmedabad,Gujarat,BCom,Biotechnology,8.26,5.6,Canada,Cyber Security,862142,Yes,Instagram,Application,Rohit Gupta,2025-12-13,2026-02-28,Active,79,Medium,72,Germany,Partial Scholarship
ST1275,Deepa Sami,Male,27,Jaipur,Rajasthan,BSc,Finance,7.43,7.4,Canada,Artificial Intelligence,1821810,No,Instagram,Contacted,Amit Verma,2026-02-11,2026-06-09,Inactive,74,Low,83,Canada,Not Eligible
ST1276,Manya Taneja,Male,27,Indore,Madhya Pradesh,BSc,IT,6.37,7.5,UK,Cyber Security,3436184,No,Website,Offer Letter,Priya Sharma,2025-02-22,2025-06-13,Inactive,85,Low,83,Canada,Not Eligible
ST1277,Falan Kapadia,Male,24,Bhopal,Madhya Pradesh,BA,Biotechnology,8.82,6.5,UK,Finance,2762300,Yes,Instagram,Visa,Rahul Singh,2026-05-13,2026-05-30,Converted,99,Low,98,UK,Merit Scholarship
ST1278,Gabriel Mukherjee,Male,28,Pune,Maharashtra,BCom,Finance,8.4,7.7,UK,Computer Science,2780951,Yes,WhatsApp,Visa,Sneha Jain,2025-07-06,2025-07-18,Active,91,Low,100,Canada,Partial Scholarship
ST1279,Osha Chowdhury,Female,24,Hyderabad,Telangana,BCom,Mechanical,7.87,6.3,Australia,Artificial Intelligence,2967062,Yes,Seminar,Contacted,Sneha Jain,2024-08-16,2024-09-21,Active,82,Low,85,Australia,Partial Scholarship
ST1280,Yadavi Suri,Male,28,Chennai,Tamil Nadu,BCom,IT,6.06,7.2,Australia,Artificial Intelligence,2933882,Yes,Website,Offer Letter,Priya Sharma,2025-01-08,2025-03-31,Active,82,Medium,77,Canada,Not Eligible
ST1281,Tara Khurana,Female,24,Mumbai,Maharashtra,BSc,Biotechnology,9.69,6.2,Australia,Business Analytics,2610491,Yes,Instagram,New Lead,Sneha Jain,2024-12-05,2025-02-25,Active,99,Low,100,Australia,Merit Scholarship
ST1282,Adya Upadhyay,Male,21,Chennai,Tamil Nadu,BTech,Marketing,7.32,7.3,Australia,Data Science,2698821,Yes,WhatsApp,Offer Letter,Rohit Gupta,2025-07-28,2025-09-24,Active,82,Low,91,Canada,Not Eligible
ST1283,Udyati Borde,Female,19,Pune,Maharashtra,BSc,Finance,9.26,7.4,USA,Artificial Intelligence,2975439,Yes,Instagram,Enrolled,Rahul Singh,2025-04-08,2025-06-26,Converted,97,Low,100,Canada,Merit Scholarship
ST1284,Gauri Raj,Female,24,Bhopal,Madhya Pradesh,BBA,Mechanical,8.95,5.6,Canada,Data Science,1132280,Yes,WhatsApp,Visa,Amit Verma,2025-08-03,2025-08-21,Converted,79,Medium,79,Germany,Merit Scholarship
ST1285,Pavani Sheth,Female,25,Pune,Maharashtra,BBA,Biotechnology,8.0,7.9,Australia,Cyber Security,2592450,No,Website,Visa,Amit Verma,2025-05-15,2025-08-16,Active,99,Low,100,Canada,Partial Scholarship
ST1286,Arjun Kara,Female,26,Bangalore,Karnataka,BBA,IT,6.7,7.3,UK,Artificial Intelligence,3045094,No,Website,Enrolled,Rohit Gupta,2024-08-27,2024-11-17,Converted,85,Low,85,Canada,Not Eligible
ST1287,Wridesh Srivastava,Female,27,Indore,Madhya Pradesh,BTech,Mechanical,6.85,6.0,USA,Computer Science,3332602,No,Seminar,New Lead,Rohit Gupta,2024-12-24,2025-01-30,Dropped,82,Medium,73,USA,Not Eligible
ST1288,Unnati Walia,Male,20,Bangalore,Karnataka,BA,Marketing,9.16,6.9,Canada,MBA,3262493,Yes,Instagram,Documents,Sneha Jain,2024-12-22,2025-02-13,Dropped,99,Low,100,Canada,Merit Scholarship
ST1289,Megha Rajagopal,Male,23,Indore,Madhya Pradesh,BA,ECE,7.11,8.1,Canada,Data Science,1288308,No,Referral,Documents,Priya Sharma,2024-09-15,2024-12-17,Inactive,99,Low,100,Germany,Not Eligible
ST1290,Faqid Barman,Male,25,Pune,Maharashtra,BA,Marketing,6.12,8.3,UK,Data Science,3017056,Yes,Website,Visa,Priya Sharma,2025-01-03,2025-04-15,Active,91,Low,89,Canada,Not Eligible
ST1291,Kritika Date,Female,21,Chennai,Tamil Nadu,BTech,ECE,7.3,7.8,Canada,Computer Science,2457538,No,Instagram,Documents,Amit Verma,2026-04-16,2026-07-31,Inactive,99,Low,95,Canada,Not Eligible
ST1292,Dev Bajaj,Female,22,Chennai,Tamil Nadu,BSc,Biotechnology,7.86,7.8,Canada,Data Science,2095692,Yes,Instagram,Offer Letter,Sneha Jain,2026-04-24,2026-06-14,Dropped,99,Low,100,Canada,Partial Scholarship
ST1293,Vritti Nagy,Male,26,Ahmedabad,Gujarat,BCom,IT,6.97,8.1,Canada,Finance,1630634,No,Instagram,Visa,Sneha Jain,2026-04-01,2026-04-10,Converted,89,Low,84,Canada,Not Eligible
ST1294,Vedika Narula,Female,20,Mumbai,Maharashtra,BSc,Biotechnology,8.25,6.2,UK,Finance,2460974,No,Instagram,Contacted,Priya Sharma,2026-01-11,2026-05-02,Inactive,96,Low,89,UK,Partial Scholarship
ST1295,Sara Sandhu,Male,21,Indore,Madhya Pradesh,BSc,Marketing,7.19,5.9,UK,Computer Science,1643256,Yes,Referral,Enrolled,Priya Sharma,2024-10-28,2025-01-07,Converted,73,Low,80,UK,Not Eligible
ST1296,Rudra Sama,Male,22,Pune,Maharashtra,BTech,Marketing,7.81,6.0,UK,Finance,2414019,Yes,Website,Documents,Amit Verma,2026-03-08,2026-05-25,Active,81,Low,83,UK,Partial Scholarship
ST1297,Girik Grover,Female,24,Chennai,Tamil Nadu,BSc,IT,6.19,6.5,Canada,MBA,1658033,Yes,Referral,Enrolled,Rohit Gupta,2025-04-21,2025-05-29,Converted,81,Medium,76,Canada,Not Eligible
ST1298,Ranbir Murthy,Female,28,Chennai,Tamil Nadu,BA,Biotechnology,7.64,7.6,UK,Business Analytics,1712304,No,Instagram,Contacted,Priya Sharma,2025-01-14,2025-03-18,Dropped,88,Low,86,Canada,Partial Scholarship
ST1299,Gauri Barad,Male,18,Bhopal,Madhya Pradesh,BTech,Marketing,8.45,5.9,UK,MBA,3204988,Yes,Instagram,Visa,Sneha Jain,2026-05-08,2026-06-15,Converted,90,Low,88,UK,Partial Scholarship
ST1300,Chakrika Batra,Male,26,Mumbai,Maharashtra,BA,IT,9.79,5.5,Canada,Finance,2361378,Yes,WhatsApp,Enrolled,Sneha Jain,2024-08-28,2024-12-09,Converted,88,Low,97,Canada,Merit Scholarship
ST1301,Anthony Dhaliwal,Male,25,Mumbai,Maharashtra,BCom,Mechanical,8.81,7.7,Australia,Computer Science,1909073,Yes,Referral,Enrolled,Rohit Gupta,2024-09-02,2024-10-12,Converted,99,Low,100,Canada,Merit Scholarship
ST1302,Vrishti Hora,Male,22,Mumbai,Maharashtra,BBA,Biotechnology,6.43,7.1,UK,MBA,3347403,No,WhatsApp,Visa,Priya Sharma,2025-10-23,2025-10-27,Active,87,Medium,79,Canada,Not Eligible
ST1303,Ucchal Manne,Male,19,Mumbai,Maharashtra,BBA,ECE,7.87,7.8,Australia,MBA,1373599,No,Seminar,Enrolled,Rohit Gupta,2026-01-18,2026-05-16,Converted,87,Low,91,Germany,Partial Scholarship
ST1304,Sanya Choudhary,Male,18,Chennai,Tamil Nadu,BA,Biotechnology,8.44,5.9,Australia,MBA,1809475,No,Website,Offer Letter,Rohit Gupta,2025-02-11,2025-02-27,Active,83,Medium,78,Australia,Partial Scholarship
ST1305,Saksham Karnik,Female,23,Ahmedabad,Gujarat,BSc,Finance,6.57,7.6,Canada,Computer Science,1989288,Yes,WhatsApp,Enrolled,Rohit Gupta,2025-02-09,2025-02-28,Converted,67,Medium,75,Canada,Not Eligible
ST1306,Darpan Kothari,Female,24,Ahmedabad,Gujarat,BSc,IT,6.37,5.8,Australia,Data Science,2255165,Yes,Instagram,Application,Priya Sharma,2024-09-22,2024-09-24,Active,63,Medium,65,Australia,Not Eligible
ST1307,Gauri Raja,Female,27,Chennai,Tamil Nadu,BCom,Mechanical,7.22,7.8,Australia,Artificial Intelligence,1918207,Yes,Website,Contacted,Rahul Singh,2024-12-21,2025-01-22,Dropped,87,Low,85,Canada,Not Eligible
ST1308,Veda Deep,Female,22,Ahmedabad,Gujarat,BTech,ECE,8.01,8.4,UK,Finance,1221571,No,Website,Offer Letter,Rahul Singh,2026-02-28,2026-03-12,Dropped,99,Low,99,Germany,Partial Scholarship
ST1309,Yashodhara Kanda,Male,27,Delhi,Delhi,BCom,Finance,8.8,6.6,Australia,Computer Science,2856810,Yes,Seminar,Enrolled,Rahul Singh,2024-11-22,2025-01-14,Converted,99,Low,98,Australia,Merit Scholarship
ST1310,Chanchal Pathak,Female,25,Bhopal,Madhya Pradesh,BSc,Finance,7.75,7.2,UK,Data Science,2728163,No,Referral,Counseling,Rohit Gupta,2025-04-22,2025-07-10,Dropped,99,Low,100,Canada,Partial Scholarship
ST1311,Anya Goda,Male,28,Jaipur,Rajasthan,BSc,Biotechnology,9.11,6.4,Germany,Data Science,1240824,Yes,WhatsApp,Contacted,Amit Verma,2024-08-21,2024-11-02,Active,90,Low,90,Germany,Merit Scholarship
ST1312,Ishaan Cheema,Female,26,Pune,Maharashtra,BBA,ECE,8.14,5.6,USA,MBA,2674480,Yes,Seminar,Enrolled,Priya Sharma,2026-03-30,2026-06-16,Converted,79,Low,81,USA,Partial Scholarship
ST1313,Ethan Shroff,Female,27,Hyderabad,Telangana,BA,IT,6.97,5.7,Australia,MBA,2699829,Yes,Website,Documents,Sneha Jain,2026-03-07,2026-03-24,Inactive,74,Medium,71,Australia,Not Eligible
ST1314,Farhan Gole,Female,21,Pune,Maharashtra,BA,Biotechnology,8.19,6.9,UK,MBA,2027987,No,Website,Application,Amit Verma,2026-04-12,2026-08-10,Dropped,96,Low,95,UK,Partial Scholarship
ST1315,Bhavna Lal,Male,26,Delhi,Delhi,BBA,IT,8.63,8.0,Canada,Artificial Intelligence,2143968,Yes,Seminar,Offer Letter,Amit Verma,2024-06-12,2024-10-06,Active,92,Low,100,Canada,Merit Scholarship
ST1316,Ikbal Sarma,Female,22,Bangalore,Karnataka,BBA,Mechanical,7.38,5.7,Germany,Cyber Security,1337000,No,Referral,Visa,Amit Verma,2025-01-22,2025-03-24,Converted,70,Low,80,Germany,Not Eligible
ST1317,Oni Kannan,Female,24,Jaipur,Rajasthan,BBA,IT,6.85,7.9,UK,Artificial Intelligence,2398558,Yes,Instagram,Counseling,Priya Sharma,2025-12-15,2026-01-25,Active,87,Low,92,Canada,Not Eligible
ST1318,Oliver Jha,Male,25,Delhi,Delhi,BTech,Mechanical,8.39,6.3,Australia,Business Analytics,2033635,Yes,Instagram,Contacted,Rohit Gupta,2024-07-23,2024-11-20,Active,81,Low,90,Australia,Partial Scholarship
ST1319,Udant Ganguly,Female,20,Ahmedabad,Gujarat,BCom,Biotechnology,7.13,6.9,UK,Business Analytics,1662409,Yes,Instagram,Contacted,Sneha Jain,2026-03-30,2026-04-12,Dropped,71,Medium,75,UK,Not Eligible
ST1320,Daksh Bassi,Female,24,Indore,Madhya Pradesh,BA,Mechanical,7.47,8.2,Canada,MBA,942866,Yes,Website,Contacted,Amit Verma,2024-09-05,2024-09-18,Dropped,80,Low,90,Germany,Not Eligible
ST1321,Gaurangi Oak,Female,22,Ahmedabad,Gujarat,BSc,Finance,7.96,5.5,Germany,Artificial Intelligence,1393208,Yes,Seminar,Enrolled,Priya Sharma,2026-05-30,2026-07-04,Converted,68,Medium,69,Germany,Partial Scholarship
ST1322,Tejas Kibe,Female,19,Bangalore,Karnataka,BA,Mechanical,6.65,7.4,Canada,MBA,2564535,No,Instagram,Documents,Rohit Gupta,2025-06-29,2025-07-11,Dropped,77,Low,85,Canada,Not Eligible
ST1323,Bina Baral,Female,26,Bangalore,Karnataka,BSc,Biotechnology,6.81,7.6,UK,Finance,1483631,Yes,WhatsApp,Contacted,Rohit Gupta,2025-06-04,2025-08-27,Active,77,Medium,78,Germany,Not Eligible
ST1324,Vamakshi Zacharia,Female,22,Mumbai,Maharashtra,BTech,Mechanical,8.58,7.5,Canada,Finance,3471553,Yes,Instagram,Application,Sneha Jain,2025-09-12,2025-09-20,Inactive,97,Low,100,Canada,Merit Scholarship
ST1325,Nitesh Som,Male,19,Mumbai,Maharashtra,BA,Mechanical,9.18,5.6,Australia,MBA,3016524,Yes,Referral,Offer Letter,Amit Verma,2026-04-23,2026-08-02,Active,97,Low,100,Australia,Merit Scholarship
ST1326,Rushil Bail,Female,24,Jaipur,Rajasthan,BSc,Finance,6.01,5.6,Canada,Cyber Security,1749763,Yes,Referral,Contacted,Rahul Singh,2024-08-15,2024-10-31,Dropped,62,Medium,65,Canada,Not Eligible
ST1327,Gauri Bandi,Male,22,Indore,Madhya Pradesh,BSc,CSE,6.96,5.6,Australia,Cyber Security,1564266,Yes,Instagram,Offer Letter,Priya Sharma,2024-06-10,2024-07-06,Dropped,57,High,59,Australia,Not Eligible
ST1328,Vrishti Lata,Male,23,Pune,Maharashtra,BTech,Marketing,9.37,6.1,USA,Computer Science,2543467,Yes,Website,Application,Sneha Jain,2026-01-31,2026-04-22,Inactive,91,Low,98,USA,Merit Scholarship
ST1329,Hitesh Varty,Male,18,Chennai,Tamil Nadu,BA,Mechanical,8.09,7.4,Australia,Computer Science,2410957,No,Instagram,Enrolled,Sneha Jain,2025-12-22,2026-03-14,Converted,99,Low,99,Canada,Partial Scholarship
ST1330,Aachal Sengupta,Male,27,Bhopal,Madhya Pradesh,BCom,IT,9.14,7.9,UK,Business Analytics,3317004,Yes,WhatsApp,Enrolled,Rohit Gupta,2024-08-02,2024-10-28,Converted,94,Low,100,Canada,Merit Scholarship
ST1331,Pallavi Gupta,Female,26,Delhi,Delhi,BA,IT,7.47,6.5,Canada,MBA,1727238,Yes,Seminar,Contacted,Rohit Gupta,2026-01-01,2026-04-03,Active,67,Medium,74,Canada,Not Eligible
ST1332,Diya Dyal,Male,22,Bhopal,Madhya Pradesh,BTech,Marketing,8.3,6.3,Germany,MBA,843800,No,WhatsApp,New Lead,Priya Sharma,2024-06-14,2024-07-23,Dropped,75,Low,80,Germany,Partial Scholarship
ST1333,Aarini Agarwal,Female,25,Bhopal,Madhya Pradesh,BBA,Finance,9.32,5.9,Canada,Cyber Security,2103182,Yes,Seminar,New Lead,Rohit Gupta,2025-03-07,2025-06-26,Dropped,99,Low,97,Canada,Merit Scholarship
ST1334,Divya Mani,Female,28,Mumbai,Maharashtra,BBA,Finance,7.98,5.7,USA,Cyber Security,2676773,No,WhatsApp,Documents,Rohit Gupta,2025-04-03,2025-06-25,Inactive,84,Low,81,USA,Partial Scholarship
ST1335,Ikshita Chana,Male,21,Bangalore,Karnataka,BA,Finance,8.29,6.6,UK,Data Science,2181330,Yes,Instagram,Application,Amit Verma,2026-02-19,2026-06-19,Active,95,Low,92,UK,Partial Scholarship
ST1336,Amara Grewal,Male,25,Jaipur,Rajasthan,BBA,Finance,9.58,8.4,Australia,MBA,3187324,Yes,WhatsApp,Counseling,Sneha Jain,2026-01-07,2026-03-01,Inactive,99,Low,100,Canada,Merit Scholarship
ST1337,Nilima Bhalla,Female,26,Chennai,Tamil Nadu,BA,IT,9.12,7.9,Canada,Business Analytics,1208008,Yes,Referral,Offer Letter,Rohit Gupta,2025-04-13,2025-05-04,Active,93,Low,100,Germany,Merit Scholarship
ST1338,Lopa Bhagat,Female,27,Delhi,Delhi,BBA,ECE,8.94,6.8,Australia,Cyber Security,2154262,Yes,Referral,New Lead,Rohit Gupta,2026-01-03,2026-04-27,Active,99,Low,100,Australia,Merit Scholarship
ST1339,Jagdish Doshi,Female,22,Bhopal,Madhya Pradesh,BBA,ECE,8.09,7.9,Canada,Artificial Intelligence,932728,Yes,Referral,Enrolled,Rahul Singh,2026-03-23,2026-07-02,Converted,98,Low,100,Germany,Partial Scholarship
ST1340,Kamala Mital,Male,24,Pune,Maharashtra,BSc,Marketing,7.37,6.2,Germany,Data Science,999750,Yes,Instagram,Visa,Sneha Jain,2026-05-08,2026-06-19,Converted,76,Medium,70,Germany,Not Eligible
ST1341,Fariq Chada,Male,25,Pune,Maharashtra,BCom,CSE,7.61,8.4,UK,Computer Science,1664419,No,Website,Application,Rohit Gupta,2025-11-04,2026-03-04,Dropped,90,Low,95,Canada,Partial Scholarship
ST1342,Harinakshi Pall,Male,18,Jaipur,Rajasthan,BTech,Marketing,8.78,6.2,Germany,Finance,1343370,Yes,Website,Offer Letter,Priya Sharma,2024-10-20,2024-10-27,Dropped,91,Low,84,Germany,Merit Scholarship
ST1343,Shivansh Kalla,Male,28,Bhopal,Madhya Pradesh,BSc,IT,6.81,6.6,USA,Computer Science,3185791,Yes,Seminar,Enrolled,Amit Verma,2026-05-05,2026-05-21,Converted,80,Medium,78,USA,Not Eligible
ST1344,Indali Chatterjee,Female,26,Ahmedabad,Gujarat,BBA,Finance,7.49,6.4,UK,Finance,2962391,Yes,Seminar,Documents,Priya Sharma,2026-03-09,2026-05-12,Active,93,Low,83,UK,Not Eligible
ST1345,Turvi Vasa,Female,19,Delhi,Delhi,BA,IT,8.18,6.2,UK,Artificial Intelligence,2409817,Yes,WhatsApp,Application,Priya Sharma,2025-07-09,2025-07-24,Inactive,98,Low,88,UK,Partial Scholarship
ST1346,Shaurya Salvi,Female,26,Ahmedabad,Gujarat,BA,CSE,9.8,6.1,Canada,Data Science,2997894,Yes,Instagram,Contacted,Priya Sharma,2024-12-25,2025-02-20,Active,99,Low,100,Canada,Merit Scholarship
ST1347,Pooja Bhagat,Female,23,Bangalore,Karnataka,BBA,Marketing,6.6,6.5,Germany,Cyber Security,1428677,No,Referral,Visa,Priya Sharma,2024-12-04,2025-03-10,Converted,80,Low,80,Germany,Not Eligible
ST1348,Banjeet Ganesan,Female,24,Bangalore,Karnataka,BCom,Mechanical,7.53,7.5,UK,Cyber Security,2160022,Yes,Website,New Lead,Rahul Singh,2025-06-11,2025-07-02,Dropped,97,Low,95,Canada,Partial Scholarship
ST1349,Yashoda Oommen,Female,20,Chennai,Tamil Nadu,BA,ECE,6.03,5.7,UK,Computer Science,2918283,No,Seminar,Contacted,Sneha Jain,2025-11-28,2026-02-01,Inactive,71,Medium,62,UK,Not Eligible
ST1350,Qushi Aurora,Female,21,Ahmedabad,Gujarat,BTech,CSE,7.24,8.4,Australia,Artificial Intelligence,2688280,No,Referral,Offer Letter,Amit Verma,2025-08-02,2025-10-19,Dropped,99,Low,100,Canada,Not Eligible
ST1351,Ekani Srinivas,Male,24,Bangalore,Karnataka,BTech,Finance,7.0,6.2,Australia,Business Analytics,3076226,Yes,Website,Enrolled,Rahul Singh,2025-08-10,2025-09-06,Converted,80,Medium,77,Australia,Not Eligible
ST1352,Naksh Nagarajan,Male,18,Delhi,Delhi,BBA,Marketing,9.07,6.1,UK,Finance,1650268,Yes,WhatsApp,Application,Priya Sharma,2024-12-08,2025-03-31,Inactive,86,Low,85,UK,Merit Scholarship
ST1353,Pooja Nazareth,Male,23,Pune,Maharashtra,BA,Finance,7.25,8.3,Australia,MBA,2837147,Yes,Referral,Visa,Priya Sharma,2026-02-10,2026-05-28,Converted,99,Low,100,Canada,Not Eligible
ST1354,Chavvi Nayak,Male,22,Pune,Maharashtra,BA,Marketing,8.17,5.5,Canada,Finance,2667709,No,Instagram,Enrolled,Priya Sharma,2026-01-08,2026-02-01,Converted,81,Low,81,Canada,Partial Scholarship
ST1355,Charles Bail,Female,23,Delhi,Delhi,BBA,Marketing,7.8,5.8,Canada,Artificial Intelligence,2851230,Yes,WhatsApp,Counseling,Amit Verma,2025-09-05,2025-12-18,Active,77,Low,80,Canada,Partial Scholarship
ST1356,Hema Bakshi,Male,28,Hyderabad,Telangana,BA,Finance,7.07,7.7,Australia,Computer Science,2259920,No,WhatsApp,Offer Letter,Priya Sharma,2024-09-26,2025-01-01,Inactive,98,Low,92,Canada,Not Eligible
ST1357,Vrishti Chanda,Female,21,Chennai,Tamil Nadu,BSc,Marketing,9.06,8.0,Australia,Artificial Intelligence,1384229,Yes,Referral,Application,Amit Verma,2024-12-22,2025-02-07,Inactive,96,Low,100,Germany,Merit Scholarship
ST1358,Theodore Narang,Male,26,Bangalore,Karnataka,BA,CSE,6.58,6.3,Germany,Artificial Intelligence,929992,No,Referral,Documents,Priya Sharma,2025-01-16,2025-02-28,Dropped,70,Medium,77,Germany,Not Eligible
ST1359,Upadhriti Goyal,Female,22,Mumbai,Maharashtra,BBA,Biotechnology,6.37,8.0,Canada,Cyber Security,1963887,No,Instagram,Visa,Rohit Gupta,2026-01-08,2026-04-16,Active,78,Medium,78,Canada,Not Eligible
ST1360,Vaishnavi Dhingra,Female,25,Bhopal,Madhya Pradesh,BA,Biotechnology,9.0,6.0,UK,Computer Science,2388530,Yes,WhatsApp,Enrolled,Priya Sharma,2026-01-31,2026-02-14,Converted,99,Low,95,UK,Merit Scholarship
ST1361,Neha Rama,Female,25,Hyderabad,Telangana,BCom,Biotechnology,8.94,5.9,Germany,Artificial Intelligence,829707,Yes,Instagram,Visa,Amit Verma,2024-11-16,2025-01-12,Active,80,Low,83,Germany,Merit Scholarship
ST1362,Ekanta Vaidya,Male,25,Mumbai,Maharashtra,BSc,CSE,7.81,6.9,Australia,MBA,2007069,No,Seminar,Enrolled,Rohit Gupta,2025-04-27,2025-08-18,Converted,99,Low,92,Australia,Partial Scholarship
ST1363,Akshay Vala,Male,18,Bhopal,Madhya Pradesh,BTech,Marketing,9.32,7.0,UK,Data Science,2358561,Yes,Website,Contacted,Rahul Singh,2026-03-24,2026-07-21,Dropped,99,Low,100,Canada,Merit Scholarship
ST1364,Brinda Peri,Male,18,Delhi,Delhi,BSc,Marketing,7.68,8.3,UK,Finance,2982462,No,Website,Offer Letter,Sneha Jain,2024-11-24,2024-12-15,Dropped,97,Low,100,Canada,Partial Scholarship
ST1365,Aryan Bhatnagar,Female,20,Ahmedabad,Gujarat,BA,CSE,8.71,5.7,Germany,Data Science,1398251,Yes,Instagram,Offer Letter,Priya Sharma,2025-08-29,2025-10-17,Inactive,76,Medium,79,Germany,Merit Scholarship
ST1366,Ekaja Mistry,Male,20,Chennai,Tamil Nadu,BA,Biotechnology,7.94,6.4,Australia,Finance,2833010,No,Website,Counseling,Sneha Jain,2026-04-16,2026-08-01,Active,84,Low,88,Australia,Partial Scholarship
ST1367,Sneha Hegde,Female,19,Mumbai,Maharashtra,BSc,Finance,7.02,6.0,Germany,Computer Science,1076927,No,Website,Enrolled,Priya Sharma,2025-02-02,2025-05-08,Converted,67,Medium,65,Germany,Not Eligible
ST1368,Baghyawati Din,Female,21,Bangalore,Karnataka,BTech,Mechanical,6.7,7.8,UK,Data Science,2431231,No,WhatsApp,Contacted,Rohit Gupta,2025-09-12,2026-01-06,Dropped,85,Low,90,Canada,Not Eligible
ST1369,Indrajit Sidhu,Male,27,Ahmedabad,Gujarat,BTech,Marketing,9.28,7.8,Australia,Business Analytics,3376388,Yes,Website,Counseling,Rahul Singh,2024-10-11,2024-11-07,Inactive,91,Low,100,Canada,Merit Scholarship
ST1370,Kai Bora,Male,25,Jaipur,Rajasthan,BSc,CSE,8.68,8.2,Canada,MBA,1092420,Yes,Referral,Visa,Rahul Singh,2025-08-31,2025-12-03,Converted,95,Low,100,Germany,Merit Scholarship
ST1371,Vasatika Kohli,Female,20,Mumbai,Maharashtra,BCom,Finance,6.34,6.1,Canada,Cyber Security,2717364,Yes,Seminar,Enrolled,Sneha Jain,2025-03-08,2025-05-01,Converted,59,Medium,68,Canada,Not Eligible
ST1372,Ansh Grewal,Female,27,Chennai,Tamil Nadu,BTech,Marketing,6.41,7.8,Australia,Business Analytics,1778578,Yes,Referral,Application,Rahul Singh,2026-04-19,2026-06-25,Inactive,93,Low,92,Canada,Not Eligible
ST1373,Ira Mann,Male,26,Jaipur,Rajasthan,BBA,Finance,6.0,6.2,Australia,Business Analytics,2565152,Yes,WhatsApp,Contacted,Priya Sharma,2025-06-11,2025-08-05,Inactive,60,Medium,67,Australia,Not Eligible
ST1374,Advik Tank,Female,27,Bangalore,Karnataka,BBA,CSE,9.21,6.7,Germany,Artificial Intelligence,1412807,Yes,WhatsApp,Counseling,Rohit Gupta,2024-09-24,2024-10-28,Active,91,Low,94,Germany,Merit Scholarship
ST1375,Hemani Varkey,Female,28,Indore,Madhya Pradesh,BBA,Finance,6.58,5.6,Germany,Finance,872737,Yes,Website,Offer Letter,Amit Verma,2026-03-24,2026-05-04,Dropped,47,High,55,Germany,Not Eligible
ST1376,Ishanvi Doshi,Female,22,Delhi,Delhi,BSc,Finance,9.79,8.1,UK,Cyber Security,2725734,Yes,Website,New Lead,Rohit Gupta,2025-12-28,2026-04-06,Inactive,90,Low,100,Canada,Merit Scholarship
ST1377,Pushti Bhandari,Male,23,Chennai,Tamil Nadu,BCom,Mechanical,7.0,6.1,Germany,Finance,838006,Yes,Instagram,Counseling,Rohit Gupta,2026-03-07,2026-06-03,Inactive,55,Medium,65,Germany,Not Eligible
ST1378,Triya Ganesan,Female,27,Mumbai,Maharashtra,BA,Mechanical,6.86,6.5,Australia,Business Analytics,1814916,Yes,Referral,Contacted,Amit Verma,2026-02-26,2026-06-05,Active,83,Low,83,Australia,Not Eligible
ST1379,Gauri Sahota,Female,26,Mumbai,Maharashtra,BSc,ECE,9.39,6.5,Canada,Cyber Security,3036918,Yes,Seminar,Visa,Priya Sharma,2025-11-23,2025-12-20,Converted,99,Low,100,Canada,Merit Scholarship
ST1380,Oscar Mander,Female,23,Hyderabad,Telangana,BTech,IT,7.3,6.4,UK,MBA,3363719,No,Seminar,Documents,Rahul Singh,2026-03-04,2026-05-05,Dropped,80,Low,81,UK,Not Eligible
ST1381,Deepa Sankaran,Female,25,Hyderabad,Telangana,BSc,Marketing,8.98,6.3,Australia,Computer Science,2489951,Yes,WhatsApp,Application,Rohit Gupta,2024-12-01,2025-02-09,Active,88,Low,96,Australia,Merit Scholarship
ST1382,Jeremiah Nath,Female,23,Mumbai,Maharashtra,BBA,CSE,9.51,6.6,Germany,Business Analytics,1057017,Yes,Instagram,Visa,Rohit Gupta,2026-04-15,2026-04-28,Converted,99,Low,95,Germany,Merit Scholarship
ST1383,Tanveer Pant,Male,24,Jaipur,Rajasthan,BSc,Biotechnology,9.12,7.8,UK,Artificial Intelligence,2513881,Yes,WhatsApp,Counseling,Rahul Singh,2025-11-27,2026-03-12,Active,99,Low,100,Canada,Merit Scholarship
ST1384,Madhav Purohit,Female,22,Chennai,Tamil Nadu,BA,Marketing,7.57,6.0,Canada,MBA,1859730,No,WhatsApp,New Lead,Priya Sharma,2026-05-21,2026-09-13,Dropped,71,Medium,70,Canada,Partial Scholarship
ST1385,Nachiket Shroff,Female,25,Delhi,Delhi,BTech,Mechanical,7.4,7.3,Canada,MBA,915279,No,Website,Contacted,Amit Verma,2025-09-21,2025-10-13,Active,90,Low,82,Germany,Not Eligible
ST1386,Kalpit Ganesh,Male,18,Bhopal,Madhya Pradesh,BBA,Finance,7.33,6.6,Australia,Finance,2648199,No,Seminar,Counseling,Priya Sharma,2026-01-06,2026-04-19,Active,92,Low,83,Australia,Not Eligible
ST1387,Madhav Singh,Female,19,Bangalore,Karnataka,BBA,Mechanical,8.07,6.0,UK,Finance,3488463,Yes,WhatsApp,Enrolled,Priya Sharma,2026-05-19,2026-08-28,Converted,93,Low,85,UK,Partial Scholarship
ST1388,Dakshesh Saraf,Female,23,Indore,Madhya Pradesh,BBA,IT,6.76,5.8,Canada,Finance,2955871,Yes,Instagram,New Lead,Rahul Singh,2026-01-10,2026-05-01,Dropped,79,Medium,69,Canada,Not Eligible
ST1389,Vedika Dey,Male,21,Pune,Maharashtra,BTech,Mechanical,8.87,6.4,Germany,Cyber Security,1162989,Yes,Instagram,Visa,Rohit Gupta,2026-02-25,2026-06-01,Converted,97,Low,87,Germany,Merit Scholarship
ST1390,Liam Mani,Male,19,Mumbai,Maharashtra,BTech,Finance,6.68,6.9,Canada,Cyber Security,2479891,No,Instagram,Enrolled,Rohit Gupta,2024-11-27,2025-03-21,Converted,81,Low,80,Canada,Not Eligible
ST1391,Radhika Cherian,Female,28,Jaipur,Rajasthan,BA,IT,9.09,5.6,USA,Finance,2731315,Yes,Referral,Contacted,Rahul Singh,2024-09-23,2024-10-26,Inactive,91,Low,100,USA,Merit Scholarship
ST1392,Vedant Chakrabarti,Male,19,Bhopal,Madhya Pradesh,BA,Mechanical,6.84,6.3,Germany,Cyber Security,1311690,Yes,Seminar,Contacted,Priya Sharma,2025-05-12,2025-06-29,Active,55,Medium,65,Germany,Not Eligible
ST1393,Nathaniel Radhakrishnan,Male,19,Indore,Madhya Pradesh,BCom,IT,6.56,8.4,Australia,Data Science,2157060,No,Seminar,Application,Rohit Gupta,2026-06-01,2026-07-02,Dropped,92,Low,94,Canada,Not Eligible
ST1394,Harsh Doshi,Male,18,Jaipur,Rajasthan,BA,Biotechnology,7.59,6.8,UK,MBA,1884555,Yes,WhatsApp,Documents,Amit Verma,2025-03-22,2025-06-18,Inactive,68,Medium,77,UK,Partial Scholarship
ST1395,Wazir Subramaniam,Male,23,Mumbai,Maharashtra,BCom,Marketing,6.14,7.3,Australia,Data Science,1625819,No,Website,Offer Letter,Sneha Jain,2024-11-04,2024-11-13,Inactive,63,Medium,69,Canada,Not Eligible
ST1396,Mekhala Sethi,Female,19,Bangalore,Karnataka,BCom,CSE,7.74,6.0,Australia,MBA,1729474,Yes,Website,Application,Rahul Singh,2025-07-01,2025-10-05,Inactive,64,Medium,72,Australia,Partial Scholarship
ST1397,Wazir Parmer,Male,23,Bhopal,Madhya Pradesh,BA,Biotechnology,7.63,7.4,Canada,Business Analytics,2667749,No,WhatsApp,Enrolled,Sneha Jain,2025-03-22,2025-05-12,Converted,89,Low,95,Canada,Partial Scholarship
ST1398,Saumya Mitra,Female,27,Hyderabad,Telangana,BSc,IT,6.48,8.4,Canada,Data Science,2556572,Yes,WhatsApp,New Lead,Sneha Jain,2025-12-28,2026-01-15,Inactive,87,Low,93,Canada,Not Eligible
ST1399,Lekha Naik,Female,20,Jaipur,Rajasthan,BA,IT,8.19,7.5,Canada,Artificial Intelligence,2448517,Yes,Seminar,Offer Letter,Rohit Gupta,2026-05-11,2026-08-12,Inactive,99,Low,100,Canada,Partial Scholarship
ST1400,Balhaar Sant,Female,18,Indore,Madhya Pradesh,BBA,CSE,8.17,6.9,Germany,Finance,910948,Yes,Referral,Contacted,Priya Sharma,2026-05-17,2026-09-06,Inactive,99,Low,100,Germany,Partial Scholarship
ST1401,Yoshita Deshpande,Female,28,Hyderabad,Telangana,BTech,IT,6.49,8.5,Canada,Data Science,1240537,Yes,WhatsApp,Enrolled,Sneha Jain,2026-04-01,2026-07-19,Converted,82,Low,84,Germany,Not Eligible
ST1402,Rachita Kakar,Female,27,Ahmedabad,Gujarat,BSc,CSE,6.68,7.1,USA,Data Science,3208327,No,WhatsApp,Contacted,Rohit Gupta,2024-10-20,2024-11-20,Active,90,Low,81,Canada,Not Eligible
ST1403,Yatin Grewal,Male,23,Jaipur,Rajasthan,BTech,Biotechnology,7.1,8.0,Australia,Artificial Intelligence,2335763,No,Website,New Lead,Rahul Singh,2025-12-23,2026-02-27,Active,99,Low,95,Canada,Not Eligible
ST1404,Faqid Pandit,Female,26,Hyderabad,Telangana,BBA,CSE,9.13,6.1,Canada,Business Analytics,2404497,Yes,Seminar,Counseling,Rahul Singh,2025-12-02,2026-03-29,Active,90,Low,96,Canada,Merit Scholarship
ST1405,Anusha Patla,Male,28,Hyderabad,Telangana,BSc,CSE,8.61,7.5,UK,Business Analytics,886239,Yes,Referral,Offer Letter,Amit Verma,2025-01-14,2025-04-09,Dropped,99,Low,100,Germany,Merit Scholarship
ST1406,Champak Rau,Male,18,Delhi,Delhi,BSc,Marketing,7.86,5.6,USA,Finance,3165199,Yes,Referral,Documents,Priya Sharma,2024-06-21,2024-09-15,Dropped,99,Low,93,USA,Partial Scholarship
ST1407,Frado Nadkarni,Male,28,Ahmedabad,Gujarat,BA,Marketing,7.52,7.0,Germany,Cyber Security,1007436,Yes,Website,New Lead,Rohit Gupta,2025-12-16,2026-03-10,Inactive,90,Low,80,Germany,Partial Scholarship
ST1408,Vasudha Mishra,Male,24,Mumbai,Maharashtra,BBA,Biotechnology,9.35,5.5,Canada,Computer Science,1213350,Yes,Referral,Counseling,Sneha Jain,2025-10-15,2025-11-28,Dropped,99,Low,98,Germany,Merit Scholarship
ST1409,Urishilla Kuruvilla,Male,25,Hyderabad,Telangana,BTech,CSE,6.32,7.2,UK,Cyber Security,2552898,No,Seminar,Documents,Sneha Jain,2024-07-29,2024-10-01,Inactive,70,Low,80,Canada,Not Eligible
ST1410,Shravya Munshi,Male,26,Jaipur,Rajasthan,BBA,Marketing,7.09,6.2,Australia,Cyber Security,3318789,No,Referral,Visa,Sneha Jain,2025-05-16,2025-08-02,Converted,82,Low,92,Australia,Not Eligible
ST1411,Kamya Sunder,Male,25,Ahmedabad,Gujarat,BTech,CSE,7.87,5.9,Australia,Artificial Intelligence,1549938,No,Website,New Lead,Sneha Jain,2026-04-12,2026-05-28,Dropped,65,Medium,72,Australia,Partial Scholarship
ST1412,Oliver Tailor,Male,20,Pune,Maharashtra,BBA,Biotechnology,9.26,6.4,Canada,Finance,3138152,Yes,Instagram,Contacted,Rahul Singh,2024-06-13,2024-09-12,Dropped,99,Low,100,Canada,Merit Scholarship
ST1413,Neha Iyengar,Female,26,Jaipur,Rajasthan,BTech,CSE,9.37,7.8,Canada,Data Science,2772840,Yes,Website,Enrolled,Amit Verma,2025-08-10,2025-10-30,Converted,90,Low,100,Canada,Merit Scholarship
ST1414,Nidra Chahal,Female,21,Indore,Madhya Pradesh,BTech,CSE,6.42,6.5,Canada,Computer Science,2942409,No,Website,Counseling,Rohit Gupta,2025-07-03,2025-10-30,Inactive,70,Medium,74,Canada,Not Eligible
ST1415,Wahab Nagarajan,Male,18,Ahmedabad,Gujarat,BSc,Finance,7.76,7.6,Canada,Data Science,2554235,Yes,Instagram,Application,Rohit Gupta,2026-03-17,2026-06-04,Dropped,99,Low,97,Canada,Partial Scholarship
ST1416,Ojas Deo,Female,22,Ahmedabad,Gujarat,BBA,Biotechnology,7.09,8.4,Canada,Artificial Intelligence,2667363,Yes,Referral,New Lead,Rohit Gupta,2026-01-06,2026-03-26,Dropped,95,Low,100,Canada,Not Eligible
ST1417,Yashoda Shroff,Female,23,Mumbai,Maharashtra,BA,Biotechnology,9.43,6.2,Germany,MBA,917729,Yes,Referral,New Lead,Rahul Singh,2024-11-12,2024-11-16,Dropped,96,Low,100,Germany,Merit Scholarship
ST1418,Bishakha Shroff,Male,28,Hyderabad,Telangana,BCom,Finance,7.89,6.5,USA,Cyber Security,3074842,No,Seminar,Visa,Sneha Jain,2025-05-12,2025-05-13,Converted,79,Low,88,USA,Partial Scholarship
ST1419,Reva Bahri,Male,18,Bangalore,Karnataka,BCom,CSE,7.54,6.9,Germany,Artificial Intelligence,1325092,No,WhatsApp,New Lead,Amit Verma,2024-08-24,2024-10-04,Inactive,76,Medium,79,Germany,Partial Scholarship
ST1420,Rishi Raval,Male,27,Hyderabad,Telangana,BBA,Marketing,8.66,7.0,UK,Artificial Intelligence,1796719,Yes,Seminar,New Lead,Amit Verma,2024-12-18,2025-02-28,Inactive,93,Low,91,Canada,Merit Scholarship
ST1421,Ucchal Jha,Female,22,Mumbai,Maharashtra,BSc,Marketing,9.79,6.8,Canada,Business Analytics,3131639,Yes,WhatsApp,Application,Sneha Jain,2024-12-05,2024-12-19,Dropped,96,Low,100,Canada,Merit Scholarship
ST1422,Warinder Thakur,Female,25,Mumbai,Maharashtra,BBA,IT,9.58,7.2,USA,Artificial Intelligence,2580889,Yes,WhatsApp,Offer Letter,Priya Sharma,2025-11-28,2026-01-22,Dropped,99,Low,100,Canada,Merit Scholarship
ST1423,Aarini Yohannan,Female,25,Chennai,Tamil Nadu,BTech,Biotechnology,9.63,7.3,Canada,Finance,1621266,Yes,Website,Contacted,Rohit Gupta,2025-02-17,2025-05-02,Inactive,99,Low,100,Canada,Merit Scholarship
ST1424,Ekavir Keer,Female,20,Bangalore,Karnataka,BA,Finance,7.6,8.3,Australia,MBA,2668269,Yes,Seminar,Counseling,Rahul Singh,2024-06-09,2024-07-11,Inactive,99,Low,100,Canada,Partial Scholarship
ST1425,Tanmayi Anand,Male,19,Pune,Maharashtra,BCom,Marketing,6.46,8.2,Canada,Artificial Intelligence,2230263,Yes,Seminar,Enrolled,Rahul Singh,2024-11-20,2024-12-29,Converted,80,Low,90,Canada,Not Eligible
ST1426,Jairaj Mangal,Male,19,Pune,Maharashtra,BCom,Biotechnology,6.16,6.1,UK,Business Analytics,2462232,No,WhatsApp,Contacted,Sneha Jain,2024-10-25,2024-11-10,Dropped,69,Medium,66,UK,Not Eligible
ST1427,Barkha Chander,Female,25,Mumbai,Maharashtra,BBA,IT,6.89,5.6,Australia,Computer Science,2415282,No,Instagram,Contacted,Rahul Singh,2024-06-22,2024-08-20,Active,65,Medium,68,Australia,Not Eligible
ST1428,Saanvi Parsa,Male,22,Delhi,Delhi,BA,Mechanical,7.56,5.8,Germany,Finance,1018684,No,Website,Visa,Rohit Gupta,2024-07-04,2024-08-11,Converted,58,Medium,67,Germany,Partial Scholarship
ST1429,Darpan Krishnan,Male,20,Delhi,Delhi,BTech,IT,7.55,7.5,Australia,Computer Science,2222390,Yes,Instagram,Application,Rahul Singh,2024-10-30,2025-01-05,Inactive,88,Low,95,Canada,Partial Scholarship
ST1430,Krishna Dhillon,Male,28,Ahmedabad,Gujarat,BA,Marketing,7.21,5.7,Australia,Artificial Intelligence,1732446,No,Instagram,Enrolled,Amit Verma,2025-12-18,2026-02-27,Converted,57,Medium,64,Australia,Not Eligible
ST1431,Daniel Chaudhary,Female,21,Hyderabad,Telangana,BCom,Finance,7.0,7.5,Canada,MBA,1972457,No,Referral,Application,Rohit Gupta,2025-08-08,2025-10-31,Dropped,98,Low,95,Canada,Not Eligible
ST1432,Benjamin Sinha,Male,25,Bhopal,Madhya Pradesh,BBA,Marketing,6.06,5.9,UK,Data Science,2189992,No,WhatsApp,Documents,Rahul Singh,2025-06-26,2025-10-15,Inactive,66,Medium,64,UK,Not Eligible
ST1433,Meera Ahuja,Female,19,Delhi,Delhi,BTech,Finance,7.75,8.4,Canada,Computer Science,1844848,No,Website,Counseling,Rohit Gupta,2026-01-06,2026-02-04,Dropped,97,Low,96,Canada,Partial Scholarship
ST1434,Nachiket Guha,Female,23,Indore,Madhya Pradesh,BA,Biotechnology,8.44,7.7,UK,Business Analytics,3437423,No,Referral,Documents,Rohit Gupta,2025-03-11,2025-06-05,Inactive,99,Low,100,Canada,Partial Scholarship
ST1435,Omya Munshi,Male,28,Hyderabad,Telangana,BCom,IT,7.47,8.0,Canada,Business Analytics,3036664,No,Website,Counseling,Priya Sharma,2024-07-04,2024-07-05,Dropped,97,Low,99,Canada,Not Eligible
ST1436,Amaira Kari,Male,27,Mumbai,Maharashtra,BTech,CSE,8.33,7.3,Canada,Finance,1997927,No,Website,Offer Letter,Sneha Jain,2025-11-11,2026-01-26,Dropped,99,Low,91,Canada,Partial Scholarship
ST1437,Jhalak Vala,Male,18,Chennai,Tamil Nadu,BTech,Mechanical,8.37,6.7,Canada,MBA,1720825,No,Seminar,Contacted,Sneha Jain,2025-09-05,2025-10-08,Active,93,Low,85,Canada,Partial Scholarship
ST1438,Eshana Kapur,Female,20,Bhopal,Madhya Pradesh,BBA,Biotechnology,9.02,6.5,Australia,Data Science,2256127,Yes,Instagram,Application,Priya Sharma,2025-09-18,2025-12-17,Dropped,92,Low,100,Australia,Merit Scholarship
ST1439,Tripti Dara,Male,27,Hyderabad,Telangana,BTech,Finance,6.5,5.5,Australia,MBA,2769815,Yes,Seminar,Offer Letter,Amit Verma,2026-01-06,2026-02-02,Active,64,Medium,65,Australia,Not Eligible
ST1440,Sudiksha More,Female,27,Bangalore,Karnataka,BTech,ECE,6.4,6.8,Canada,MBA,2487583,Yes,WhatsApp,Application,Rahul Singh,2024-06-25,2024-09-24,Active,85,Medium,76,Canada,Not Eligible
ST1441,Nimrat Tripathi,Male,18,Hyderabad,Telangana,BSc,Marketing,9.43,8.0,UK,Artificial Intelligence,2975225,Yes,Website,Enrolled,Rahul Singh,2025-01-01,2025-01-21,Converted,99,Low,100,Canada,Merit Scholarship
ST1442,Saumya Sandal,Female,20,Bhopal,Madhya Pradesh,BBA,CSE,6.85,8.1,Australia,Computer Science,1360737,Yes,WhatsApp,Contacted,Priya Sharma,2025-08-12,2025-08-19,Dropped,83,Low,83,Germany,Not Eligible
ST1443,Elijah Krishna,Male,26,Hyderabad,Telangana,BSc,CSE,8.34,6.7,Australia,Cyber Security,2179663,Yes,Referral,Visa,Sneha Jain,2024-11-29,2025-03-10,Converted,99,Low,100,Australia,Partial Scholarship
ST1444,Damyanti Sheth,Female,19,Bhopal,Madhya Pradesh,BBA,CSE,7.39,7.5,Canada,Computer Science,1286226,Yes,Instagram,Application,Rohit Gupta,2026-04-06,2026-05-06,Inactive,81,Low,83,Germany,Not Eligible
ST1445,Vrishti Kumar,Female,25,Indore,Madhya Pradesh,BSc,CSE,6.91,7.4,UK,Computer Science,1890978,Yes,Instagram,Application,Priya Sharma,2024-08-15,2024-08-30,Active,78,Medium,78,Canada,Not Eligible
ST1446,Bishakha Mitra,Female,21,Mumbai,Maharashtra,BCom,Biotechnology,7.05,7.6,Australia,Computer Science,1887288,Yes,Seminar,Offer Letter,Rohit Gupta,2025-03-28,2025-05-14,Dropped,86,Low,80,Canada,Not Eligible
ST1447,Nilima Gaba,Male,18,Chennai,Tamil Nadu,BBA,IT,9.04,5.6,Canada,Artificial Intelligence,1309010,Yes,Instagram,New Lead,Priya Sharma,2025-06-20,2025-08-22,Dropped,76,Low,80,Germany,Merit Scholarship
ST1448,Vasana Sundaram,Male,18,Indore,Madhya Pradesh,BA,CSE,6.39,6.8,Canada,Business Analytics,1123056,No,Seminar,Contacted,Priya Sharma,2025-04-18,2025-05-25,Active,62,Medium,65,Germany,Not Eligible
ST1449,Yashvi Rege,Male,20,Jaipur,Rajasthan,BBA,Biotechnology,8.59,6.1,Germany,Cyber Security,1043368,Yes,Seminar,Documents,Priya Sharma,2025-11-20,2025-12-24,Dropped,90,Low,80,Germany,Merit Scholarship
ST1450,Ekaraj Acharya,Male,19,Mumbai,Maharashtra,BTech,ECE,8.85,6.5,UK,MBA,1782437,Yes,Website,Enrolled,Sneha Jain,2026-03-31,2026-07-03,Converted,79,Low,88,UK,Merit Scholarship
ST1451,Anmol Ratta,Male,28,Indore,Madhya Pradesh,BTech,Biotechnology,9.32,5.8,UK,Data Science,3047011,Yes,Seminar,Counseling,Sneha Jain,2026-03-09,2026-06-17,Inactive,92,Low,95,UK,Merit Scholarship
ST1452,Pranav Dubey,Male,18,Ahmedabad,Gujarat,BCom,IT,7.63,7.4,Australia,Business Analytics,2276067,No,Seminar,Contacted,Sneha Jain,2026-03-24,2026-06-19,Active,90,Low,95,Canada,Partial Scholarship
ST1453,Wriddhish Behl,Male,26,Jaipur,Rajasthan,BA,Biotechnology,7.49,6.9,Germany,Data Science,1479996,Yes,Referral,Offer Letter,Sneha Jain,2025-07-17,2025-09-17,Inactive,92,Low,93,Germany,Not Eligible
ST1454,Omkaar Menon,Female,28,Indore,Madhya Pradesh,BBA,ECE,9.69,6.4,Canada,Finance,2838136,Yes,Referral,Application,Priya Sharma,2024-11-26,2025-02-02,Active,99,Low,100,Canada,Merit Scholarship
ST1455,Amaira Dhawan,Female,26,Mumbai,Maharashtra,BSc,Marketing,7.78,7.8,Australia,Business Analytics,2778395,Yes,Seminar,New Lead,Rohit Gupta,2024-09-15,2024-10-07,Inactive,99,Low,100,Canada,Partial Scholarship
ST1456,Janaki Kala,Male,18,Mumbai,Maharashtra,BCom,ECE,8.81,8.0,Canada,MBA,1152111,Yes,Instagram,Enrolled,Rohit Gupta,2025-02-25,2025-04-21,Converted,99,Low,100,Germany,Merit Scholarship
ST1457,Girish Gara,Male,18,Chennai,Tamil Nadu,BSc,Finance,8.11,7.7,UK,Computer Science,2174714,No,Instagram,New Lead,Rohit Gupta,2026-05-21,2026-08-18,Dropped,99,Low,100,Canada,Partial Scholarship
ST1458,Dhriti Sinha,Male,28,Jaipur,Rajasthan,BA,ECE,7.81,8.2,Australia,Computer Science,1249593,No,Seminar,Contacted,Priya Sharma,2025-04-01,2025-06-15,Dropped,86,Low,94,Germany,Partial Scholarship
ST1459,Yadavi Hegde,Male,25,Ahmedabad,Gujarat,BA,CSE,7.67,7.1,USA,Finance,2764460,Yes,Referral,Documents,Rohit Gupta,2025-05-27,2025-07-28,Active,93,Low,100,Canada,Partial Scholarship
ST1460,Widisha Muni,Female,25,Indore,Madhya Pradesh,BBA,ECE,7.42,5.6,Germany,Business Analytics,1082441,No,Website,Application,Amit Verma,2025-09-18,2025-10-01,Inactive,61,Medium,64,Germany,Not Eligible
ST1461,Simon Deshmukh,Female,24,Hyderabad,Telangana,BTech,Biotechnology,7.46,7.8,Canada,Artificial Intelligence,2923891,No,Referral,Enrolled,Amit Verma,2025-05-17,2025-06-06,Converted,97,Low,100,Canada,Not Eligible
ST1462,Omisha Gade,Male,18,Indore,Madhya Pradesh,BA,Mechanical,7.54,7.6,Canada,Cyber Security,1209329,Yes,WhatsApp,New Lead,Rohit Gupta,2024-09-20,2024-11-24,Active,89,Low,85,Germany,Partial Scholarship
ST1463,Ishita Acharya,Male,28,Ahmedabad,Gujarat,BCom,IT,7.55,6.5,Australia,Business Analytics,2654679,No,Website,Enrolled,Rohit Gupta,2025-11-18,2026-01-01,Converted,89,Low,85,Australia,Partial Scholarship
ST1464,Harshil Salvi,Female,27,Ahmedabad,Gujarat,BCom,Finance,6.57,7.9,UK,Finance,926335,Yes,Instagram,Counseling,Priya Sharma,2024-12-14,2025-02-21,Active,78,Medium,79,Germany,Not Eligible
ST1465,Tarak Shroff,Female,26,Mumbai,Maharashtra,BBA,IT,6.12,7.1,Australia,Data Science,1814600,Yes,Instagram,Application,Rohit Gupta,2025-01-27,2025-02-03,Active,74,Medium,66,Canada,Not Eligible
ST1466,Samarth Mittal,Male,22,Mumbai,Maharashtra,BSc,IT,6.42,5.8,Canada,Computer Science,2989741,Yes,Website,Counseling,Sneha Jain,2025-08-23,2025-10-08,Dropped,72,Medium,66,Canada,Not Eligible
ST1467,Arjun Lanka,Male,18,Hyderabad,Telangana,BTech,IT,6.69,8.2,Canada,MBA,1667246,Yes,Website,Visa,Amit Verma,2026-04-10,2026-07-08,Active,85,Low,82,Canada,Not Eligible
ST1468,Omya Golla,Female,28,Hyderabad,Telangana,BSc,IT,7.3,8.1,Australia,Data Science,2483536,Yes,Referral,Visa,Rohit Gupta,2025-11-06,2026-01-22,Converted,96,Low,100,Canada,Not Eligible
ST1469,Ridhi Dhar,Female,19,Hyderabad,Telangana,BBA,ECE,7.21,6.5,Canada,Computer Science,3366922,No,WhatsApp,New Lead,Sneha Jain,2025-02-24,2025-03-31,Dropped,89,Low,82,Canada,Not Eligible
ST1470,Amrita Nadig,Male,25,Jaipur,Rajasthan,BTech,Finance,6.53,7.5,Australia,Artificial Intelligence,3238351,No,Referral,Application,Sneha Jain,2025-09-02,2025-11-08,Active,97,Low,100,Canada,Not Eligible
ST1471,Gauri Dixit,Female,19,Bhopal,Madhya Pradesh,BCom,Mechanical,9.19,5.5,Canada,Cyber Security,2361231,Yes,Instagram,Visa,Amit Verma,2025-08-26,2025-10-06,Converted,98,Low,91,Canada,Merit Scholarship
ST1472,Hema Pingle,Male,26,Mumbai,Maharashtra,BTech,Biotechnology,8.7,5.8,USA,Cyber Security,3459359,Yes,Website,Application,Rahul Singh,2025-10-25,2025-12-17,Inactive,79,Low,88,USA,Merit Scholarship
ST1473,Vamakshi Bail,Female,25,Chennai,Tamil Nadu,BSc,IT,6.19,6.1,UK,Data Science,1552787,No,Referral,Visa,Rahul Singh,2024-11-21,2024-12-24,Active,67,Medium,71,UK,Not Eligible
ST1474,Oeshi Mangal,Female,20,Delhi,Delhi,BTech,ECE,9.31,5.8,USA,Business Analytics,3356559,Yes,Website,Contacted,Sneha Jain,2025-06-26,2025-07-31,Dropped,98,Low,95,USA,Merit Scholarship
ST1475,Jeet Kadakia,Female,22,Jaipur,Rajasthan,BTech,Mechanical,9.16,7.4,UK,Computer Science,3095760,Yes,Seminar,Documents,Amit Verma,2024-09-05,2024-09-25,Active,98,Low,100,Canada,Merit Scholarship
ST1476,Rajeshri Hari,Female,20,Mumbai,Maharashtra,BTech,CSE,9.53,6.4,USA,Computer Science,3369728,Yes,Instagram,New Lead,Priya Sharma,2025-07-26,2025-10-21,Active,96,Low,100,USA,Merit Scholarship
ST1477,Sarthak Kapur,Female,22,Bangalore,Karnataka,BTech,Mechanical,7.65,7.0,Germany,MBA,1328936,Yes,Seminar,New Lead,Rahul Singh,2024-08-20,2024-10-18,Inactive,74,Low,81,Germany,Partial Scholarship
ST1478,Aarini Lata,Female,20,Jaipur,Rajasthan,BA,IT,9.51,6.0,Germany,Finance,1318676,Yes,Instagram,Offer Letter,Priya Sharma,2026-04-21,2026-05-29,Inactive,92,Low,90,Germany,Merit Scholarship
ST1479,Shravya Sura,Male,18,Indore,Madhya Pradesh,BA,Marketing,7.88,7.7,Australia,MBA,2474447,No,Website,Application,Rahul Singh,2024-06-18,2024-10-04,Dropped,99,Low,100,Canada,Partial Scholarship
ST1480,Vivaan Jha,Female,27,Ahmedabad,Gujarat,BCom,ECE,7.68,8.0,Canada,MBA,813721,Yes,Referral,New Lead,Sneha Jain,2025-12-07,2025-12-08,Active,90,Low,100,Germany,Partial Scholarship
ST1481,Benjamin Seth,Male,18,Hyderabad,Telangana,BCom,Biotechnology,6.37,7.6,UK,Business Analytics,2608012,Yes,Seminar,Visa,Rahul Singh,2026-01-19,2026-02-18,Active,82,Low,83,Canada,Not Eligible
ST1482,Ganga Loke,Female,23,Hyderabad,Telangana,BBA,Finance,9.65,6.7,Germany,Artificial Intelligence,1205222,Yes,Instagram,Contacted,Sneha Jain,2024-06-23,2024-07-08,Dropped,99,Low,98,Germany,Merit Scholarship
ST1483,Anusha Tata,Male,19,Bhopal,Madhya Pradesh,BSc,Biotechnology,7.71,6.8,Germany,Finance,1007480,No,Website,Visa,Amit Verma,2025-05-04,2025-05-05,Active,84,Medium,79,Germany,Partial Scholarship
ST1484,Peter Ahuja,Female,18,Pune,Maharashtra,BBA,IT,6.4,8.4,UK,Business Analytics,2378681,No,Instagram,Documents,Rohit Gupta,2025-11-13,2026-02-24,Active,86,Low,93,Canada,Not Eligible
ST1485,Anay Rout,Male,24,Ahmedabad,Gujarat,BTech,CSE,7.75,7.0,Canada,Data Science,2692852,Yes,Instagram,Offer Letter,Rohit Gupta,2025-10-11,2025-11-11,Dropped,92,Low,92,Canada,Partial Scholarship
ST1486,Chaitanya Mohan,Male,18,Jaipur,Rajasthan,BTech,IT,7.19,7.6,UK,Business Analytics,896797,No,Website,Visa,Sneha Jain,2025-05-07,2025-06-26,Converted,77,Low,81,Germany,Not Eligible
ST1487,Aahana Bath,Male,24,Bangalore,Karnataka,BSc,Biotechnology,9.41,5.7,Canada,Finance,3195272,Yes,WhatsApp,Application,Priya Sharma,2025-04-01,2025-07-18,Active,99,Low,96,Canada,Merit Scholarship
ST1488,Amruta Keer,Male,22,Bangalore,Karnataka,BA,ECE,8.44,6.4,USA,Business Analytics,2627282,No,Website,Contacted,Rohit Gupta,2025-04-17,2025-06-04,Dropped,98,Low,93,USA,Partial Scholarship
ST1489,Anya Kumer,Male,23,Pune,Maharashtra,BSc,Mechanical,9.22,7.7,Canada,Computer Science,2115185,Yes,Instagram,Documents,Rohit Gupta,2026-05-25,2026-08-25,Active,94,Low,100,Canada,Merit Scholarship
ST1490,Aarush Manne,Female,18,Bangalore,Karnataka,BA,Biotechnology,7.29,5.8,UK,Computer Science,3098838,Yes,WhatsApp,New Lead,Priya Sharma,2024-10-17,2024-10-23,Inactive,81,Medium,74,UK,Not Eligible
ST1491,George Apte,Female,26,Indore,Madhya Pradesh,BBA,ECE,8.38,5.9,Germany,Artificial Intelligence,842737,Yes,WhatsApp,New Lead,Rahul Singh,2025-10-03,2025-12-05,Inactive,72,Medium,77,Germany,Partial Scholarship
ST1492,Warhi Yogi,Female,25,Bhopal,Madhya Pradesh,BCom,Marketing,6.35,8.2,Australia,Computer Science,1280143,Yes,Website,Enrolled,Amit Verma,2025-11-26,2026-02-22,Converted,72,Medium,79,Germany,Not Eligible
ST1493,Timothy Varma,Male,23,Hyderabad,Telangana,BBA,IT,8.14,5.7,Germany,MBA,1062595,Yes,Instagram,Visa,Sneha Jain,2025-09-26,2025-11-23,Converted,72,Medium,73,Germany,Partial Scholarship
ST1494,Sneha Nagy,Male,22,Delhi,Delhi,BA,IT,8.53,5.8,USA,Artificial Intelligence,3024174,Yes,Seminar,Visa,Sneha Jain,2025-12-09,2026-02-07,Converted,79,Low,87,USA,Merit Scholarship
ST1495,Yuvraj Merchant,Female,27,Bangalore,Karnataka,BBA,Mechanical,8.33,7.3,UK,MBA,1592219,Yes,Instagram,Documents,Priya Sharma,2026-03-22,2026-03-23,Inactive,99,Low,91,Canada,Partial Scholarship
ST1496,Advaith Shetty,Female,27,Hyderabad,Telangana,BSc,Mechanical,7.41,6.0,UK,Data Science,2628360,No,Referral,Counseling,Priya Sharma,2025-10-08,2026-01-03,Inactive,97,Low,94,UK,Not Eligible
ST1497,Jhalak Dey,Male,27,Ahmedabad,Gujarat,BA,Finance,7.78,6.4,Australia,Artificial Intelligence,2888450,Yes,WhatsApp,Counseling,Priya Sharma,2025-06-22,2025-06-28,Inactive,81,Low,86,Australia,Partial Scholarship
ST1498,Anya Konda,Male,18,Hyderabad,Telangana,BA,Mechanical,7.06,8.4,Canada,Data Science,1832724,Yes,WhatsApp,New Lead,Rohit Gupta,2024-11-11,2025-02-03,Inactive,84,Low,89,Canada,Not Eligible
ST1499,Falguni Anne,Female,25,Indore,Madhya Pradesh,BCom,ECE,7.0,7.0,Germany,Business Analytics,1168771,Yes,Referral,Offer Letter,Priya Sharma,2025-03-09,2025-06-07,Dropped,91,Low,90,Germany,Not Eligible
ST1500,Falak Gandhi,Female,18,Hyderabad,Telangana,BBA,Mechanical,7.16,6.2,USA,Computer Science,2683331,Yes,Referral,Offer Letter,Amit Verma,2024-10-02,2024-12-13,Dropped,83,Low,93,USA,Not Eligible
ST1501,Yauvani Ghose,Female,26,Pune,Maharashtra,BTech,Marketing,9.64,6.6,Germany,Artificial Intelligence,1047111,Yes,Instagram,Contacted,Sneha Jain,2025-01-17,2025-03-16,Active,88,Low,96,Germany,Merit Scholarship
ST1502,Shravya Nigam,Female,25,Bangalore,Karnataka,BA,ECE,8.04,6.0,Canada,Artificial Intelligence,2486691,Yes,Seminar,Enrolled,Rohit Gupta,2025-11-11,2026-02-20,Converted,86,Low,85,Canada,Partial Scholarship
ST1503,Tanay Raju,Male,26,Indore,Madhya Pradesh,BTech,Biotechnology,8.55,7.2,Germany,Cyber Security,1386942,Yes,Seminar,Counseling,Amit Verma,2025-05-11,2025-08-03,Active,97,Low,92,Germany,Merit Scholarship
ST1504,Rudra Hans,Female,18,Bangalore,Karnataka,BA,Mechanical,6.01,6.7,Germany,Finance,1168573,Yes,Referral,Enrolled,Sneha Jain,2024-10-22,2024-11-12,Converted,82,Medium,77,Germany,Not Eligible
ST1505,Vasatika Raghavan,Male,23,Jaipur,Rajasthan,BA,CSE,7.25,5.5,Australia,Business Analytics,2997741,Yes,Seminar,New Lead,Amit Verma,2024-07-29,2024-08-28,Inactive,81,Medium,72,Australia,Not Eligible
ST1506,Mohammed Narang,Female,19,Pune,Maharashtra,BSc,CSE,7.15,6.4,Canada,Business Analytics,1505688,Yes,Referral,Counseling,Sneha Jain,2025-05-27,2025-07-23,Active,90,Low,85,Canada,Not Eligible
ST1507,Advika Bumb,Male,24,Jaipur,Rajasthan,BTech,Mechanical,6.21,7.7,Canada,Data Science,2333156,Yes,Referral,New Lead,Rahul Singh,2025-10-11,2025-10-27,Inactive,89,Low,99,Canada,Not Eligible
ST1508,Rachita Tandon,Female,23,Bhopal,Madhya Pradesh,BTech,Biotechnology,7.08,6.2,USA,Cyber Security,3143016,Yes,Website,Contacted,Sneha Jain,2025-03-17,2025-04-09,Inactive,82,Medium,77,USA,Not Eligible
ST1509,Rajeshri Oommen,Male,19,Pune,Maharashtra,BTech,IT,7.22,5.6,Canada,Data Science,1767772,No,WhatsApp,Enrolled,Rahul Singh,2025-09-07,2025-09-30,Converted,68,Medium,62,Canada,Not Eligible
ST1510,Quincy Vora,Male,21,Ahmedabad,Gujarat,BSc,CSE,8.52,6.6,Germany,Data Science,1481949,Yes,Website,Enrolled,Amit Verma,2024-07-09,2024-11-05,Converted,95,Low,85,Germany,Merit Scholarship
ST1511,Rishi Yadav,Male,18,Indore,Madhya Pradesh,BSc,CSE,6.89,7.0,Canada,Computer Science,2297929,Yes,Referral,Visa,Rahul Singh,2025-11-30,2026-02-26,Converted,97,Low,98,Canada,Not Eligible
ST1512,Reva Sodhi,Male,22,Bangalore,Karnataka,BSc,Mechanical,7.63,5.7,Canada,Data Science,2016264,Yes,Referral,Application,Priya Sharma,2024-11-21,2024-12-19,Active,86,Low,93,Canada,Partial Scholarship
ST1513,Nachiket Sehgal,Male,20,Pune,Maharashtra,BTech,IT,9.4,6.4,UK,Data Science,2939061,Yes,Seminar,Contacted,Sneha Jain,2025-09-16,2025-10-25,Inactive,99,Low,100,UK,Merit Scholarship
ST1514,Harish Varty,Female,22,Ahmedabad,Gujarat,BTech,IT,6.03,5.5,Canada,Business Analytics,1032874,Yes,Referral,Enrolled,Rahul Singh,2024-07-10,2024-08-29,Converted,62,Medium,65,Germany,Not Eligible
ST1515,Adweta Acharya,Female,25,Delhi,Delhi,BCom,CSE,7.86,5.6,USA,MBA,3206740,Yes,Referral,Documents,Rohit Gupta,2026-05-18,2026-06-16,Inactive,99,Low,93,USA,Partial Scholarship
ST1516,Vritti Barad,Female,22,Bhopal,Madhya Pradesh,BCom,Mechanical,6.13,5.6,Germany,Cyber Security,977590,Yes,Seminar,Contacted,Rohit Gupta,2025-01-19,2025-02-07,Dropped,52,High,51,Germany,Not Eligible
ST1517,Nisha Misra,Male,23,Pune,Maharashtra,BCom,ECE,6.1,7.0,Canada,Artificial Intelligence,1692166,Yes,Referral,Application,Rohit Gupta,2025-01-03,2025-04-21,Dropped,73,Low,80,Canada,Not Eligible
ST1518,Charan Kohli,Male,20,Bhopal,Madhya Pradesh,BTech,IT,6.24,7.4,Canada,Artificial Intelligence,3491982,Yes,Website,Offer Letter,Rahul Singh,2026-05-14,2026-07-15,Active,74,Low,81,Canada,Not Eligible
ST1519,Ryan Kuruvilla,Female,28,Indore,Madhya Pradesh,BA,Finance,6.66,7.4,Canada,Finance,1619495,Yes,Seminar,Visa,Priya Sharma,2024-12-21,2025-03-07,Converted,72,Medium,75,Canada,Not Eligible
ST1520,Nitara Raja,Male,18,Jaipur,Rajasthan,BTech,Marketing,7.0,8.0,UK,MBA,1847766,Yes,Referral,Offer Letter,Rohit Gupta,2025-06-13,2025-08-19,Inactive,99,Low,100,Canada,Not Eligible
ST1521,Pranit Seshadri,Male,27,Bhopal,Madhya Pradesh,BTech,IT,9.71,5.9,Australia,Data Science,2264138,Yes,Website,Offer Letter,Rahul Singh,2025-09-05,2025-12-13,Inactive,90,Low,100,Australia,Merit Scholarship
ST1522,Lopa Dewan,Male,20,Bhopal,Madhya Pradesh,BSc,IT,8.49,6.6,Germany,MBA,928031,Yes,Referral,Contacted,Priya Sharma,2024-09-03,2024-09-22,Active,99,Low,99,Germany,Partial Scholarship
ST1523,Zayan Sankar,Male,18,Pune,Maharashtra,BSc,IT,6.51,7.5,Canada,Cyber Security,2742173,Yes,Referral,Offer Letter,Priya Sharma,2026-02-22,2026-05-05,Inactive,96,Low,100,Canada,Not Eligible
ST1524,Vrinda Sekhon,Male,19,Jaipur,Rajasthan,BA,ECE,6.54,5.9,Australia,MBA,2998189,No,Seminar,Visa,Priya Sharma,2024-11-29,2025-02-17,Converted,79,Medium,69,Australia,Not Eligible
ST1525,Neha Kumar,Female,24,Delhi,Delhi,BTech,Marketing,7.36,5.7,Germany,Data Science,919190,No,Referral,Enrolled,Amit Verma,2024-11-28,2025-03-09,Converted,70,Low,80,Germany,Not Eligible
ST1526,Rushil Krishna,Female,23,Ahmedabad,Gujarat,BBA,CSE,8.24,6.2,Germany,Data Science,1429360,No,Seminar,Visa,Amit Verma,2025-01-03,2025-02-18,Converted,81,Medium,79,Germany,Partial Scholarship
ST1527,Wriddhish Chakrabarti,Male,18,Jaipur,Rajasthan,BA,Finance,8.31,6.8,Germany,Cyber Security,813473,Yes,WhatsApp,Application,Rohit Gupta,2024-06-28,2024-08-22,Active,84,Low,85,Germany,Partial Scholarship
ST1528,Anika Gour,Female,21,Jaipur,Rajasthan,BBA,ECE,8.42,6.5,Australia,Artificial Intelligence,1707552,Yes,Seminar,Counseling,Priya Sharma,2024-09-11,2024-10-11,Inactive,86,Low,84,Australia,Partial Scholarship
ST1529,Tristan Baria,Female,18,Pune,Maharashtra,BA,ECE,8.96,6.8,Canada,MBA,1834648,Yes,WhatsApp,Visa,Rohit Gupta,2024-10-31,2025-02-14,Converted,86,Low,91,Canada,Merit Scholarship
ST1530,Abeer Kibe,Female,22,Bhopal,Madhya Pradesh,BBA,IT,8.7,6.2,Germany,Finance,1349513,Yes,Referral,Enrolled,Rahul Singh,2025-12-17,2026-04-08,Converted,99,Low,98,Germany,Merit Scholarship
ST1531,Om Sekhon,Male,24,Pune,Maharashtra,BBA,CSE,6.95,6.6,Australia,Finance,2360687,Yes,Instagram,Counseling,Sneha Jain,2025-05-05,2025-06-18,Dropped,89,Medium,79,Australia,Not Eligible
ST1532,Rohan Tripathi,Female,20,Chennai,Tamil Nadu,BCom,Marketing,9.22,6.4,UK,Computer Science,2458597,Yes,WhatsApp,Contacted,Sneha Jain,2025-08-13,2025-09-12,Active,91,Low,100,UK,Merit Scholarship
ST1533,Hemani Magar,Male,19,Ahmedabad,Gujarat,BTech,IT,8.83,6.9,Australia,Computer Science,2098642,Yes,Referral,Offer Letter,Sneha Jain,2025-03-18,2025-06-19,Inactive,99,Low,100,Australia,Merit Scholarship
ST1534,Neha Wable,Male,20,Chennai,Tamil Nadu,BCom,IT,7.91,8.5,UK,Business Analytics,1235877,No,Instagram,Visa,Rahul Singh,2024-11-08,2025-01-07,Converted,92,Low,99,Germany,Partial Scholarship
ST1535,Tanvi Talwar,Male,23,Pune,Maharashtra,BCom,Mechanical,8.84,6.0,Australia,Cyber Security,2986250,Yes,WhatsApp,Documents,Priya Sharma,2026-04-14,2026-07-28,Active,90,Low,93,Australia,Merit Scholarship
ST1536,Owen Patil,Female,19,Indore,Madhya Pradesh,BSc,ECE,8.52,7.5,Australia,Finance,1121920,Yes,Referral,New Lead,Rahul Singh,2024-09-26,2025-01-07,Inactive,95,Low,100,Germany,Merit Scholarship
ST1537,Harsh Aggarwal,Female,22,Chennai,Tamil Nadu,BCom,Mechanical,6.41,7.4,USA,MBA,3309173,No,Website,Visa,Priya Sharma,2025-12-11,2026-01-18,Active,76,Low,83,Canada,Not Eligible
ST1538,Osha Soman,Male,21,Pune,Maharashtra,BTech,Finance,8.18,7.1,Germany,Business Analytics,875925,No,Seminar,Counseling,Priya Sharma,2025-05-07,2025-06-21,Active,84,Low,86,Germany,Partial Scholarship
ST1539,Inaya Johal,Female,18,Bangalore,Karnataka,BTech,Mechanical,7.9,6.5,UK,Cyber Security,2206700,No,Referral,Offer Letter,Rohit Gupta,2026-04-13,2026-06-24,Inactive,99,Low,100,UK,Partial Scholarship
ST1540,Neha Chana,Male,28,Indore,Madhya Pradesh,BTech,Finance,9.47,5.7,UK,Business Analytics,2405092,Yes,Seminar,Enrolled,Priya Sharma,2024-06-17,2024-08-24,Converted,89,Low,96,UK,Merit Scholarship
ST1541,Onkar Butala,Male,19,Jaipur,Rajasthan,BSc,Finance,7.86,6.9,USA,Finance,2781824,No,Instagram,Enrolled,Priya Sharma,2025-06-30,2025-08-29,Converted,89,Low,92,USA,Partial Scholarship
ST1542,Mekhala Dara,Female,20,Mumbai,Maharashtra,BSc,IT,7.59,6.9,Australia,MBA,3193771,Yes,Instagram,Application,Amit Verma,2026-05-13,2026-07-03,Inactive,86,Low,89,Australia,Partial Scholarship
ST1543,Ishwar Soni,Female,24,Pune,Maharashtra,BA,Mechanical,7.51,5.7,USA,Computer Science,3092738,No,Website,Counseling,Amit Verma,2025-08-29,2025-12-11,Active,79,Medium,77,USA,Partial Scholarship
ST1544,Advika Pathak,Female,22,Ahmedabad,Gujarat,BSc,CSE,8.47,6.9,UK,Computer Science,3342825,Yes,WhatsApp,New Lead,Priya Sharma,2025-06-06,2025-10-04,Dropped,99,Low,98,UK,Partial Scholarship
ST1545,Onveer Hayre,Female,21,Pune,Maharashtra,BSc,CSE,6.39,6.5,Germany,MBA,1040408,No,Seminar,Visa,Sneha Jain,2025-09-12,2025-11-26,Active,59,Medium,63,Germany,Not Eligible
ST1546,Matthew Chand,Male,27,Bhopal,Madhya Pradesh,BCom,CSE,8.54,6.8,Germany,Business Analytics,1431063,Yes,Seminar,Counseling,Rohit Gupta,2025-07-27,2025-11-23,Active,82,Low,87,Germany,Merit Scholarship
ST1547,Urvashi Iyer,Female,23,Pune,Maharashtra,BBA,CSE,9.64,7.5,Canada,Business Analytics,3139231,Yes,Seminar,Enrolled,Rohit Gupta,2025-08-16,2025-08-28,Converted,99,Low,100,Canada,Merit Scholarship
ST1548,Dipta Palan,Male,19,Chennai,Tamil Nadu,BBA,Marketing,7.87,7.8,Canada,Computer Science,3017173,No,WhatsApp,Application,Rohit Gupta,2024-10-02,2025-01-14,Dropped,99,Low,100,Canada,Partial Scholarship
ST1549,Wazir Zachariah,Male,23,Ahmedabad,Gujarat,BTech,Mechanical,9.27,8.1,Australia,MBA,1307371,Yes,WhatsApp,Visa,Rahul Singh,2025-06-21,2025-08-20,Active,91,Low,100,Germany,Merit Scholarship
ST1550,Daksh Kamdar,Male,22,Indore,Madhya Pradesh,BTech,IT,7.02,5.7,Germany,Data Science,1000406,No,Referral,Application,Amit Verma,2026-02-08,2026-05-26,Active,69,Medium,77,Germany,Not Eligible
ST1551,Saksham Master,Female,26,Jaipur,Rajasthan,BBA,Marketing,6.28,6.4,Germany,Data Science,984135,No,Website,New Lead,Sneha Jain,2024-06-07,2024-08-11,Dropped,54,Medium,61,Germany,Not Eligible
ST1552,Harsh Ramesh,Female,25,Mumbai,Maharashtra,BA,Marketing,6.03,5.9,USA,MBA,2515290,No,Seminar,Offer Letter,Sneha Jain,2025-06-21,2025-10-15,Dropped,67,Medium,64,USA,Not Eligible
ST1553,Ronith Bir,Male,20,Delhi,Delhi,BCom,CSE,7.37,6.4,Australia,Finance,3111843,Yes,Website,Documents,Sneha Jain,2024-07-17,2024-08-31,Dropped,88,Low,82,Australia,Not Eligible
ST1554,Panini Ravel,Male,21,Indore,Madhya Pradesh,BSc,Mechanical,7.3,6.3,Germany,Artificial Intelligence,1054539,Yes,Website,Application,Rahul Singh,2025-03-07,2025-05-18,Dropped,63,Medium,69,Germany,Not Eligible
ST1555,Sarthak Yadav,Female,28,Ahmedabad,Gujarat,BSc,CSE,8.99,6.7,Australia,Data Science,2429828,Yes,Website,Visa,Priya Sharma,2025-07-02,2025-07-24,Converted,99,Low,100,Australia,Merit Scholarship
ST1556,Meera Sidhu,Male,26,Indore,Madhya Pradesh,BSc,Marketing,7.14,6.5,Canada,MBA,1728785,No,WhatsApp,Offer Letter,Rohit Gupta,2025-10-05,2025-10-11,Inactive,78,Medium,71,Canada,Not Eligible
ST1557,Kamala Mutti,Female,21,Jaipur,Rajasthan,BCom,Marketing,6.01,6.9,Germany,Business Analytics,1487110,Yes,Seminar,Offer Letter,Rahul Singh,2025-05-22,2025-08-31,Inactive,64,Medium,64,Germany,Not Eligible
ST1558,Aryan Sekhon,Male,26,Jaipur,Rajasthan,BCom,ECE,7.51,6.1,Germany,MBA,1433561,Yes,Referral,Application,Rahul Singh,2024-11-08,2024-12-03,Dropped,87,Low,85,Germany,Partial Scholarship
ST1559,Vyanjana Palla,Male,21,Bhopal,Madhya Pradesh,BBA,Finance,6.21,8.1,Australia,Data Science,1967109,Yes,WhatsApp,Application,Rohit Gupta,2025-09-12,2025-11-19,Active,86,Medium,77,Canada,Not Eligible
ST1560,Jagvi Sood,Male,26,Mumbai,Maharashtra,BSc,Mechanical,8.46,7.5,Canada,Cyber Security,2702899,No,Instagram,Documents,Rohit Gupta,2026-02-18,2026-03-18,Inactive,96,Low,100,Canada,Partial Scholarship
ST1561,Hamsini Reddy,Male,23,Hyderabad,Telangana,BCom,Marketing,7.58,5.9,Canada,Artificial Intelligence,2141733,Yes,Seminar,Documents,Priya Sharma,2026-04-10,2026-07-15,Active,75,Medium,79,Canada,Partial Scholarship
ST1562,Nathaniel Varkey,Female,18,Delhi,Delhi,BTech,Biotechnology,7.62,7.6,UK,Business Analytics,3350989,Yes,Referral,Contacted,Amit Verma,2025-09-08,2025-10-09,Inactive,99,Low,100,Canada,Partial Scholarship
ST1563,Yadavi Das,Female,20,Mumbai,Maharashtra,BA,CSE,7.37,7.8,Australia,MBA,1919798,Yes,Seminar,Visa,Priya Sharma,2025-03-08,2025-06-03,Converted,81,Low,86,Canada,Not Eligible
ST1564,Aadhya Choudhary,Male,27,Chennai,Tamil Nadu,BSc,ECE,6.44,8.3,UK,Finance,2875861,Yes,Seminar,Enrolled,Sneha Jain,2026-05-17,2026-08-06,Converted,85,Low,92,Canada,Not Eligible
ST1565,Ranveer Dara,Female,20,Delhi,Delhi,BCom,ECE,8.4,6.7,Canada,MBA,863290,No,Referral,New Lead,Amit Verma,2024-07-31,2024-09-25,Active,99,Low,100,Germany,Partial Scholarship
ST1566,Agastya Seth,Male,26,Bangalore,Karnataka,BCom,ECE,7.95,8.5,Canada,MBA,2779516,No,WhatsApp,Documents,Rahul Singh,2025-04-10,2025-07-18,Dropped,99,Low,100,Canada,Partial Scholarship
ST1567,Deepa Kata,Male,18,Jaipur,Rajasthan,BCom,IT,8.59,7.9,Australia,Artificial Intelligence,1414167,Yes,Instagram,Application,Sneha Jain,2025-10-14,2025-10-31,Inactive,98,Low,99,Germany,Merit Scholarship
ST1568,Sanaya Patla,Male,28,Bangalore,Karnataka,BCom,CSE,8.54,6.3,Australia,Finance,1555431,Yes,WhatsApp,New Lead,Rahul Singh,2024-08-01,2024-11-10,Dropped,83,Low,82,Australia,Merit Scholarship
ST1569,Ekaraj Mangal,Male,27,Indore,Madhya Pradesh,BBA,Biotechnology,9.28,7.0,Australia,Finance,1940993,Yes,Website,Documents,Sneha Jain,2026-05-19,2026-06-12,Active,88,Low,97,Canada,Merit Scholarship
ST1570,Ekbal Lal,Male,20,Ahmedabad,Gujarat,BCom,Finance,6.83,8.5,Canada,MBA,1581160,No,Seminar,New Lead,Rahul Singh,2024-08-02,2024-11-18,Active,92,Low,88,Canada,Not Eligible
ST1571,Aishani Ravi,Male,24,Delhi,Delhi,BTech,Biotechnology,7.22,7.2,Canada,Business Analytics,2111735,No,Referral,Visa,Priya Sharma,2024-09-01,2024-12-22,Converted,98,Low,100,Canada,Not Eligible
ST1572,Finn Varma,Female,26,Mumbai,Maharashtra,BTech,IT,8.86,8.1,UK,Artificial Intelligence,2549084,Yes,WhatsApp,Visa,Priya Sharma,2026-04-15,2026-08-08,Converted,95,Low,100,Canada,Merit Scholarship
ST1573,Champak Deshmukh,Female,25,Delhi,Delhi,BCom,Mechanical,7.78,8.0,Canada,Data Science,2698730,No,Website,Documents,Amit Verma,2025-12-29,2026-02-02,Dropped,99,Low,100,Canada,Partial Scholarship
ST1574,Naveen Goda,Male,23,Chennai,Tamil Nadu,BA,ECE,7.7,7.6,Australia,Computer Science,3234127,No,Website,New Lead,Sneha Jain,2025-09-08,2025-11-04,Active,98,Low,97,Canada,Partial Scholarship
ST1575,Ekani Jayaraman,Male,27,Ahmedabad,Gujarat,BTech,Finance,8.27,6.0,UK,Business Analytics,2737675,Yes,WhatsApp,Application,Amit Verma,2025-02-27,2025-04-21,Inactive,81,Low,87,UK,Partial Scholarship
ST1576,Panini Konda,Male,19,Mumbai,Maharashtra,BSc,CSE,8.67,5.8,UK,MBA,1696938,Yes,WhatsApp,New Lead,Amit Verma,2026-04-27,2026-05-11,Active,73,Medium,78,UK,Merit Scholarship
ST1577,Noah Agate,Male,21,Ahmedabad,Gujarat,BA,IT,7.54,5.8,UK,Data Science,2399647,No,Instagram,Visa,Rahul Singh,2024-11-11,2025-02-20,Converted,81,Medium,77,UK,Partial Scholarship
ST1578,Vanya Palan,Male,23,Bangalore,Karnataka,BTech,CSE,8.58,5.8,Canada,Finance,1938153,Yes,Referral,Offer Letter,Priya Sharma,2025-10-29,2026-02-21,Active,88,Low,92,Canada,Merit Scholarship
ST1579,Hamsini Kapadia,Female,18,Bhopal,Madhya Pradesh,BSc,IT,6.17,6.6,UK,Finance,1927237,No,Instagram,Contacted,Amit Verma,2025-01-19,2025-01-26,Dropped,54,Medium,61,UK,Not Eligible
ST1580,Yashawini Srinivas,Female,27,Delhi,Delhi,BA,Finance,6.55,6.2,UK,Finance,1538784,No,Referral,Contacted,Rohit Gupta,2025-05-18,2025-08-11,Active,71,Medium,77,UK,Not Eligible
ST1581,Riya Batra,Male,18,Indore,Madhya Pradesh,BCom,Biotechnology,8.09,8.3,Australia,Finance,3365723,No,WhatsApp,Application,Sneha Jain,2026-04-04,2026-05-14,Active,99,Low,100,Canada,Partial Scholarship
ST1582,Forum Rajan,Female,18,Mumbai,Maharashtra,BSc,IT,6.59,6.0,UK,MBA,2745361,No,WhatsApp,Visa,Rohit Gupta,2025-08-18,2025-09-13,Converted,66,Medium,70,UK,Not Eligible
ST1583,Girik Vig,Female,27,Chennai,Tamil Nadu,BBA,Mechanical,7.54,7.7,Canada,Business Analytics,2529336,No,Referral,Enrolled,Rahul Singh,2024-09-09,2024-11-18,Converted,99,Low,100,Canada,Partial Scholarship
ST1584,Shravya Dutt,Male,27,Chennai,Tamil Nadu,BSc,IT,6.63,8.0,UK,Artificial Intelligence,1661165,Yes,WhatsApp,Documents,Amit Verma,2024-12-04,2025-01-04,Inactive,88,Low,81,Canada,Not Eligible
ST1585,Leela Morar,Female,28,Indore,Madhya Pradesh,BTech,Mechanical,8.89,6.0,UK,Computer Science,2379553,Yes,WhatsApp,Enrolled,Amit Verma,2024-06-09,2024-08-30,Converted,87,Low,93,UK,Merit Scholarship
ST1586,Quincy Oza,Female,28,Ahmedabad,Gujarat,BBA,CSE,8.5,8.0,Canada,MBA,1521022,Yes,WhatsApp,Visa,Sneha Jain,2025-12-17,2026-02-18,Converted,99,Low,100,Canada,Merit Scholarship
ST1587,Lila Parmer,Female,26,Hyderabad,Telangana,BTech,Finance,6.14,7.3,USA,Computer Science,3368252,No,Seminar,New Lead,Priya Sharma,2025-06-26,2025-07-08,Inactive,77,Medium,79,Canada,Not Eligible
ST1588,Mitesh Taneja,Male,18,Pune,Maharashtra,BSc,ECE,8.81,5.7,Germany,Business Analytics,821609,Yes,Seminar,Visa,Rohit Gupta,2025-12-08,2026-04-04,Active,70,Low,80,Germany,Merit Scholarship
ST1589,Yochana Chahal,Female,20,Ahmedabad,Gujarat,BA,ECE,7.25,6.6,USA,Business Analytics,3410647,No,WhatsApp,Application,Sneha Jain,2026-02-27,2026-04-09,Active,89,Low,82,USA,Not Eligible
ST1590,Adweta Pillai,Male,22,Ahmedabad,Gujarat,BTech,Marketing,6.77,7.5,Canada,Business Analytics,2110097,Yes,WhatsApp,Visa,Sneha Jain,2024-11-27,2025-03-04,Converted,85,Low,87,Canada,Not Eligible
ST1591,Brinda Nayak,Male,28,Chennai,Tamil Nadu,BCom,IT,8.58,8.0,Canada,Data Science,1513263,Yes,Instagram,Visa,Amit Verma,2025-05-22,2025-06-03,Converted,99,Low,100,Canada,Merit Scholarship
ST1592,Hardik Dhawan,Female,18,Jaipur,Rajasthan,BCom,CSE,6.64,8.3,Australia,Data Science,998179,Yes,Website,Visa,Sneha Jain,2024-09-04,2024-11-25,Active,89,Low,84,Germany,Not Eligible
ST1593,Gabriel Barad,Female,24,Indore,Madhya Pradesh,BBA,ECE,9.77,7.5,UK,MBA,1557274,Yes,Seminar,Offer Letter,Priya Sharma,2025-03-26,2025-05-18,Inactive,95,Low,100,Canada,Merit Scholarship
ST1594,Omisha Randhawa,Male,21,Bangalore,Karnataka,BBA,CSE,7.69,7.7,UK,Business Analytics,2779082,Yes,Referral,Enrolled,Rohit Gupta,2025-12-11,2026-02-05,Converted,92,Low,100,Canada,Partial Scholarship
ST1595,Nihal Bal,Male,19,Mumbai,Maharashtra,BSc,IT,7.58,6.4,Germany,Computer Science,1324265,Yes,Seminar,Application,Sneha Jain,2025-02-24,2025-06-05,Inactive,65,Medium,74,Germany,Partial Scholarship
ST1596,Chameli Mahajan,Male,25,Jaipur,Rajasthan,BTech,ECE,8.9,6.8,USA,MBA,3196985,Yes,Instagram,New Lead,Sneha Jain,2025-12-26,2026-01-12,Active,93,Low,100,USA,Merit Scholarship
ST1597,Gavin Bhasin,Female,27,Bhopal,Madhya Pradesh,BCom,Mechanical,6.83,6.0,Canada,Data Science,1671329,No,Referral,Documents,Rahul Singh,2025-11-16,2025-11-20,Active,85,Medium,78,Canada,Not Eligible
ST1598,Devika Sha,Female,20,Pune,Maharashtra,BA,Biotechnology,9.29,7.8,UK,MBA,3219036,Yes,Seminar,Visa,Amit Verma,2024-11-23,2025-01-09,Converted,93,Low,100,Canada,Merit Scholarship
ST1599,Dominic Narain,Female,28,Delhi,Delhi,BSc,Marketing,6.72,6.1,Canada,Computer Science,917750,Yes,WhatsApp,Application,Sneha Jain,2025-03-22,2025-05-20,Dropped,72,Medium,62,Germany,Not Eligible
ST1600,Geetika Oza,Male,19,Mumbai,Maharashtra,BA,IT,6.93,6.7,Australia,MBA,1548316,No,WhatsApp,Visa,Rohit Gupta,2025-01-24,2025-03-13,Active,74,Medium,71,Australia,Not Eligible
ST1601,Aashi Dutt,Female,27,Ahmedabad,Gujarat,BBA,CSE,6.16,7.1,Australia,Business Analytics,2085082,Yes,Seminar,Application,Amit Verma,2024-08-08,2024-10-12,Active,72,Medium,76,Canada,Not Eligible
ST1602,Netra Konda,Male,25,Bangalore,Karnataka,BBA,Finance,8.44,7.9,Australia,MBA,1829364,Yes,Website,New Lead,Amit Verma,2025-02-09,2025-05-07,Inactive,99,Low,98,Canada,Partial Scholarship
ST1603,Daksh Ganesh,Male,23,Indore,Madhya Pradesh,BSc,IT,6.79,7.8,Australia,Business Analytics,3449587,No,Website,Offer Letter,Priya Sharma,2024-10-14,2024-11-17,Inactive,93,Low,90,Canada,Not Eligible
ST1604,Faqid Ravel,Male,23,Delhi,Delhi,BBA,IT,7.15,7.3,Germany,Cyber Security,1212947,No,Instagram,New Lead,Amit Verma,2026-04-09,2026-05-15,Active,88,Medium,79,Germany,Not Eligible
ST1605,Neelima Bhatt,Female,22,Ahmedabad,Gujarat,BSc,Finance,8.97,8.3,Australia,Computer Science,1342542,Yes,WhatsApp,Enrolled,Amit Verma,2024-12-23,2024-12-29,Converted,99,Low,100,Germany,Merit Scholarship
ST1606,Chameli Goel,Male,24,Bangalore,Karnataka,BSc,Marketing,9.62,5.9,Germany,Cyber Security,1407019,Yes,Instagram,Enrolled,Rahul Singh,2025-07-31,2025-08-03,Converted,94,Low,90,Germany,Merit Scholarship
ST1607,Samarth Bains,Male,26,Pune,Maharashtra,BTech,Biotechnology,7.6,6.1,Canada,Computer Science,1784090,Yes,Seminar,Offer Letter,Priya Sharma,2026-05-20,2026-06-13,Active,72,Medium,70,Canada,Partial Scholarship
ST1608,Hemang Viswanathan,Female,28,Hyderabad,Telangana,BA,Marketing,7.44,8.2,Australia,Finance,1863378,No,WhatsApp,Contacted,Amit Verma,2024-10-05,2025-02-01,Inactive,88,Low,90,Canada,Not Eligible
ST1609,Rishi Munshi,Male,24,Chennai,Tamil Nadu,BTech,Finance,9.04,7.3,Canada,Finance,1970321,Yes,Referral,Application,Rahul Singh,2025-08-28,2025-12-13,Dropped,99,Low,100,Canada,Merit Scholarship
ST1610,Vasana Brar,Male,19,Mumbai,Maharashtra,BA,CSE,6.85,7.0,Canada,Computer Science,1901840,Yes,Referral,Contacted,Rahul Singh,2025-08-12,2025-11-24,Inactive,85,Low,88,Canada,Not Eligible
ST1611,Yutika Mukhopadhyay,Female,26,Mumbai,Maharashtra,BCom,Marketing,8.24,8.5,UK,Cyber Security,819675,No,Referral,Application,Priya Sharma,2025-02-26,2025-05-21,Inactive,99,Low,100,Germany,Partial Scholarship
ST1612,Warinder Murthy,Male,25,Bangalore,Karnataka,BCom,IT,9.43,8.3,Australia,Business Analytics,2033661,Yes,Referral,Offer Letter,Rahul Singh,2025-12-17,2026-02-24,Active,99,Low,100,Canada,Merit Scholarship
ST1613,Harrison Sane,Female,18,Chennai,Tamil Nadu,BBA,Marketing,7.3,8.3,Canada,Cyber Security,3181841,Yes,WhatsApp,New Lead,Rohit Gupta,2025-02-08,2025-03-18,Dropped,93,Low,100,Canada,Not Eligible
ST1614,Bhavani Agrawal,Female,20,Pune,Maharashtra,BA,Mechanical,6.18,6.3,Germany,Computer Science,1417031,No,Referral,New Lead,Priya Sharma,2025-05-30,2025-06-08,Dropped,66,Medium,73,Germany,Not Eligible
ST1615,Wahab Agate,Male,18,Chennai,Tamil Nadu,BBA,Finance,6.88,7.8,Canada,Finance,1107544,Yes,Seminar,Offer Letter,Sneha Jain,2025-09-06,2025-12-22,Inactive,86,Low,81,Germany,Not Eligible
ST1616,Manya Balay,Male,19,Hyderabad,Telangana,BBA,IT,6.04,7.9,UK,Business Analytics,2680947,Yes,Referral,Counseling,Sneha Jain,2026-02-14,2026-04-01,Dropped,97,Low,99,Canada,Not Eligible
ST1617,Eta Mutti,Female,24,Ahmedabad,Gujarat,BTech,ECE,7.25,6.6,Canada,Finance,2721288,Yes,Instagram,Counseling,Sneha Jain,2024-09-01,2024-12-30,Inactive,86,Low,82,Canada,Not Eligible
ST1618,Chatura Chander,Male,20,Ahmedabad,Gujarat,BBA,IT,6.18,7.5,Canada,Finance,2682566,No,WhatsApp,Visa,Rahul Singh,2025-10-23,2026-01-07,Converted,80,Low,81,Canada,Not Eligible
ST1619,Megha Viswanathan,Male,28,Indore,Madhya Pradesh,BBA,Marketing,6.04,6.6,Germany,Business Analytics,951062,Yes,Seminar,Counseling,Rohit Gupta,2025-11-22,2025-11-30,Dropped,66,Medium,60,Germany,Not Eligible
ST1620,Jason Pandit,Female,23,Jaipur,Rajasthan,BTech,Biotechnology,8.07,7.9,Australia,MBA,2814584,Yes,Website,Counseling,Rahul Singh,2026-02-03,2026-04-05,Dropped,99,Low,100,Canada,Partial Scholarship
ST1621,Advay Oza,Male,22,Chennai,Tamil Nadu,BSc,IT,7.69,7.0,Canada,Computer Science,2433258,Yes,Seminar,Visa,Amit Verma,2025-12-04,2026-03-31,Converted,94,Low,91,Canada,Partial Scholarship
ST1622,Anusha Kala,Male,20,Indore,Madhya Pradesh,BBA,Biotechnology,7.65,5.8,Australia,Data Science,2730831,No,Referral,Visa,Amit Verma,2024-11-26,2025-01-23,Active,89,Low,93,Australia,Partial Scholarship
ST1623,Meera Batra,Male,20,Hyderabad,Telangana,BCom,Mechanical,8.42,7.9,Australia,Data Science,3265549,Yes,Seminar,Visa,Sneha Jain,2025-06-23,2025-10-21,Converted,99,Low,100,Canada,Partial Scholarship
ST1624,Oliver Vala,Male,23,Indore,Madhya Pradesh,BTech,Finance,7.42,8.4,Canada,Computer Science,1437329,No,Referral,Counseling,Sneha Jain,2024-09-11,2025-01-02,Inactive,99,Low,100,Germany,Not Eligible
ST1625,Tejas Dey,Female,18,Ahmedabad,Gujarat,BBA,Finance,9.09,7.7,UK,Data Science,2259363,Yes,Instagram,Contacted,Amit Verma,2024-06-01,2024-09-19,Inactive,93,Low,100,Canada,Merit Scholarship
ST1626,Baljiwan Chandra,Male,26,Chennai,Tamil Nadu,BBA,IT,9.6,7.5,Canada,Artificial Intelligence,1779893,Yes,Seminar,Enrolled,Amit Verma,2024-06-24,2024-09-27,Converted,99,Low,100,Canada,Merit Scholarship
ST1627,Netra Patla,Female,19,Chennai,Tamil Nadu,BA,Marketing,9.72,8.4,UK,Cyber Security,3351331,Yes,Website,New Lead,Sneha Jain,2026-02-21,2026-05-24,Dropped,99,Low,100,Canada,Merit Scholarship
ST1628,Hardik Sankaran,Female,19,Ahmedabad,Gujarat,BTech,ECE,9.51,8.4,UK,Finance,2082454,Yes,Referral,Documents,Sneha Jain,2024-08-16,2024-11-17,Dropped,92,Low,100,Canada,Merit Scholarship
ST1629,Azad Dhingra,Female,23,Delhi,Delhi,BSc,Marketing,7.85,6.6,UK,MBA,2892611,Yes,Referral,Enrolled,Amit Verma,2026-03-31,2026-06-02,Converted,99,Low,100,UK,Partial Scholarship
ST1630,Zansi Peri,Male,23,Mumbai,Maharashtra,BTech,Finance,6.91,7.2,Germany,Business Analytics,1205477,No,Referral,Enrolled,Priya Sharma,2024-11-26,2025-03-09,Converted,95,Low,91,Germany,Not Eligible
ST1631,Jagdish Ramanathan,Female,23,Mumbai,Maharashtra,BBA,Marketing,7.4,8.3,UK,MBA,2335634,Yes,Website,New Lead,Amit Verma,2025-07-27,2025-10-28,Active,91,Low,100,Canada,Not Eligible
ST1632,Faraj Raj,Female,27,Indore,Madhya Pradesh,BSc,Finance,7.48,6.9,Germany,Data Science,1115652,Yes,WhatsApp,Offer Letter,Priya Sharma,2025-06-17,2025-07-20,Inactive,78,Medium,78,Germany,Not Eligible
ST1633,Zayan Ghosh,Female,26,Bhopal,Madhya Pradesh,BCom,CSE,6.55,8.4,Australia,Business Analytics,2983911,No,WhatsApp,Counseling,Rahul Singh,2024-11-12,2025-01-19,Active,85,Low,94,Canada,Not Eligible
ST1634,Damyanti Raghavan,Male,18,Pune,Maharashtra,BTech,Biotechnology,8.44,6.0,UK,Finance,1842223,Yes,Seminar,Visa,Amit Verma,2025-06-27,2025-08-12,Active,73,Medium,79,UK,Partial Scholarship
ST1635,Manan Setty,Female,22,Chennai,Tamil Nadu,BCom,ECE,8.92,6.4,Canada,MBA,1913164,Yes,Referral,Counseling,Amit Verma,2025-08-11,2025-11-15,Dropped,99,Low,100,Canada,Merit Scholarship
ST1636,Anamika Gade,Male,24,Mumbai,Maharashtra,BBA,Mechanical,7.39,7.8,Australia,Computer Science,854542,No,Seminar,New Lead,Sneha Jain,2026-05-11,2026-06-24,Active,85,Low,86,Germany,Not Eligible
ST1637,Jeet Date,Female,19,Pune,Maharashtra,BSc,Finance,9.24,6.1,USA,Artificial Intelligence,3294956,Yes,WhatsApp,Documents,Rahul Singh,2024-07-26,2024-10-10,Dropped,87,Low,97,USA,Merit Scholarship
ST1638,Om Ramachandran,Female,18,Mumbai,Maharashtra,BTech,Mechanical,9.6,5.9,Canada,Data Science,1641472,Yes,Instagram,New Lead,Rohit Gupta,2026-02-07,2026-02-09,Dropped,83,Low,90,Canada,Merit Scholarship
ST1639,Dakshesh Oak,Male,27,Pune,Maharashtra,BCom,Biotechnology,6.5,8.4,Canada,Artificial Intelligence,2752245,No,Website,New Lead,Priya Sharma,2025-06-07,2025-09-19,Active,87,Low,94,Canada,Not Eligible
ST1640,Darika Oak,Male,18,Ahmedabad,Gujarat,BSc,IT,8.95,7.7,Canada,Computer Science,2708850,Yes,Instagram,Enrolled,Priya Sharma,2024-12-25,2025-01-24,Converted,99,Low,100,Canada,Merit Scholarship
ST1641,Anay Date,Female,24,Ahmedabad,Gujarat,BTech,Finance,6.34,6.8,Germany,Computer Science,1306403,No,Seminar,Visa,Amit Verma,2024-10-01,2024-10-30,Converted,75,Medium,65,Germany,Not Eligible
ST1642,Jackson Comar,Male,28,Jaipur,Rajasthan,BCom,Biotechnology,6.68,5.6,Canada,Data Science,973106,No,Instagram,Documents,Rahul Singh,2024-10-17,2025-01-25,Dropped,53,High,56,Germany,Not Eligible
ST1643,Qasim Naik,Male,20,Delhi,Delhi,BBA,Marketing,7.1,5.7,Canada,Artificial Intelligence,1181048,Yes,WhatsApp,Visa,Priya Sharma,2024-09-12,2024-09-30,Converted,53,Medium,62,Germany,Not Eligible
ST1644,Falan Bera,Male,23,Bhopal,Madhya Pradesh,BTech,Marketing,8.64,7.7,Australia,Business Analytics,1446422,Yes,WhatsApp,Documents,Rahul Singh,2025-03-08,2025-04-06,Dropped,99,Low,98,Germany,Merit Scholarship
ST1645,Gaurang Johal,Female,24,Hyderabad,Telangana,BCom,Finance,7.94,6.3,Canada,Computer Science,973031,No,Website,Enrolled,Sneha Jain,2024-11-13,2025-02-21,Converted,71,Medium,76,Germany,Partial Scholarship
ST1646,Rachit Jain,Female,25,Chennai,Tamil Nadu,BA,Marketing,9.63,6.7,Germany,Cyber Security,1189503,Yes,Instagram,Visa,Amit Verma,2025-04-11,2025-04-21,Converted,98,Low,98,Germany,Merit Scholarship
ST1647,Gaurang Chandran,Male,28,Indore,Madhya Pradesh,BBA,Marketing,8.61,6.1,Australia,Data Science,1919365,Yes,Referral,Contacted,Rohit Gupta,2024-10-04,2025-01-10,Dropped,88,Low,96,Australia,Merit Scholarship
ST1648,David Kohli,Female,24,Delhi,Delhi,BCom,Biotechnology,8.52,7.6,Canada,Data Science,3059380,Yes,Instagram,Counseling,Amit Verma,2025-02-14,2025-05-13,Dropped,99,Low,100,Canada,Merit Scholarship
ST1649,Dipta Mittal,Female,27,Ahmedabad,Gujarat,BA,Biotechnology,7.9,6.8,Australia,Data Science,2305605,No,Website,Counseling,Rohit Gupta,2025-08-16,2025-11-10,Inactive,99,Low,91,Australia,Partial Scholarship
ST1650,Manthan Tella,Female,19,Mumbai,Maharashtra,BA,CSE,7.59,8.3,Canada,Computer Science,2242020,No,Seminar,Enrolled,Sneha Jain,2025-04-27,2025-04-30,Converted,98,Low,100,Canada,Partial Scholarship
ST1651,Panini Pathak,Male,18,Bangalore,Karnataka,BTech,Marketing,8.22,6.6,Canada,Artificial Intelligence,1317391,No,WhatsApp,Contacted,Priya Sharma,2025-06-27,2025-07-20,Dropped,92,Low,82,Germany,Partial Scholarship
ST1652,Ronith Magar,Female,22,Jaipur,Rajasthan,BBA,Finance,8.61,5.9,Canada,Computer Science,2448813,Yes,Instagram,Visa,Priya Sharma,2024-09-25,2025-01-03,Converted,80,Low,90,Canada,Merit Scholarship
ST1653,Jasmit Pandit,Female,18,Bhopal,Madhya Pradesh,BA,ECE,6.79,8.4,Canada,Artificial Intelligence,1845583,Yes,Instagram,Offer Letter,Rohit Gupta,2025-12-25,2026-03-14,Active,96,Low,86,Canada,Not Eligible
ST1654,Azaan Bose,Female,26,Bangalore,Karnataka,BTech,Mechanical,6.2,5.9,Canada,Cyber Security,2282219,No,WhatsApp,Contacted,Rahul Singh,2025-03-11,2025-06-27,Dropped,75,Medium,66,Canada,Not Eligible
ST1655,Gautam Nori,Female,18,Pune,Maharashtra,BSc,Mechanical,9.63,7.0,Germany,Artificial Intelligence,1429694,Yes,Website,Application,Rohit Gupta,2026-05-01,2026-05-14,Dropped,99,Low,100,Germany,Merit Scholarship
ST1656,Ayushman Barman,Male,27,Delhi,Delhi,BBA,IT,6.47,5.9,Germany,Artificial Intelligence,821433,No,WhatsApp,Offer Letter,Rahul Singh,2025-06-18,2025-06-22,Dropped,64,High,58,Germany,Not Eligible
ST1657,Zansi Mitter,Male,28,Ahmedabad,Gujarat,BCom,Biotechnology,7.05,5.6,Australia,MBA,2234968,Yes,WhatsApp,New Lead,Sneha Jain,2024-11-13,2024-12-07,Dropped,70,Medium,70,Australia,Not Eligible
ST1658,Udant Devan,Male,19,Hyderabad,Telangana,BBA,Marketing,6.79,8.3,Australia,Computer Science,1674084,No,Referral,Visa,Rohit Gupta,2025-04-08,2025-07-18,Active,99,Low,100,Canada,Not Eligible
ST1659,Nathaniel Garg,Female,20,Bangalore,Karnataka,BA,ECE,8.56,7.2,Australia,Cyber Security,1641729,Yes,Referral,Counseling,Sneha Jain,2026-01-06,2026-04-02,Dropped,99,Low,100,Canada,Merit Scholarship
ST1660,Chameli Goyal,Female,24,Mumbai,Maharashtra,BSc,Marketing,6.78,5.6,UK,Artificial Intelligence,2914462,No,Referral,Application,Sneha Jain,2025-08-11,2025-10-29,Inactive,82,Low,82,UK,Not Eligible
ST1661,Orinder Badami,Male,19,Ahmedabad,Gujarat,BBA,Marketing,7.81,6.5,Canada,MBA,1810491,Yes,Instagram,Enrolled,Rohit Gupta,2025-02-01,2025-05-24,Converted,78,Medium,78,Canada,Partial Scholarship
ST1662,Nisha Samra,Male,18,Bangalore,Karnataka,BSc,CSE,6.77,6.7,Canada,Data Science,2248422,Yes,Referral,New Lead,Amit Verma,2025-07-01,2025-07-28,Dropped,87,Low,94,Canada,Not Eligible
ST1663,Indrajit Nanda,Female,24,Chennai,Tamil Nadu,BTech,IT,6.98,6.8,Germany,Business Analytics,951871,Yes,Seminar,Application,Amit Verma,2025-05-10,2025-09-04,Dropped,76,Medium,71,Germany,Not Eligible
ST1664,Tanmayi Sur,Female,25,Jaipur,Rajasthan,BBA,ECE,6.75,5.6,Canada,Finance,1046962,No,Instagram,Documents,Priya Sharma,2026-02-06,2026-05-07,Active,56,High,57,Germany,Not Eligible
ST1665,Ekavir Balasubramanian,Female,24,Indore,Madhya Pradesh,BBA,Mechanical,6.64,6.7,UK,Cyber Security,2884495,Yes,Website,Enrolled,Rohit Gupta,2024-11-16,2024-12-18,Converted,69,Medium,78,UK,Not Eligible
ST1666,Jagrati Bains,Male,21,Indore,Madhya Pradesh,BBA,Biotechnology,9.26,7.8,Australia,Finance,2995816,Yes,Seminar,Contacted,Rahul Singh,2025-04-07,2025-04-29,Active,99,Low,100,Canada,Merit Scholarship
ST1667,Reyansh Chana,Male,18,Hyderabad,Telangana,BBA,Mechanical,7.92,7.4,Canada,Data Science,2260801,Yes,Instagram,Offer Letter,Sneha Jain,2025-11-24,2025-12-08,Inactive,99,Low,98,Canada,Partial Scholarship
ST1668,Lekha Pant,Male,27,Bangalore,Karnataka,BBA,Mechanical,9.34,8.5,UK,Cyber Security,2529054,Yes,Referral,New Lead,Rahul Singh,2025-10-08,2025-11-30,Active,98,Low,100,Canada,Merit Scholarship
ST1669,Avni Murthy,Female,22,Chennai,Tamil Nadu,BTech,CSE,8.33,7.4,UK,MBA,2232541,Yes,Website,Enrolled,Rahul Singh,2025-11-09,2025-11-17,Converted,99,Low,100,Canada,Partial Scholarship
ST1670,David Swaminathan,Female,28,Delhi,Delhi,BSc,Marketing,7.82,5.6,Australia,Business Analytics,2382109,Yes,Website,Offer Letter,Sneha Jain,2025-11-13,2025-11-27,Active,70,Medium,78,Australia,Partial Scholarship
ST1671,Yamini Kothari,Female,26,Ahmedabad,Gujarat,BBA,Marketing,7.3,8.2,UK,Business Analytics,1595332,No,Instagram,Counseling,Rahul Singh,2025-04-20,2025-05-03,Dropped,90,Low,88,Canada,Not Eligible
ST1672,Jason Chad,Female,28,Pune,Maharashtra,BA,Marketing,7.17,6.1,Australia,MBA,2231760,Yes,Referral,Counseling,Rahul Singh,2025-04-20,2025-06-09,Inactive,89,Low,91,Australia,Not Eligible
ST1673,Yahvi Bhargava,Female,20,Bhopal,Madhya Pradesh,BSc,Biotechnology,8.16,8.2,Australia,MBA,2047398,Yes,Referral,Offer Letter,Amit Verma,2025-04-27,2025-06-10,Active,94,Low,100,Canada,Partial Scholarship
ST1674,Lakshit Cherian,Female,24,Bangalore,Karnataka,BSc,Mechanical,6.66,7.9,Australia,MBA,1294635,No,Instagram,Counseling,Amit Verma,2025-09-22,2025-10-01,Active,80,Low,80,Germany,Not Eligible
ST1675,Chatresh Srinivas,Male,18,Pune,Maharashtra,BTech,IT,8.18,8.1,Australia,Business Analytics,1985487,No,Referral,Visa,Rahul Singh,2025-03-04,2025-05-27,Converted,90,Low,100,Canada,Partial Scholarship
ST1676,Parth Krishnan,Male,26,Ahmedabad,Gujarat,BSc,ECE,8.77,8.2,Canada,Cyber Security,1188602,Yes,Referral,Counseling,Rahul Singh,2024-08-09,2024-11-13,Inactive,90,Low,100,Germany,Merit Scholarship
ST1677,Chavvi Edwin,Male,24,Chennai,Tamil Nadu,BA,Biotechnology,8.95,6.3,Canada,Business Analytics,3487526,Yes,WhatsApp,Documents,Sneha Jain,2024-07-06,2024-08-22,Inactive,95,Low,96,Canada,Merit Scholarship
ST1678,Dalaja Badami,Female,21,Jaipur,Rajasthan,BSc,Marketing,6.61,6.6,Canada,Data Science,2400089,No,Seminar,Contacted,Rahul Singh,2026-01-19,2026-02-17,Active,83,Medium,76,Canada,Not Eligible
ST1679,Wridesh De,Male,19,Delhi,Delhi,BTech,Finance,9.78,8.4,Australia,Cyber Security,1525934,Yes,Website,Contacted,Rohit Gupta,2024-11-17,2025-01-17,Active,98,Low,100,Canada,Merit Scholarship
ST1680,Fitan Bassi,Female,21,Chennai,Tamil Nadu,BCom,Biotechnology,6.83,7.7,Australia,Finance,2183514,No,Referral,Application,Rohit Gupta,2026-03-01,2026-05-13,Active,99,Low,100,Canada,Not Eligible
ST1681,Rajeshri Shenoy,Female,28,Chennai,Tamil Nadu,BCom,CSE,9.16,6.6,UK,Cyber Security,2961887,Yes,Referral,Enrolled,Amit Verma,2024-12-04,2025-03-10,Converted,99,Low,100,UK,Merit Scholarship
ST1682,Advaith Shetty,Female,27,Delhi,Delhi,BBA,IT,6.83,7.5,Australia,Data Science,3208506,Yes,Seminar,Visa,Rahul Singh,2024-08-07,2024-11-28,Converted,91,Low,88,Canada,Not Eligible
ST1683,Siya Anand,Male,23,Ahmedabad,Gujarat,BA,Mechanical,7.99,6.2,Australia,Business Analytics,3357822,No,Seminar,Documents,Rohit Gupta,2024-10-18,2025-02-04,Dropped,96,Low,86,Australia,Partial Scholarship
ST1684,Gautam Gokhale,Female,28,Chennai,Tamil Nadu,BA,CSE,9.25,7.4,UK,Business Analytics,3062204,Yes,WhatsApp,Documents,Rahul Singh,2024-11-26,2025-01-06,Active,99,Low,100,Canada,Merit Scholarship
ST1685,Faras Apte,Female,25,Indore,Madhya Pradesh,BA,Mechanical,6.92,8.2,UK,Data Science,2427388,Yes,WhatsApp,Visa,Rohit Gupta,2025-06-15,2025-08-07,Converted,86,Low,95,Canada,Not Eligible
ST1686,Dipta Gupta,Female,21,Bhopal,Madhya Pradesh,BSc,Biotechnology,7.32,8.2,UK,Data Science,922828,Yes,Instagram,Enrolled,Sneha Jain,2025-04-25,2025-07-07,Converted,84,Low,89,Germany,Not Eligible
ST1687,Ranveer Tata,Male,20,Bhopal,Madhya Pradesh,BA,ECE,9.0,6.3,UK,Data Science,2997617,Yes,Seminar,Counseling,Amit Verma,2026-05-23,2026-08-11,Active,95,Low,97,UK,Merit Scholarship
ST1688,Peter Grover,Male,23,Hyderabad,Telangana,BTech,ECE,7.11,6.5,Germany,Cyber Security,1498052,Yes,Website,Offer Letter,Priya Sharma,2025-06-23,2025-06-29,Active,73,Medium,71,Germany,Not Eligible
ST1689,Vasana Amble,Male,18,Pune,Maharashtra,BA,Biotechnology,7.77,6.2,UK,Artificial Intelligence,2966141,Yes,Referral,Enrolled,Rahul Singh,2024-09-08,2024-12-01,Converted,99,Low,99,UK,Partial Scholarship
ST1690,Chandran Mangal,Male,28,Bangalore,Karnataka,BSc,CSE,6.12,6.3,Canada,MBA,3431870,No,Website,Enrolled,Priya Sharma,2026-02-20,2026-03-03,Converted,63,Medium,68,Canada,Not Eligible
ST1691,Anamika Sood,Male,21,Indore,Madhya Pradesh,BA,Finance,8.22,7.4,Australia,Computer Science,2876968,No,Seminar,Contacted,Amit Verma,2024-11-15,2024-12-27,Active,98,Low,100,Canada,Partial Scholarship
ST1692,Keya Toor,Male,24,Indore,Madhya Pradesh,BCom,Biotechnology,8.33,8.3,UK,Finance,1907753,Yes,Instagram,New Lead,Rahul Singh,2025-04-07,2025-04-26,Active,98,Low,100,Canada,Partial Scholarship
ST1693,Onkar Sibal,Female,18,Jaipur,Rajasthan,BSc,Mechanical,6.33,6.7,Australia,Business Analytics,1800398,No,WhatsApp,Counseling,Rohit Gupta,2026-04-07,2026-06-13,Inactive,65,Medium,65,Australia,Not Eligible
ST1694,Oscar Shetty,Female,20,Pune,Maharashtra,BA,IT,7.0,7.6,Australia,Cyber Security,1861708,No,WhatsApp,Counseling,Priya Sharma,2025-09-27,2026-01-25,Active,75,Low,80,Canada,Not Eligible
ST1695,Onkar Samra,Female,21,Bhopal,Madhya Pradesh,BTech,Mechanical,6.26,7.9,UK,Business Analytics,2949709,Yes,Seminar,Documents,Rahul Singh,2025-07-23,2025-10-04,Inactive,89,Low,86,Canada,Not Eligible
ST1696,Timothy Barad,Female,28,Jaipur,Rajasthan,BSc,Finance,7.49,7.1,Germany,Cyber Security,1410057,Yes,Instagram,Counseling,Rohit Gupta,2024-08-13,2024-09-03,Active,78,Medium,79,Germany,Not Eligible
ST1697,Manya Toor,Male,24,Jaipur,Rajasthan,BBA,Marketing,9.02,7.3,Germany,Cyber Security,1331210,Yes,Website,Documents,Sneha Jain,2025-02-04,2025-04-30,Active,97,Low,98,Germany,Merit Scholarship
ST1698,Ekbal Dewan,Male,23,Delhi,Delhi,BBA,ECE,6.74,6.4,Germany,Data Science,1093828,No,Website,Application,Sneha Jain,2024-07-30,2024-11-07,Active,56,Medium,66,Germany,Not Eligible
ST1699,Krisha Hari,Male,21,Pune,Maharashtra,BTech,Finance,6.95,7.7,UK,Cyber Security,1505238,Yes,Seminar,Contacted,Rohit Gupta,2026-05-28,2026-07-13,Inactive,73,Low,81,Canada,Not Eligible
ST1700,Michael Jayaraman,Female,22,Ahmedabad,Gujarat,BTech,IT,8.54,6.1,Australia,Computer Science,3478248,Yes,Seminar,Counseling,Rahul Singh,2025-03-03,2025-05-01,Active,96,Low,90,Australia,Merit Scholarship
ST1701,Daksha Varughese,Male,20,Indore,Madhya Pradesh,BTech,Biotechnology,6.98,6.9,USA,Data Science,2877060,Yes,Referral,Visa,Amit Verma,2025-06-27,2025-08-17,Converted,99,Low,98,USA,Not Eligible
ST1702,Karan Desai,Male,20,Bhopal,Madhya Pradesh,BTech,Marketing,9.53,7.3,Germany,Business Analytics,1485021,Yes,WhatsApp,Offer Letter,Priya Sharma,2025-10-09,2025-11-24,Inactive,99,Low,100,Germany,Merit Scholarship
ST1703,Veda Kanda,Male,26,Pune,Maharashtra,BA,Mechanical,9.54,6.9,Australia,Business Analytics,3294142,Yes,Referral,Offer Letter,Rohit Gupta,2025-06-30,2025-10-23,Active,99,Low,100,Australia,Merit Scholarship
ST1704,Ishita Sant,Male,20,Chennai,Tamil Nadu,BTech,Mechanical,6.51,5.5,Australia,Business Analytics,2525894,Yes,Website,Contacted,Rohit Gupta,2026-01-25,2026-05-22,Dropped,66,Medium,65,Australia,Not Eligible
ST1705,Samar Sengupta,Female,23,Chennai,Tamil Nadu,BSc,Marketing,9.4,6.2,USA,Data Science,3244726,Yes,WhatsApp,Visa,Rohit Gupta,2025-05-25,2025-06-28,Converted,99,Low,100,USA,Merit Scholarship
ST1706,Panini Varkey,Male,22,Chennai,Tamil Nadu,BTech,Marketing,6.31,8.4,Canada,Finance,1715165,Yes,Instagram,Documents,Priya Sharma,2026-01-22,2026-05-01,Active,86,Low,82,Canada,Not Eligible
ST1707,Rudra Ray,Female,21,Bhopal,Madhya Pradesh,BA,Biotechnology,7.31,8.2,Australia,Data Science,1582059,Yes,Website,Contacted,Amit Verma,2025-10-29,2025-11-23,Active,96,Low,89,Canada,Not Eligible
ST1708,Aarush Nath,Female,21,Delhi,Delhi,BSc,Mechanical,7.39,7.6,Canada,MBA,2498741,Yes,Instagram,Contacted,Priya Sharma,2026-05-13,2026-05-20,Dropped,84,Low,93,Canada,Not Eligible
ST1709,Girindra Chowdhury,Male,26,Mumbai,Maharashtra,BCom,Finance,9.24,7.9,UK,Business Analytics,1238838,Yes,WhatsApp,Application,Sneha Jain,2024-06-13,2024-09-28,Dropped,93,Low,100,Germany,Merit Scholarship
ST1710,Mitesh Mittal,Female,18,Chennai,Tamil Nadu,BBA,Finance,9.33,5.8,Australia,Business Analytics,1823953,Yes,Website,Enrolled,Rahul Singh,2024-12-25,2025-03-31,Converted,80,Low,85,Australia,Merit Scholarship
ST1711,Pushti Sachdev,Female,28,Hyderabad,Telangana,BCom,ECE,8.84,8.0,UK,Computer Science,2529230,Yes,Website,New Lead,Amit Verma,2024-10-11,2025-01-06,Dropped,93,Low,100,Canada,Merit Scholarship
ST1712,Aarnav Sur,Male,25,Jaipur,Rajasthan,BSc,CSE,6.64,5.9,Canada,Cyber Security,2665392,Yes,Website,Counseling,Priya Sharma,2026-04-02,2026-07-24,Active,77,Medium,70,Canada,Not Eligible
ST1713,Yutika Ravi,Male,18,Hyderabad,Telangana,BBA,ECE,9.24,7.7,UK,Finance,1178360,Yes,Instagram,Offer Letter,Rahul Singh,2025-09-18,2025-09-22,Dropped,98,Low,100,Germany,Merit Scholarship
ST1714,Veda Vala,Male,18,Hyderabad,Telangana,BSc,CSE,9.77,6.4,Australia,MBA,2170125,Yes,Website,Application,Amit Verma,2025-09-15,2025-11-22,Dropped,97,Low,100,Australia,Merit Scholarship
ST1715,Caleb Radhakrishnan,Female,27,Hyderabad,Telangana,BSc,Finance,9.8,7.9,Australia,Finance,2652216,Yes,WhatsApp,Offer Letter,Amit Verma,2026-03-03,2026-03-12,Active,99,Low,100,Canada,Merit Scholarship
ST1716,Ekanta Barad,Male,26,Jaipur,Rajasthan,BSc,ECE,7.69,8.1,Canada,MBA,2740254,No,Instagram,New Lead,Rohit Gupta,2026-02-19,2026-05-26,Inactive,93,Low,100,Canada,Partial Scholarship
ST1717,Dev Goda,Male,24,Jaipur,Rajasthan,BSc,CSE,8.19,8.0,Canada,Artificial Intelligence,2957783,No,WhatsApp,Offer Letter,Amit Verma,2025-07-24,2025-11-07,Dropped,95,Low,100,Canada,Partial Scholarship
ST1718,Banjeet Cheema,Female,24,Indore,Madhya Pradesh,BCom,ECE,7.33,5.8,Germany,Finance,906755,No,WhatsApp,Enrolled,Rohit Gupta,2025-04-08,2025-05-03,Converted,62,Medium,65,Germany,Not Eligible
ST1719,Anirudh Datta,Female,24,Chennai,Tamil Nadu,BA,CSE,9.1,6.6,Australia,MBA,1519584,Yes,WhatsApp,Enrolled,Priya Sharma,2025-08-06,2025-09-15,Converted,80,Low,90,Australia,Merit Scholarship
ST1720,Qadim Majumdar,Male,28,Hyderabad,Telangana,BBA,CSE,6.72,7.5,Australia,Business Analytics,1861769,No,WhatsApp,Contacted,Priya Sharma,2026-02-11,2026-05-28,Inactive,85,Medium,77,Canada,Not Eligible
ST1721,Kashvi Sane,Female,27,Jaipur,Rajasthan,BTech,IT,6.38,8.1,Canada,Finance,2613916,No,Referral,Offer Letter,Priya Sharma,2025-05-20,2025-06-05,Active,99,Low,100,Canada,Not Eligible
ST1722,Saumya Nair,Male,22,Mumbai,Maharashtra,BSc,Biotechnology,6.28,7.9,Canada,Business Analytics,2222054,Yes,Referral,Documents,Amit Verma,2024-09-05,2024-09-15,Inactive,99,Low,100,Canada,Not Eligible
ST1723,Champak Chander,Male,26,Delhi,Delhi,BA,IT,8.54,7.6,UK,Cyber Security,3278275,Yes,Instagram,Enrolled,Priya Sharma,2025-11-28,2025-12-04,Converted,97,Low,100,Canada,Merit Scholarship
ST1724,Wridesh Kala,Female,26,Pune,Maharashtra,BTech,Biotechnology,7.81,7.1,Canada,Data Science,1259571,Yes,Seminar,Counseling,Sneha Jain,2026-04-15,2026-05-25,Inactive,89,Low,83,Germany,Partial Scholarship
ST1725,Lavanya Natarajan,Female,24,Bhopal,Madhya Pradesh,BA,CSE,7.39,7.0,Australia,MBA,1596701,No,Website,Contacted,Priya Sharma,2025-05-07,2025-08-09,Active,86,Medium,78,Canada,Not Eligible
ST1726,Garima Dubey,Male,18,Jaipur,Rajasthan,BA,Biotechnology,7.86,6.5,Canada,Business Analytics,981042,No,Referral,New Lead,Amit Verma,2024-06-22,2024-07-08,Dropped,93,Low,93,Germany,Partial Scholarship
ST1727,Saanvi Issac,Male,25,Delhi,Delhi,BSc,IT,6.27,8.1,Australia,Finance,2960289,No,Referral,Offer Letter,Rohit Gupta,2025-08-30,2025-12-22,Active,99,Low,100,Canada,Not Eligible
ST1728,Upkaar Choudhury,Male,26,Delhi,Delhi,BBA,Biotechnology,8.12,7.1,USA,Computer Science,2511443,Yes,Referral,Offer Letter,Rohit Gupta,2026-03-08,2026-05-11,Dropped,91,Low,100,Canada,Partial Scholarship
ST1729,Advik Thakur,Male,20,Chennai,Tamil Nadu,BTech,CSE,8.56,5.8,Germany,Business Analytics,996271,Yes,Referral,Counseling,Rahul Singh,2026-01-05,2026-01-14,Active,86,Low,92,Germany,Merit Scholarship
ST1730,Gaurika Kari,Female,28,Bangalore,Karnataka,BBA,ECE,6.57,6.1,Canada,Computer Science,1334318,No,Instagram,Application,Rohit Gupta,2024-10-08,2025-01-25,Inactive,54,Medium,60,Germany,Not Eligible
ST1731,Kritika Suresh,Female,24,Mumbai,Maharashtra,BBA,ECE,9.25,7.7,Canada,Finance,3270294,Yes,Seminar,Documents,Rahul Singh,2026-03-25,2026-04-19,Dropped,99,Low,100,Canada,Merit Scholarship
ST1732,Fitan Ranganathan,Female,23,Pune,Maharashtra,BA,Mechanical,8.71,7.4,Australia,Computer Science,1994730,Yes,WhatsApp,Contacted,Sneha Jain,2024-11-14,2025-02-13,Inactive,88,Low,96,Canada,Merit Scholarship
ST1733,Hamsini Mishra,Male,25,Delhi,Delhi,BTech,Marketing,7.98,6.7,UK,Data Science,3150346,Yes,Website,Contacted,Amit Verma,2025-10-08,2026-01-28,Dropped,83,Low,91,UK,Partial Scholarship
ST1734,Forum Srinivasan,Female,26,Hyderabad,Telangana,BTech,IT,8.47,8.3,Canada,Finance,2106227,No,Seminar,Documents,Priya Sharma,2025-12-22,2026-04-07,Active,92,Low,100,Canada,Partial Scholarship
ST1735,Mekhala Choudhry,Male,24,Hyderabad,Telangana,BBA,CSE,7.48,8.3,Australia,MBA,1643117,Yes,Seminar,New Lead,Sneha Jain,2024-12-15,2025-03-14,Dropped,96,Low,92,Canada,Not Eligible
ST1736,Agastya Aggarwal,Female,22,Mumbai,Maharashtra,BSc,CSE,7.7,8.5,Australia,Finance,1131321,No,Referral,Documents,Rahul Singh,2024-07-15,2024-10-28,Dropped,92,Low,100,Germany,Partial Scholarship
ST1737,Libni Mani,Male,26,Hyderabad,Telangana,BCom,ECE,8.61,5.7,Australia,Cyber Security,3335083,Yes,Referral,Application,Priya Sharma,2026-04-01,2026-05-11,Dropped,92,Low,100,Australia,Merit Scholarship
ST1738,Waida Nagy,Male,23,Ahmedabad,Gujarat,BCom,Marketing,7.49,8.0,Australia,Cyber Security,1103084,Yes,Referral,Offer Letter,Rohit Gupta,2024-07-30,2024-08-03,Inactive,99,Low,100,Germany,Not Eligible
ST1739,Eshana Sane,Male,28,Bangalore,Karnataka,BBA,Biotechnology,9.52,8.2,UK,Business Analytics,2533682,Yes,Seminar,Visa,Rahul Singh,2025-04-22,2025-05-21,Converted,91,Low,100,Canada,Merit Scholarship
ST1740,Atharv Choudhry,Male,21,Mumbai,Maharashtra,BCom,IT,7.87,6.6,Australia,MBA,1949598,No,WhatsApp,New Lead,Amit Verma,2024-08-07,2024-11-11,Active,87,Medium,78,Australia,Partial Scholarship
ST1741,Harita Nair,Male,26,Bangalore,Karnataka,BSc,CSE,9.16,7.1,Canada,Computer Science,1668448,Yes,WhatsApp,New Lead,Amit Verma,2024-07-19,2024-11-09,Active,88,Low,96,Canada,Merit Scholarship
ST1742,Jonathan Devan,Female,22,Chennai,Tamil Nadu,BSc,Mechanical,7.81,5.5,Australia,Business Analytics,2189014,Yes,WhatsApp,Visa,Rohit Gupta,2025-03-22,2025-07-09,Converted,68,Medium,78,Australia,Partial Scholarship
ST1743,Yutika Manne,Female,24,Pune,Maharashtra,BBA,ECE,7.8,6.6,UK,Artificial Intelligence,3312839,No,WhatsApp,New Lead,Amit Verma,2025-12-20,2026-03-28,Inactive,89,Low,88,UK,Partial Scholarship
ST1744,Michael Kalla,Female,21,Mumbai,Maharashtra,BTech,Finance,9.59,6.1,Germany,Data Science,1193901,Yes,Website,Visa,Amit Verma,2026-01-09,2026-03-27,Converted,91,Low,90,Germany,Merit Scholarship
ST1745,Mitali Kaur,Male,20,Chennai,Tamil Nadu,BSc,ECE,6.34,7.2,Australia,Finance,2552722,Yes,Referral,Enrolled,Priya Sharma,2024-09-07,2024-11-18,Converted,92,Low,95,Canada,Not Eligible
ST1746,Logan Kannan,Female,21,Bhopal,Madhya Pradesh,BTech,Mechanical,8.32,6.2,Australia,Cyber Security,2106759,No,Seminar,Enrolled,Priya Sharma,2024-12-01,2025-03-24,Converted,89,Low,90,Australia,Partial Scholarship
ST1747,Tristan Kata,Male,27,Chennai,Tamil Nadu,BCom,Biotechnology,6.85,6.3,Germany,Business Analytics,1088681,Yes,Website,Offer Letter,Sneha Jain,2024-08-21,2024-09-01,Inactive,67,Medium,65,Germany,Not Eligible
ST1748,Samuel Vala,Female,24,Jaipur,Rajasthan,BSc,CSE,8.29,7.8,UK,Computer Science,2570878,No,WhatsApp,Contacted,Rohit Gupta,2025-01-12,2025-02-01,Dropped,99,Low,100,Canada,Partial Scholarship
ST1749,Kashvi Palla,Male,28,Mumbai,Maharashtra,BA,Mechanical,6.31,5.6,Canada,Computer Science,2660050,Yes,Referral,Enrolled,Priya Sharma,2026-06-01,2026-06-10,Converted,86,Medium,78,Canada,Not Eligible
ST1750,Sneha Kashyap,Male,24,Ahmedabad,Gujarat,BBA,Marketing,8.78,6.6,UK,Data Science,2903876,Yes,Referral,Enrolled,Priya Sharma,2025-08-24,2025-10-06,Converted,96,Low,100,UK,Merit Scholarship
ST1751,Zaid Deshmukh,Male,25,Jaipur,Rajasthan,BBA,CSE,6.18,8.3,Australia,Data Science,2639887,Yes,Seminar,Enrolled,Amit Verma,2024-12-04,2025-03-04,Converted,87,Low,89,Canada,Not Eligible
ST1752,Odika Bhat,Female,26,Indore,Madhya Pradesh,BA,Marketing,8.98,7.3,Germany,Data Science,1014559,Yes,WhatsApp,Documents,Sneha Jain,2025-09-12,2025-11-22,Dropped,99,Low,97,Germany,Merit Scholarship
ST1753,Kritika Bahl,Female,19,Chennai,Tamil Nadu,BCom,Finance,9.43,5.6,Australia,Business Analytics,3423322,Yes,Instagram,Contacted,Amit Verma,2025-07-28,2025-09-23,Active,85,Low,94,Australia,Merit Scholarship
ST1754,Pahal Din,Female,28,Pune,Maharashtra,BSc,IT,7.14,8.3,UK,Business Analytics,847133,No,Instagram,Documents,Amit Verma,2024-12-11,2024-12-25,Active,81,Low,89,Germany,Not Eligible
ST1755,Zilmil Johal,Male,23,Mumbai,Maharashtra,BTech,Mechanical,6.47,8.2,UK,Cyber Security,3248697,No,Seminar,Application,Priya Sharma,2024-08-03,2024-08-23,Dropped,98,Low,90,Canada,Not Eligible
ST1756,Max Lalla,Female,25,Bhopal,Madhya Pradesh,BCom,Mechanical,6.94,6.6,Canada,Data Science,2479676,Yes,Referral,New Lead,Rahul Singh,2025-01-31,2025-03-03,Active,94,Low,94,Canada,Not Eligible
ST1757,Indira Vyas,Male,20,Bhopal,Madhya Pradesh,BSc,ECE,6.42,6.6,Germany,MBA,900725,No,Instagram,Visa,Amit Verma,2025-12-29,2026-04-28,Converted,73,Medium,64,Germany,Not Eligible
ST1758,Sneha Bakshi,Female,25,Pune,Maharashtra,BTech,Mechanical,7.92,7.0,Canada,Business Analytics,2906216,No,Referral,Counseling,Rohit Gupta,2024-09-03,2024-09-22,Dropped,99,Low,100,Canada,Partial Scholarship
ST1759,Indrajit Halder,Male,28,Hyderabad,Telangana,BBA,Finance,6.52,7.4,Australia,Finance,2505981,Yes,WhatsApp,Contacted,Rahul Singh,2024-10-03,2024-12-28,Dropped,92,Low,84,Canada,Not Eligible
ST1760,Amrita Balay,Female,20,Hyderabad,Telangana,BA,Mechanical,9.48,8.4,Canada,Finance,2002112,Yes,Website,Counseling,Amit Verma,2025-02-25,2025-03-14,Active,96,Low,100,Canada,Merit Scholarship
ST1761,Nachiket Bail,Male,19,Pune,Maharashtra,BBA,Finance,6.78,6.1,Australia,Finance,3089305,Yes,Instagram,Documents,Priya Sharma,2024-12-29,2025-02-27,Active,76,Medium,72,Australia,Not Eligible
ST1762,Avi Venkataraman,Female,18,Bhopal,Madhya Pradesh,BA,IT,8.66,8.2,UK,Business Analytics,3366012,Yes,WhatsApp,Application,Priya Sharma,2025-07-25,2025-10-17,Active,93,Low,100,Canada,Merit Scholarship
ST1763,Raghav Purohit,Male,24,Pune,Maharashtra,BBA,Finance,7.87,8.0,Canada,Computer Science,3348745,No,Website,Contacted,Priya Sharma,2025-02-01,2025-02-07,Inactive,98,Low,100,Canada,Partial Scholarship
ST1764,Jeremiah Ghose,Male,25,Chennai,Tamil Nadu,BSc,Mechanical,8.19,7.5,Australia,Data Science,3339417,Yes,WhatsApp,Offer Letter,Sneha Jain,2025-04-02,2025-04-22,Active,99,Low,100,Canada,Partial Scholarship
ST1765,Bhavya Dey,Male,28,Ahmedabad,Gujarat,BSc,Finance,9.53,8.5,UK,Cyber Security,2124823,Yes,Website,Application,Sneha Jain,2025-04-09,2025-07-12,Active,99,Low,100,Canada,Merit Scholarship
ST1766,Aarnav Tripathi,Female,22,Pune,Maharashtra,BTech,Marketing,8.19,5.6,USA,Finance,3310074,Yes,Seminar,New Lead,Amit Verma,2026-01-03,2026-01-27,Active,75,Low,81,USA,Partial Scholarship
ST1767,Anya Parmer,Female,20,Jaipur,Rajasthan,BTech,ECE,9.56,5.7,UK,Finance,3229728,Yes,Seminar,Contacted,Sneha Jain,2026-05-10,2026-07-11,Active,92,Low,97,UK,Merit Scholarship
ST1768,Nachiket Goswami,Female,24,Hyderabad,Telangana,BCom,Marketing,7.73,7.7,Australia,MBA,2132199,No,Seminar,Counseling,Rohit Gupta,2025-11-14,2026-02-20,Dropped,99,Low,99,Canada,Partial Scholarship
ST1769,Chandresh Taneja,Male,24,Ahmedabad,Gujarat,BBA,Mechanical,8.4,8.2,Australia,MBA,1502309,Yes,Website,Visa,Sneha Jain,2025-02-27,2025-03-07,Converted,99,Low,100,Canada,Partial Scholarship
ST1770,Darpan Ratta,Female,25,Mumbai,Maharashtra,BBA,Biotechnology,9.11,6.4,Canada,Business Analytics,2564928,Yes,Instagram,New Lead,Rohit Gupta,2025-02-28,2025-05-20,Inactive,98,Low,100,Canada,Merit Scholarship
ST1771,Ronith Mangal,Male,22,Delhi,Delhi,BTech,CSE,7.87,8.4,Canada,Finance,966153,No,Referral,Counseling,Amit Verma,2024-11-06,2025-02-10,Dropped,98,Low,100,Germany,Partial Scholarship
ST1772,Nikita Zachariah,Female,27,Jaipur,Rajasthan,BCom,ECE,6.65,8.0,Australia,Cyber Security,1148546,Yes,Instagram,New Lead,Amit Verma,2026-02-02,2026-02-21,Inactive,71,Low,81,Germany,Not Eligible
ST1773,Jasmit Som,Male,21,Delhi,Delhi,BCom,IT,6.2,6.0,Canada,Computer Science,2328723,No,WhatsApp,New Lead,Rahul Singh,2026-04-19,2026-07-06,Dropped,68,Medium,67,Canada,Not Eligible
ST1774,Vyanjana Mallick,Male,23,Delhi,Delhi,BA,Mechanical,8.25,7.7,Australia,Data Science,3137609,No,Website,Visa,Sneha Jain,2025-03-27,2025-04-19,Converted,97,Low,100,Canada,Partial Scholarship
ST1775,Faris Chad,Female,20,Hyderabad,Telangana,BTech,IT,8.44,7.0,UK,Computer Science,2804861,Yes,Instagram,Visa,Rahul Singh,2025-08-29,2025-11-10,Converted,99,Low,99,Canada,Partial Scholarship
ST1776,Aahana Chauhan,Male,23,Jaipur,Rajasthan,BA,Finance,6.89,5.9,Australia,Business Analytics,3292742,No,Instagram,Application,Rohit Gupta,2025-10-23,2025-11-06,Active,77,Medium,72,Australia,Not Eligible
ST1777,Rajata Edwin,Female,19,Chennai,Tamil Nadu,BBA,IT,6.52,6.3,UK,Business Analytics,3441692,No,Website,New Lead,Priya Sharma,2025-03-10,2025-05-25,Dropped,65,Medium,72,UK,Not Eligible
ST1778,Rohan Raj,Male,22,Delhi,Delhi,BSc,Marketing,8.25,7.1,Canada,Artificial Intelligence,814939,No,Instagram,Enrolled,Rahul Singh,2026-01-23,2026-02-28,Converted,90,Low,87,Germany,Partial Scholarship
ST1779,Ekaja Mammen,Female,18,Bhopal,Madhya Pradesh,BTech,Finance,9.58,8.4,Canada,Cyber Security,1656479,Yes,Seminar,New Lead,Priya Sharma,2026-05-23,2026-08-26,Inactive,91,Low,100,Canada,Merit Scholarship
ST1780,Harini Bajwa,Male,21,Delhi,Delhi,BBA,Biotechnology,6.38,8.0,Canada,Artificial Intelligence,3041697,No,Website,Enrolled,Rohit Gupta,2025-02-02,2025-04-26,Converted,78,Low,88,Canada,Not Eligible
ST1781,Tripti Raman,Male,27,Hyderabad,Telangana,BSc,Biotechnology,7.8,6.7,Canada,Computer Science,1547473,No,Website,Offer Letter,Rohit Gupta,2025-12-16,2026-03-02,Dropped,70,Low,80,Canada,Partial Scholarship
ST1782,Harita Hayre,Female,20,Chennai,Tamil Nadu,BTech,Marketing,6.08,8.3,UK,Artificial Intelligence,2295499,No,Website,New Lead,Priya Sharma,2025-12-30,2026-02-18,Inactive,93,Low,88,Canada,Not Eligible
ST1783,Mahika Nair,Male,28,Delhi,Delhi,BSc,Finance,6.51,6.2,Australia,MBA,2378789,No,WhatsApp,Offer Letter,Rohit Gupta,2025-03-26,2025-04-22,Dropped,69,Medium,72,Australia,Not Eligible
ST1784,Aryan Merchant,Male,27,Bhopal,Madhya Pradesh,BTech,Marketing,8.14,6.8,Australia,Artificial Intelligence,1842862,Yes,Seminar,Visa,Rahul Singh,2025-09-10,2025-09-19,Active,84,Low,83,Australia,Partial Scholarship
ST1785,Kamala Bandi,Female,18,Indore,Madhya Pradesh,BBA,Marketing,6.08,6.0,Germany,Data Science,1496808,No,Instagram,Counseling,Sneha Jain,2024-07-16,2024-10-30,Inactive,51,High,55,Germany,Not Eligible
ST1786,Ijaya Padmanabhan,Female,24,Ahmedabad,Gujarat,BA,Mechanical,7.44,7.7,Australia,Data Science,3330355,No,Instagram,Contacted,Rohit Gupta,2025-07-21,2025-11-14,Dropped,99,Low,96,Canada,Not Eligible
ST1787,Gaurav Nanda,Male,19,Bangalore,Karnataka,BA,Finance,8.43,6.3,USA,Artificial Intelligence,3210038,No,WhatsApp,Contacted,Amit Verma,2024-06-26,2024-07-10,Active,97,Low,91,USA,Partial Scholarship
ST1788,Kamya Contractor,Female,25,Pune,Maharashtra,BA,ECE,6.65,7.7,Canada,Artificial Intelligence,1283518,Yes,Instagram,Contacted,Rohit Gupta,2025-12-04,2026-01-10,Dropped,73,Medium,78,Germany,Not Eligible
ST1789,Bhavika Karnik,Male,22,Chennai,Tamil Nadu,BA,CSE,6.64,7.0,Germany,Computer Science,805311,No,Website,Application,Amit Verma,2026-05-10,2026-06-28,Dropped,76,Medium,71,Germany,Not Eligible
ST1790,Frederick Srinivasan,Female,25,Pune,Maharashtra,BCom,Biotechnology,6.25,6.3,Canada,Cyber Security,2543829,No,WhatsApp,Enrolled,Rohit Gupta,2025-08-21,2025-09-15,Converted,63,Medium,69,Canada,Not Eligible
ST1791,Ekaraj Issac,Male,27,Bhopal,Madhya Pradesh,BTech,Marketing,9.06,5.5,Australia,Finance,3174715,Yes,Seminar,Counseling,Rohit Gupta,2025-02-13,2025-02-22,Dropped,88,Low,90,Australia,Merit Scholarship
ST1792,Kamya Korpal,Female,19,Mumbai,Maharashtra,BTech,IT,9.03,8.4,UK,Cyber Security,1205185,Yes,Instagram,Enrolled,Priya Sharma,2025-01-19,2025-01-23,Converted,91,Low,100,Germany,Merit Scholarship
ST1793,Vrishti Swaminathan,Female,24,Jaipur,Rajasthan,BA,Mechanical,7.73,8.1,Canada,Finance,3286900,Yes,Website,Enrolled,Rohit Gupta,2026-03-02,2026-03-09,Converted,98,Low,100,Canada,Partial Scholarship
ST1794,Ikshita Sibal,Female,28,Jaipur,Rajasthan,BBA,ECE,6.09,6.3,Canada,Business Analytics,963963,No,Seminar,Documents,Priya Sharma,2026-02-06,2026-02-28,Active,49,High,57,Germany,Not Eligible
ST1795,Nisha Muni,Male,22,Hyderabad,Telangana,BBA,Biotechnology,6.05,6.0,Australia,Computer Science,3088139,Yes,Referral,Enrolled,Amit Verma,2024-12-04,2025-02-27,Converted,82,Low,80,Australia,Not Eligible
ST1796,Chanakya Manda,Female,19,Ahmedabad,Gujarat,BSc,ECE,9.36,6.6,USA,Artificial Intelligence,3368941,Yes,Seminar,New Lead,Rohit Gupta,2025-08-02,2025-11-09,Active,99,Low,100,USA,Merit Scholarship
ST1797,Lipika Wable,Male,20,Jaipur,Rajasthan,BCom,IT,8.82,6.8,Canada,Cyber Security,2514067,Yes,Seminar,Documents,Rahul Singh,2024-11-22,2025-02-08,Inactive,99,Low,100,Canada,Merit Scholarship
ST1798,Priya Sur,Male,18,Jaipur,Rajasthan,BSc,Finance,9.11,8.2,Australia,Finance,2884590,Yes,Seminar,Visa,Rahul Singh,2026-03-11,2026-05-01,Converted,99,Low,100,Canada,Merit Scholarship
ST1799,Aadhya Kanda,Female,27,Hyderabad,Telangana,BA,Mechanical,7.88,7.8,Australia,Computer Science,1007562,No,Instagram,Enrolled,Sneha Jain,2025-03-04,2025-04-11,Converted,93,Low,91,Germany,Partial Scholarship
ST1800,Samuel Toor,Female,21,Indore,Madhya Pradesh,BTech,Marketing,9.37,8.4,Canada,Cyber Security,1546419,Yes,Seminar,Documents,Priya Sharma,2025-04-22,2025-06-03,Dropped,99,Low,100,Canada,Merit Scholarship
ST1801,Lavanya Memon,Female,28,Indore,Madhya Pradesh,BCom,IT,7.16,7.0,Germany,Business Analytics,823491,No,WhatsApp,Enrolled,Sneha Jain,2025-10-26,2025-12-11,Converted,83,Medium,76,Germany,Not Eligible
ST1802,Pallavi Doshi,Female,26,Hyderabad,Telangana,BA,Marketing,7.66,7.6,Canada,Data Science,1795382,Yes,Website,Enrolled,Rohit Gupta,2025-03-07,2025-07-03,Converted,95,Low,86,Canada,Partial Scholarship
ST1803,Tamanna Sood,Female,25,Delhi,Delhi,BTech,CSE,8.74,5.9,USA,Data Science,3153012,Yes,Referral,Visa,Rahul Singh,2025-12-23,2026-03-21,Converted,99,Low,100,USA,Merit Scholarship
ST1804,Idika Mander,Male,27,Indore,Madhya Pradesh,BSc,Marketing,7.9,6.0,Australia,Finance,2456690,Yes,WhatsApp,Counseling,Sneha Jain,2026-03-06,2026-04-12,Dropped,76,Low,84,Australia,Partial Scholarship
ST1805,Omya Narang,Female,28,Bhopal,Madhya Pradesh,BSc,Mechanical,7.92,7.3,Canada,MBA,3339409,Yes,Instagram,Counseling,Rohit Gupta,2026-03-25,2026-04-13,Active,99,Low,97,Canada,Partial Scholarship
ST1806,Anya Ratti,Male,25,Jaipur,Rajasthan,BCom,CSE,6.53,6.2,Germany,MBA,1138185,Yes,Seminar,Visa,Rohit Gupta,2026-03-15,2026-07-10,Active,62,Medium,62,Germany,Not Eligible
ST1807,Wazir Konda,Male,23,Indore,Madhya Pradesh,BA,ECE,7.58,6.6,Germany,Computer Science,1337531,Yes,Seminar,Application,Priya Sharma,2024-12-17,2025-01-10,Active,80,Medium,75,Germany,Partial Scholarship
ST1808,Tanmayi Arya,Female,18,Hyderabad,Telangana,BSc,CSE,8.12,6.9,UK,Finance,2703799,No,Instagram,Offer Letter,Sneha Jain,2025-09-20,2026-01-13,Active,92,Low,95,UK,Partial Scholarship
ST1809,Bhavini Naidu,Male,25,Jaipur,Rajasthan,BSc,CSE,9.08,6.2,USA,Computer Science,2994692,Yes,Instagram,Visa,Rohit Gupta,2024-09-19,2024-10-31,Converted,87,Low,97,USA,Merit Scholarship
ST1810,Maanav Korpal,Female,28,Bhopal,Madhya Pradesh,BTech,Mechanical,7.03,7.8,Australia,Computer Science,1006618,Yes,Seminar,Application,Sneha Jain,2025-07-14,2025-07-26,Inactive,88,Low,83,Germany,Not Eligible
ST1811,Lakshit Sanghvi,Male,18,Hyderabad,Telangana,BCom,IT,7.38,6.0,USA,Artificial Intelligence,2559499,Yes,Website,Application,Amit Verma,2026-03-26,2026-06-17,Active,72,Medium,78,USA,Not Eligible
ST1812,Krish Prabhu,Female,22,Ahmedabad,Gujarat,BSc,Biotechnology,9.75,7.1,Germany,Business Analytics,849785,Yes,Seminar,Enrolled,Rahul Singh,2026-01-23,2026-03-06,Converted,99,Low,100,Germany,Merit Scholarship
ST1813,Tanveer Dhawan,Male,21,Jaipur,Rajasthan,BSc,IT,6.27,8.1,Canada,Data Science,3142536,No,Website,Visa,Sneha Jain,2024-09-17,2024-11-28,Converted,97,Low,87,Canada,Not Eligible
ST1814,Tarak Misra,Male,21,Indore,Madhya Pradesh,BTech,Mechanical,9.42,7.7,UK,Data Science,3236242,Yes,WhatsApp,Counseling,Amit Verma,2025-10-13,2025-12-08,Dropped,91,Low,100,Canada,Merit Scholarship
ST1815,Teerth Narayanan,Male,18,Delhi,Delhi,BCom,ECE,7.39,5.8,Australia,Cyber Security,1848885,No,Seminar,Offer Letter,Amit Verma,2026-05-29,2026-08-25,Active,60,Medium,65,Australia,Not Eligible
ST1816,Ekalinga Pandey,Female,22,Hyderabad,Telangana,BTech,IT,9.7,7.0,UK,Cyber Security,1516670,Yes,Referral,Contacted,Sneha Jain,2025-05-31,2025-06-17,Dropped,97,Low,100,Canada,Merit Scholarship
ST1817,Upkaar Comar,Female,24,Hyderabad,Telangana,BCom,Biotechnology,8.49,8.4,UK,MBA,1819197,No,Website,Application,Rohit Gupta,2024-06-07,2024-09-19,Active,94,Low,100,Canada,Partial Scholarship
ST1818,Atharv Murty,Female,18,Chennai,Tamil Nadu,BCom,IT,8.88,6.9,Canada,Data Science,1830341,Yes,Seminar,Enrolled,Priya Sharma,2025-08-12,2025-08-25,Converted,89,Low,92,Canada,Merit Scholarship
ST1819,Chaitaly Buch,Female,28,Bhopal,Madhya Pradesh,BSc,Mechanical,6.53,7.1,Australia,Computer Science,2448919,Yes,Instagram,Documents,Rohit Gupta,2024-08-21,2024-10-06,Active,71,Low,80,Canada,Not Eligible
ST1820,Wridesh Borde,Male,24,Mumbai,Maharashtra,BA,Mechanical,9.65,7.8,UK,Computer Science,1692736,Yes,Referral,New Lead,Priya Sharma,2026-05-05,2026-05-08,Dropped,99,Low,100,Canada,Merit Scholarship
ST1821,Om Sood,Male,27,Chennai,Tamil Nadu,BTech,Mechanical,8.08,7.4,Germany,Cyber Security,862071,No,Seminar,Documents,Rohit Gupta,2024-06-24,2024-09-27,Active,83,Low,89,Germany,Partial Scholarship
ST1822,Vihaan Sanghvi,Male,26,Hyderabad,Telangana,BSc,IT,9.65,6.4,Germany,Artificial Intelligence,1439753,Yes,Seminar,Documents,Amit Verma,2026-01-27,2026-04-07,Dropped,99,Low,95,Germany,Merit Scholarship
ST1823,Frederick Oak,Female,22,Jaipur,Rajasthan,BTech,Biotechnology,7.45,6.4,Germany,MBA,1065234,No,Instagram,Counseling,Sneha Jain,2025-11-26,2026-02-28,Inactive,69,Medium,73,Germany,Not Eligible
ST1824,Amrita Kaul,Male,25,Delhi,Delhi,BTech,Mechanical,6.33,5.8,UK,Computer Science,3192733,Yes,WhatsApp,Counseling,Rahul Singh,2025-12-31,2026-01-28,Active,69,Medium,65,UK,Not Eligible
ST1825,Vasana Lad,Male,19,Indore,Madhya Pradesh,BCom,IT,9.21,6.0,Canada,Artificial Intelligence,2995275,Yes,Seminar,Offer Letter,Sneha Jain,2024-11-21,2024-12-12,Inactive,99,Low,97,Canada,Merit Scholarship
ST1826,Peter Jhaveri,Male,28,Delhi,Delhi,BBA,Mechanical,7.28,7.8,UK,Computer Science,1852196,No,Seminar,Enrolled,Priya Sharma,2025-06-05,2025-08-23,Converted,80,Low,85,Canada,Not Eligible
ST1827,Lakshit Buch,Female,24,Pune,Maharashtra,BTech,CSE,6.76,7.3,Canada,Artificial Intelligence,1682450,No,Referral,Application,Rohit Gupta,2024-10-15,2024-12-02,Active,85,Low,90,Canada,Not Eligible
ST1828,Champak Palan,Male,22,Bangalore,Karnataka,BCom,ECE,6.92,7.9,UK,Finance,967033,No,Instagram,Contacted,Sneha Jain,2024-09-20,2024-09-21,Dropped,78,Low,83,Germany,Not Eligible
ST1829,Lajita Toor,Male,24,Chennai,Tamil Nadu,BTech,Biotechnology,7.23,7.8,Canada,Cyber Security,1802369,No,Referral,Offer Letter,Priya Sharma,2024-06-17,2024-09-04,Dropped,99,Low,100,Canada,Not Eligible
ST1830,Zashil Tella,Female,24,Indore,Madhya Pradesh,BTech,CSE,8.23,8.5,Canada,Data Science,1333166,Yes,WhatsApp,Enrolled,Rohit Gupta,2024-09-19,2024-11-04,Converted,99,Low,100,Germany,Partial Scholarship
ST1831,Jackson Ranganathan,Male,22,Chennai,Tamil Nadu,BBA,IT,9.3,7.3,Canada,Artificial Intelligence,858327,Yes,Referral,New Lead,Rahul Singh,2025-10-22,2025-12-21,Inactive,99,Low,100,Germany,Merit Scholarship
ST1832,Atharv Kashyap,Male,19,Jaipur,Rajasthan,BSc,CSE,7.28,6.4,Australia,MBA,1577641,No,Instagram,Enrolled,Priya Sharma,2025-07-30,2025-08-17,Converted,64,Medium,71,Australia,Not Eligible
ST1833,Yoshita Parekh,Male,22,Delhi,Delhi,BA,IT,6.59,7.7,Australia,Business Analytics,3280366,Yes,WhatsApp,Enrolled,Sneha Jain,2025-07-15,2025-10-15,Converted,97,Low,87,Canada,Not Eligible
ST1834,Pushti Sen,Female,19,Hyderabad,Telangana,BSc,Finance,9.29,7.1,Canada,Data Science,3199834,Yes,Referral,Offer Letter,Amit Verma,2026-01-26,2026-03-21,Dropped,98,Low,100,Canada,Merit Scholarship
ST1835,Brinda Narang,Female,23,Bhopal,Madhya Pradesh,BSc,Finance,7.89,6.7,UK,Artificial Intelligence,2561634,Yes,Referral,New Lead,Amit Verma,2025-01-10,2025-04-28,Active,96,Low,100,UK,Partial Scholarship
ST1836,Mugdha Trivedi,Female,28,Bhopal,Madhya Pradesh,BSc,IT,8.23,6.1,Australia,Business Analytics,2851556,Yes,Referral,Counseling,Priya Sharma,2024-06-28,2024-08-18,Inactive,99,Low,100,Australia,Partial Scholarship
ST1837,Maanav Merchant,Male,20,Chennai,Tamil Nadu,BCom,Mechanical,8.66,7.5,Australia,Computer Science,2846330,Yes,Website,Offer Letter,Priya Sharma,2025-04-21,2025-06-15,Active,99,Low,100,Canada,Merit Scholarship
ST1838,Dipta Talwar,Male,28,Ahmedabad,Gujarat,BTech,Biotechnology,8.43,6.6,Germany,Data Science,987813,Yes,Instagram,Counseling,Rohit Gupta,2026-02-08,2026-04-28,Inactive,89,Low,84,Germany,Partial Scholarship
ST1839,Nihal Gokhale,Female,20,Pune,Maharashtra,BBA,Finance,7.56,6.3,Canada,Finance,1449593,No,Seminar,Visa,Rahul Singh,2025-03-16,2025-04-27,Active,70,Medium,72,Germany,Partial Scholarship
ST1840,Lavanya Radhakrishnan,Female,18,Pune,Maharashtra,BBA,Finance,8.19,5.8,UK,Computer Science,2060455,No,Instagram,Application,Rohit Gupta,2026-03-07,2026-04-01,Dropped,90,Low,83,UK,Partial Scholarship
ST1841,Champak Nagy,Female,22,Mumbai,Maharashtra,BCom,Finance,8.17,5.6,Australia,MBA,2848653,No,Referral,Counseling,Rohit Gupta,2026-01-22,2026-04-29,Dropped,95,Low,96,Australia,Partial Scholarship
ST1842,Oliver Ravel,Female,22,Chennai,Tamil Nadu,BSc,Biotechnology,8.94,5.7,Canada,Data Science,2821282,Yes,WhatsApp,Enrolled,Rohit Gupta,2025-09-24,2025-12-10,Converted,85,Low,91,Canada,Merit Scholarship
ST1843,Bina Krish,Female,20,Indore,Madhya Pradesh,BCom,Mechanical,9.03,7.0,Canada,Artificial Intelligence,1590474,Yes,Website,Documents,Rohit Gupta,2025-07-29,2025-11-03,Active,90,Low,95,Canada,Merit Scholarship
ST1844,Ekansh Singhal,Female,28,Jaipur,Rajasthan,BA,Mechanical,6.05,7.4,Australia,Computer Science,1642471,Yes,Instagram,Offer Letter,Rahul Singh,2026-02-08,2026-05-28,Active,64,Medium,69,Canada,Not Eligible
ST1845,Arjun Chakrabarti,Female,20,Jaipur,Rajasthan,BBA,IT,8.35,7.4,Australia,Computer Science,2741061,No,WhatsApp,Documents,Priya Sharma,2025-11-22,2025-12-07,Active,99,Low,100,Canada,Partial Scholarship
ST1846,Dhruv Saha,Male,23,Hyderabad,Telangana,BBA,Marketing,9.33,8.3,Australia,Finance,2809762,Yes,Referral,New Lead,Rohit Gupta,2024-10-05,2025-01-05,Inactive,99,Low,100,Canada,Merit Scholarship
ST1847,Mohammed Chhabra,Female,24,Bhopal,Madhya Pradesh,BBA,Mechanical,7.36,6.8,Germany,Data Science,1148270,Yes,WhatsApp,Offer Letter,Sneha Jain,2025-04-14,2025-08-02,Active,76,Medium,75,Germany,Not Eligible
ST1848,Vansha Nazareth,Male,21,Bhopal,Madhya Pradesh,BBA,ECE,6.76,7.6,UK,Computer Science,2855210,Yes,Website,New Lead,Priya Sharma,2026-01-16,2026-03-13,Dropped,89,Low,87,Canada,Not Eligible
ST1849,Eshana Dhawan,Male,22,Ahmedabad,Gujarat,BSc,IT,7.17,7.5,Canada,Cyber Security,1601755,No,WhatsApp,Counseling,Sneha Jain,2025-07-07,2025-08-10,Inactive,80,Low,81,Canada,Not Eligible
ST1850,Baljiwan Banik,Female,19,Pune,Maharashtra,BA,Finance,6.33,5.6,Australia,Artificial Intelligence,1751238,Yes,Referral,Application,Rohit Gupta,2024-12-10,2025-01-13,Dropped,69,Medium,68,Australia,Not Eligible
ST1851,Falan Prasad,Female,21,Delhi,Delhi,BA,CSE,6.58,6.0,Germany,Finance,1319723,Yes,Website,Visa,Rahul Singh,2024-11-16,2025-01-04,Active,70,Medium,60,Germany,Not Eligible
ST1852,Charan Trivedi,Female,19,Pune,Maharashtra,BSc,CSE,6.12,7.7,UK,Finance,2547645,No,Website,Counseling,Priya Sharma,2024-12-21,2025-03-09,Inactive,82,Low,83,Canada,Not Eligible
ST1853,Dalaja Om,Male,26,Delhi,Delhi,BSc,Biotechnology,9.15,6.0,Canada,Finance,2815835,Yes,Seminar,Enrolled,Rahul Singh,2025-06-11,2025-08-20,Converted,87,Low,96,Canada,Merit Scholarship
ST1854,Veer Khosla,Female,21,Jaipur,Rajasthan,BSc,Mechanical,7.41,6.0,Canada,Computer Science,2155998,No,Website,Documents,Sneha Jain,2025-05-14,2025-08-21,Active,78,Medium,79,Canada,Not Eligible
ST1855,Vritti Sundaram,Male,21,Indore,Madhya Pradesh,BSc,Marketing,6.06,7.4,Canada,MBA,924402,No,Website,Offer Letter,Rohit Gupta,2024-09-11,2024-12-30,Active,70,Medium,69,Germany,Not Eligible
ST1856,Ronith Khanna,Male,28,Chennai,Tamil Nadu,BA,Biotechnology,6.74,6.3,Germany,MBA,891281,Yes,Referral,Visa,Amit Verma,2024-12-03,2024-12-11,Converted,75,Medium,79,Germany,Not Eligible
ST1857,Yashasvi Tata,Male,23,Mumbai,Maharashtra,BA,ECE,9.56,8.5,Canada,Artificial Intelligence,2183307,Yes,Referral,Contacted,Priya Sharma,2025-03-07,2025-06-16,Inactive,99,Low,100,Canada,Merit Scholarship
ST1858,Chanchal Gulati,Female,23,Ahmedabad,Gujarat,BSc,Finance,6.38,7.9,Canada,Business Analytics,1720132,No,Seminar,Offer Letter,Sneha Jain,2025-01-04,2025-02-02,Dropped,84,Medium,77,Canada,Not Eligible
ST1859,Darsh Yadav,Male,19,Chennai,Tamil Nadu,BTech,Mechanical,6.64,5.8,UK,Data Science,3099110,Yes,WhatsApp,Contacted,Rohit Gupta,2025-10-05,2025-12-05,Active,59,Medium,68,UK,Not Eligible
ST1860,Harsh Modi,Male,18,Delhi,Delhi,BSc,IT,6.06,6.0,Canada,Computer Science,3028198,Yes,Website,Visa,Rohit Gupta,2026-01-26,2026-02-26,Active,56,Medium,65,Canada,Not Eligible
ST1861,Idika Thaman,Female,24,Jaipur,Rajasthan,BCom,Finance,7.51,8.4,Australia,MBA,3291801,Yes,Seminar,Contacted,Amit Verma,2024-09-19,2024-10-03,Inactive,99,Low,100,Canada,Partial Scholarship
ST1862,Raghav Johal,Female,18,Chennai,Tamil Nadu,BCom,IT,9.27,6.0,Canada,MBA,3382525,Yes,Website,Visa,Amit Verma,2025-08-04,2025-11-13,Converted,99,Low,97,Canada,Merit Scholarship
ST1863,Zilmil Sankar,Female,22,Mumbai,Maharashtra,BA,Mechanical,8.39,8.4,UK,Data Science,3420711,Yes,Website,Enrolled,Sneha Jain,2026-05-01,2026-05-05,Converted,99,Low,100,Canada,Partial Scholarship
ST1864,Yatin Ravi,Male,26,Bhopal,Madhya Pradesh,BCom,IT,7.6,7.5,UK,Finance,3277229,Yes,WhatsApp,Counseling,Amit Verma,2026-04-18,2026-05-18,Inactive,96,Low,95,Canada,Partial Scholarship
ST1865,Aarini Ramachandran,Male,20,Jaipur,Rajasthan,BBA,Finance,9.54,7.4,UK,Cyber Security,2962135,Yes,Seminar,Application,Rahul Singh,2025-02-05,2025-05-09,Active,97,Low,100,Canada,Merit Scholarship
ST1866,Nicholas Arya,Male,27,Chennai,Tamil Nadu,BCom,Biotechnology,7.93,6.7,UK,Data Science,2911970,No,Website,Enrolled,Sneha Jain,2025-01-16,2025-01-23,Converted,87,Low,91,UK,Partial Scholarship
ST1867,Arunima Ganesh,Female,26,Jaipur,Rajasthan,BBA,Finance,6.67,7.3,USA,Artificial Intelligence,2508753,Yes,Instagram,New Lead,Rohit Gupta,2026-02-20,2026-04-21,Active,92,Low,84,Canada,Not Eligible
ST1868,Gayathri Kumar,Male,20,Hyderabad,Telangana,BA,Biotechnology,7.82,8.3,UK,Data Science,3341309,Yes,Website,New Lead,Rahul Singh,2024-09-10,2024-11-27,Inactive,99,Low,100,Canada,Partial Scholarship
ST1869,Tara Sunder,Male,27,Jaipur,Rajasthan,BBA,CSE,6.11,7.5,UK,Business Analytics,1738754,Yes,Website,Offer Letter,Rohit Gupta,2025-06-11,2025-08-12,Inactive,74,Medium,71,Canada,Not Eligible
ST1870,Warinder Sachar,Male,21,Mumbai,Maharashtra,BTech,Finance,8.51,6.7,USA,Data Science,3058837,Yes,Referral,Enrolled,Amit Verma,2025-11-28,2026-02-25,Converted,96,Low,100,USA,Merit Scholarship
ST1871,Netra Sampath,Female,28,Delhi,Delhi,BBA,Finance,8.9,8.1,Australia,Artificial Intelligence,1567596,Yes,Seminar,Offer Letter,Priya Sharma,2024-09-23,2024-12-11,Active,99,Low,100,Canada,Merit Scholarship
ST1872,Panini Chatterjee,Male,21,Mumbai,Maharashtra,BCom,Mechanical,7.89,6.0,Germany,MBA,1257411,No,Website,New Lead,Rahul Singh,2026-04-24,2026-04-29,Active,70,Medium,73,Germany,Partial Scholarship
ST1873,Falak Chaudhry,Male,19,Hyderabad,Telangana,BA,IT,8.4,6.4,UK,Data Science,2015457,Yes,WhatsApp,Enrolled,Rahul Singh,2025-03-11,2025-04-28,Converted,97,Low,93,UK,Partial Scholarship
ST1874,Noah Tara,Female,22,Pune,Maharashtra,BCom,CSE,6.54,6.5,USA,Computer Science,3041538,Yes,Website,Application,Amit Verma,2026-05-02,2026-05-21,Inactive,77,Medium,75,USA,Not Eligible
ST1875,Quincy Basu,Female,24,Jaipur,Rajasthan,BCom,ECE,6.26,6.5,Australia,MBA,3281701,No,Seminar,Documents,Amit Verma,2024-07-15,2024-11-01,Dropped,80,Medium,72,Australia,Not Eligible
ST1876,Daksha Arya,Female,21,Bangalore,Karnataka,BCom,Finance,9.75,7.0,Canada,Data Science,2323314,Yes,Referral,Contacted,Amit Verma,2024-10-02,2024-11-27,Active,99,Low,100,Canada,Merit Scholarship
ST1877,Zarna Ben,Male,20,Bangalore,Karnataka,BBA,Finance,7.35,7.3,UK,Artificial Intelligence,1676471,No,WhatsApp,New Lead,Priya Sharma,2025-12-27,2026-03-03,Active,83,Low,81,Canada,Not Eligible
ST1878,Vincent Zachariah,Male,24,Bangalore,Karnataka,BA,ECE,9.28,8.4,Canada,Business Analytics,2656376,Yes,Instagram,Visa,Priya Sharma,2025-03-28,2025-03-29,Converted,99,Low,100,Canada,Merit Scholarship
ST1879,Vivaan Khanna,Female,26,Mumbai,Maharashtra,BTech,IT,7.56,6.5,Canada,Artificial Intelligence,1951880,Yes,Website,Contacted,Priya Sharma,2025-01-12,2025-04-03,Inactive,66,Medium,75,Canada,Partial Scholarship
ST1880,Mohini Lalla,Male,18,Bhopal,Madhya Pradesh,BBA,CSE,7.59,6.2,Germany,Finance,1115770,No,Seminar,Application,Priya Sharma,2025-07-18,2025-09-24,Inactive,79,Medium,72,Germany,Partial Scholarship
ST1881,Balvan Butala,Female,20,Indore,Madhya Pradesh,BA,Marketing,6.93,6.3,UK,MBA,3364201,No,WhatsApp,Visa,Rohit Gupta,2025-04-04,2025-05-21,Active,86,Medium,76,UK,Not Eligible
ST1882,Omisha Andra,Female,18,Chennai,Tamil Nadu,BCom,Marketing,6.18,7.1,Australia,Data Science,1954212,Yes,Instagram,New Lead,Rahul Singh,2025-07-07,2025-08-12,Dropped,70,Medium,66,Canada,Not Eligible
ST1883,Advika Dhar,Male,18,Ahmedabad,Gujarat,BA,CSE,9.43,7.5,UK,Business Analytics,3147962,Yes,Website,Offer Letter,Priya Sharma,2024-10-13,2024-11-17,Dropped,99,Low,100,Canada,Merit Scholarship
ST1884,Tanay Prashad,Female,27,Hyderabad,Telangana,BCom,IT,6.7,7.0,Canada,Finance,1198350,No,Referral,Documents,Sneha Jain,2025-04-03,2025-05-11,Active,84,Low,87,Germany,Not Eligible
ST1885,Leena Kalla,Female,21,Delhi,Delhi,BCom,Mechanical,6.57,7.0,Australia,Finance,2881417,Yes,Website,Offer Letter,Amit Verma,2025-11-16,2025-12-27,Dropped,86,Low,80,Canada,Not Eligible
ST1886,Bhavika Dara,Female,21,Delhi,Delhi,BCom,ECE,7.8,6.7,Germany,Computer Science,1359432,Yes,Instagram,Application,Priya Sharma,2026-03-22,2026-06-13,Active,87,Low,80,Germany,Partial Scholarship
ST1887,Vasatika Varkey,Male,28,Jaipur,Rajasthan,BTech,Biotechnology,9.72,7.8,UK,Computer Science,2012605,Yes,Website,Offer Letter,Rahul Singh,2026-04-03,2026-04-25,Inactive,93,Low,100,Canada,Merit Scholarship
ST1888,Eesha Dass,Female,27,Indore,Madhya Pradesh,BA,IT,7.74,6.0,Australia,Data Science,2684419,No,Instagram,Offer Letter,Priya Sharma,2025-03-29,2025-05-26,Dropped,88,Low,82,Australia,Partial Scholarship
ST1889,Divya Parikh,Male,26,Ahmedabad,Gujarat,BSc,CSE,6.86,5.6,Germany,Finance,1409198,No,Referral,Visa,Priya Sharma,2026-02-02,2026-05-13,Active,83,Medium,73,Germany,Not Eligible
ST1890,Urishilla Mann,Female,18,Hyderabad,Telangana,BCom,CSE,8.25,6.1,UK,Computer Science,3131743,Yes,Seminar,Counseling,Amit Verma,2026-05-05,2026-08-03,Active,93,Low,87,UK,Partial Scholarship
ST1891,Lavanya Toor,Female,22,Pune,Maharashtra,BA,CSE,6.23,6.4,Germany,Cyber Security,1046200,Yes,WhatsApp,New Lead,Rahul Singh,2024-11-25,2025-02-13,Active,58,Medium,61,Germany,Not Eligible
ST1892,Faras Doshi,Male,19,Delhi,Delhi,BSc,Marketing,7.37,6.6,USA,Business Analytics,3060111,No,Website,New Lead,Sneha Jain,2026-03-17,2026-04-20,Inactive,79,Low,83,USA,Not Eligible
ST1893,Saksham Kar,Male,22,Bhopal,Madhya Pradesh,BTech,Biotechnology,7.09,6.7,Canada,Business Analytics,2377213,No,Website,Counseling,Sneha Jain,2025-11-20,2026-01-01,Active,87,Low,82,Canada,Not Eligible
ST1894,Arya Singhal,Male,28,Ahmedabad,Gujarat,BA,Finance,6.76,7.1,Canada,Artificial Intelligence,2247226,Yes,Website,New Lead,Sneha Jain,2025-01-30,2025-02-06,Dropped,83,Low,82,Canada,Not Eligible
ST1895,Gavin Kalla,Male,26,Bhopal,Madhya Pradesh,BSc,ECE,7.57,5.9,USA,Finance,3237699,Yes,Seminar,Application,Priya Sharma,2025-02-11,2025-03-08,Active,88,Medium,79,USA,Partial Scholarship
ST1896,Jagat Arora,Male,28,Jaipur,Rajasthan,BCom,Mechanical,7.81,7.1,Germany,Artificial Intelligence,1497827,No,Referral,Documents,Priya Sharma,2025-07-02,2025-09-28,Dropped,89,Low,98,Germany,Partial Scholarship
ST1897,Balendra Muni,Female,23,Indore,Madhya Pradesh,BCom,Biotechnology,7.54,7.7,Canada,Artificial Intelligence,2549587,Yes,Website,Enrolled,Priya Sharma,2026-05-10,2026-07-12,Converted,99,Low,97,Canada,Partial Scholarship
ST1898,Parth Kashyap,Male,26,Hyderabad,Telangana,BTech,Finance,6.63,8.3,Australia,Finance,2170750,No,WhatsApp,Documents,Amit Verma,2024-11-18,2025-02-12,Active,99,Low,94,Canada,Not Eligible
ST1899,Lakshmi Jayaraman,Female,27,Bhopal,Madhya Pradesh,BCom,ECE,7.26,6.2,Australia,MBA,2253144,Yes,Website,Offer Letter,Rohit Gupta,2024-08-28,2024-10-10,Dropped,70,Medium,79,Australia,Not Eligible
ST1900,Sara Minhas,Male,23,Hyderabad,Telangana,BA,Biotechnology,6.54,5.6,UK,MBA,1970419,No,Referral,New Lead,Priya Sharma,2025-03-31,2025-07-14,Inactive,64,Medium,70,UK,Not Eligible
ST1901,Dipta Misra,Male,22,Hyderabad,Telangana,BBA,CSE,9.37,5.8,Canada,Cyber Security,2238857,Yes,Website,New Lead,Priya Sharma,2025-01-14,2025-02-28,Inactive,92,Low,95,Canada,Merit Scholarship
ST1902,Lila Chatterjee,Male,20,Jaipur,Rajasthan,BCom,CSE,6.09,7.0,Australia,Computer Science,3277171,No,WhatsApp,Documents,Rohit Gupta,2024-06-30,2024-09-30,Inactive,82,Medium,75,Canada,Not Eligible
ST1903,Maya Kade,Female,27,Indore,Madhya Pradesh,BSc,Finance,9.13,7.0,Australia,Cyber Security,1820926,Yes,Seminar,Enrolled,Rahul Singh,2025-10-27,2026-02-21,Converted,94,Low,96,Canada,Merit Scholarship
ST1904,Raagini Bera,Female,24,Indore,Madhya Pradesh,BBA,IT,9.55,7.5,Australia,Cyber Security,2167324,Yes,Referral,Enrolled,Sneha Jain,2026-05-14,2026-07-06,Converted,99,Low,100,Canada,Merit Scholarship
ST1905,Ronith Bera,Female,26,Pune,Maharashtra,BBA,Mechanical,7.53,7.3,Australia,Business Analytics,2642460,Yes,WhatsApp,Visa,Rahul Singh,2024-11-04,2025-01-26,Active,99,Low,93,Canada,Partial Scholarship
ST1906,Girindra Bhatt,Male,28,Delhi,Delhi,BSc,Marketing,6.78,5.9,Canada,Data Science,3287638,No,WhatsApp,Offer Letter,Rahul Singh,2024-09-11,2024-09-15,Inactive,74,Medium,71,Canada,Not Eligible
ST1907,Libni Rastogi,Male,22,Pune,Maharashtra,BSc,ECE,6.81,7.9,UK,Data Science,3129872,No,Referral,Offer Letter,Amit Verma,2024-07-20,2024-08-04,Inactive,90,Low,100,Canada,Not Eligible
ST1908,Urvi Gola,Female,23,Delhi,Delhi,BA,CSE,6.45,5.9,Canada,MBA,1001042,Yes,Website,Offer Letter,Rohit Gupta,2025-05-15,2025-09-09,Dropped,60,High,58,Germany,Not Eligible
ST1909,Mekhala Goyal,Female,23,Bangalore,Karnataka,BCom,ECE,8.53,6.2,USA,Computer Science,3467648,Yes,Instagram,Visa,Rohit Gupta,2025-11-03,2026-01-17,Active,90,Low,92,USA,Merit Scholarship
ST1910,Girindra Lata,Female,20,Hyderabad,Telangana,BTech,ECE,6.62,6.8,UK,Finance,3095823,No,Seminar,Visa,Sneha Jain,2025-08-15,2025-10-27,Converted,71,Medium,78,UK,Not Eligible
ST1911,Amruta Bath,Male,20,Mumbai,Maharashtra,BCom,CSE,6.31,8.2,Australia,MBA,1801094,Yes,Instagram,Visa,Rahul Singh,2026-05-04,2026-06-06,Active,89,Medium,79,Canada,Not Eligible
ST1912,Christopher Bala,Male,19,Indore,Madhya Pradesh,BCom,ECE,9.51,8.4,Canada,Computer Science,1386997,Yes,WhatsApp,Offer Letter,Priya Sharma,2024-08-22,2024-08-27,Active,99,Low,100,Germany,Merit Scholarship
ST1913,Hamsini Narayanan,Male,22,Hyderabad,Telangana,BSc,Marketing,8.51,7.5,Australia,Cyber Security,2256172,Yes,Seminar,Offer Letter,Rohit Gupta,2025-07-18,2025-10-18,Dropped,99,Low,100,Canada,Merit Scholarship
ST1914,Frederick Bava,Male,22,Ahmedabad,Gujarat,BBA,CSE,7.32,6.5,Canada,MBA,2335327,No,Instagram,Visa,Amit Verma,2025-08-16,2025-08-22,Converted,79,Low,83,Canada,Not Eligible
ST1915,Bhavani Iyengar,Female,20,Delhi,Delhi,BTech,Biotechnology,6.61,5.9,UK,Cyber Security,2136305,No,Instagram,Visa,Rahul Singh,2025-01-12,2025-02-23,Converted,72,Medium,70,UK,Not Eligible
ST1916,Jhalak Narain,Male,20,Jaipur,Rajasthan,BBA,Marketing,7.37,6.0,Australia,Computer Science,1844071,No,Seminar,Documents,Sneha Jain,2025-07-17,2025-08-31,Inactive,68,Medium,68,Australia,Not Eligible
ST1917,Chanchal Bir,Female,25,Hyderabad,Telangana,BTech,Biotechnology,7.62,7.8,Australia,Cyber Security,1910596,Yes,Seminar,Contacted,Rahul Singh,2026-01-19,2026-04-23,Inactive,87,Low,89,Canada,Partial Scholarship
ST1918,Lavanya Walia,Male,26,Bhopal,Madhya Pradesh,BBA,Marketing,9.6,7.2,UK,Data Science,2079198,Yes,Referral,Enrolled,Rohit Gupta,2025-06-25,2025-10-04,Converted,91,Low,100,Canada,Merit Scholarship
ST1919,Arjun Uppal,Male,18,Hyderabad,Telangana,BBA,IT,6.43,7.9,Canada,Business Analytics,2980569,Yes,WhatsApp,New Lead,Priya Sharma,2025-01-25,2025-04-02,Dropped,98,Low,88,Canada,Not Eligible
ST1920,Ryan Sridhar,Female,26,Delhi,Delhi,BSc,Mechanical,6.53,7.2,USA,Data Science,2681945,Yes,WhatsApp,Offer Letter,Rohit Gupta,2024-10-19,2025-01-26,Dropped,89,Low,82,Canada,Not Eligible
ST1921,Adya Vaidya,Male,23,Bhopal,Madhya Pradesh,BCom,Mechanical,9.46,7.7,Australia,Data Science,1240435,Yes,Website,Offer Letter,Rahul Singh,2025-02-26,2025-04-22,Active,94,Low,100,Germany,Merit Scholarship
ST1922,Jeet Kunda,Female,24,Delhi,Delhi,BA,CSE,6.64,7.1,UK,Computer Science,3476946,No,Website,Enrolled,Rohit Gupta,2025-11-22,2026-03-04,Converted,77,Low,81,Canada,Not Eligible
ST1923,Kala Virk,Female,21,Chennai,Tamil Nadu,BTech,Mechanical,9.21,6.5,Germany,Business Analytics,1340282,Yes,Instagram,Visa,Rohit Gupta,2025-05-08,2025-07-10,Converted,99,Low,92,Germany,Merit Scholarship
ST1924,Lajita Dada,Female,18,Ahmedabad,Gujarat,BSc,Biotechnology,7.09,7.1,UK,Artificial Intelligence,3490951,No,Referral,Visa,Amit Verma,2025-08-28,2025-10-06,Converted,91,Low,100,Canada,Not Eligible
ST1925,Frederick Kaul,Male,25,Chennai,Tamil Nadu,BA,Finance,6.26,6.9,USA,Business Analytics,2910417,Yes,Referral,Counseling,Rahul Singh,2024-10-08,2024-11-22,Active,95,Low,91,USA,Not Eligible
ST1926,Ekaraj Cheema,Female,23,Bhopal,Madhya Pradesh,BSc,IT,6.35,5.5,Australia,Computer Science,2078524,No,Referral,Enrolled,Amit Verma,2025-04-15,2025-06-07,Converted,80,Medium,78,Australia,Not Eligible
ST1927,Ekaja Raja,Female,20,Chennai,Tamil Nadu,BTech,ECE,9.09,7.0,Germany,Business Analytics,1222543,Yes,Referral,Visa,Amit Verma,2025-07-20,2025-08-18,Converted,99,Low,100,Germany,Merit Scholarship
ST1928,Netra Varghese,Male,22,Jaipur,Rajasthan,BBA,IT,6.94,6.3,Germany,MBA,951813,Yes,Instagram,Documents,Sneha Jain,2026-04-03,2026-05-30,Dropped,63,Medium,66,Germany,Not Eligible
ST1929,Falguni Ravi,Female,24,Indore,Madhya Pradesh,BCom,Mechanical,9.68,8.5,Canada,Artificial Intelligence,1846585,Yes,Instagram,Counseling,Rahul Singh,2024-09-15,2024-12-09,Inactive,90,Low,100,Canada,Merit Scholarship
ST1930,Zashil Gala,Female,18,Ahmedabad,Gujarat,BSc,Mechanical,6.21,7.8,UK,Business Analytics,1081271,No,Referral,Enrolled,Rahul Singh,2024-12-28,2025-03-04,Converted,93,Low,90,Germany,Not Eligible
ST1931,Tanveer Chana,Female,18,Bhopal,Madhya Pradesh,BTech,CSE,8.93,8.3,UK,Finance,3195265,Yes,Instagram,Enrolled,Rahul Singh,2025-01-24,2025-02-22,Converted,98,Low,100,Canada,Merit Scholarship
ST1932,Chatura Bhatti,Female,24,Delhi,Delhi,BCom,Biotechnology,7.68,6.2,Australia,Data Science,2204579,Yes,Website,Visa,Rohit Gupta,2024-11-18,2025-03-10,Converted,86,Low,83,Australia,Partial Scholarship
ST1933,Libni Magar,Female,28,Pune,Maharashtra,BTech,ECE,7.83,6.5,Canada,Data Science,2389146,No,WhatsApp,Documents,Sneha Jain,2025-11-18,2025-12-07,Active,78,Low,88,Canada,Partial Scholarship
ST1934,Zansi Nadig,Female,27,Delhi,Delhi,BCom,Finance,7.94,7.8,Australia,Finance,2290770,Yes,Website,Counseling,Sneha Jain,2026-05-01,2026-08-17,Inactive,95,Low,100,Canada,Partial Scholarship
ST1935,Wazir Rajan,Female,22,Jaipur,Rajasthan,BA,ECE,8.73,5.6,Canada,Data Science,2233842,Yes,WhatsApp,Contacted,Amit Verma,2025-02-26,2025-05-28,Active,86,Low,87,Canada,Merit Scholarship
ST1936,Banjeet Roy,Female,19,Jaipur,Rajasthan,BSc,ECE,6.94,5.5,UK,Cyber Security,3101363,No,Seminar,Offer Letter,Sneha Jain,2026-02-16,2026-03-20,Active,60,Medium,69,UK,Not Eligible
ST1937,Banjeet Mohan,Female,20,Jaipur,Rajasthan,BTech,Mechanical,7.33,5.6,Germany,Computer Science,1263270,Yes,Referral,Documents,Rohit Gupta,2024-08-04,2024-08-15,Inactive,72,Medium,78,Germany,Not Eligible
ST1938,Barkha Kara,Female,28,Ahmedabad,Gujarat,BBA,Biotechnology,8.95,7.2,Germany,Finance,896716,Yes,Seminar,Documents,Rohit Gupta,2025-06-21,2025-07-02,Inactive,97,Low,96,Germany,Merit Scholarship
ST1939,Aarush Dutt,Male,24,Hyderabad,Telangana,BSc,Marketing,8.43,8.3,Canada,Cyber Security,2618575,No,Website,New Lead,Rahul Singh,2025-08-08,2025-09-14,Active,99,Low,100,Canada,Partial Scholarship
ST1940,Chaaya Prashad,Female,24,Jaipur,Rajasthan,BTech,CSE,6.02,8.2,Canada,Artificial Intelligence,3212597,Yes,Referral,Documents,Rohit Gupta,2026-05-06,2026-08-13,Active,90,Low,100,Canada,Not Eligible
ST1941,Varsha Chahal,Male,23,Bhopal,Madhya Pradesh,BCom,IT,7.82,7.1,Canada,Cyber Security,1597553,Yes,Website,Visa,Rohit Gupta,2026-01-25,2026-02-06,Active,83,Low,83,Canada,Partial Scholarship
ST1942,Chanchal Ramaswamy,Male,18,Bhopal,Madhya Pradesh,BTech,Finance,8.33,8.3,Australia,Computer Science,3342400,No,Seminar,Visa,Amit Verma,2026-04-17,2026-05-27,Converted,99,Low,100,Canada,Partial Scholarship
ST1943,Mason Dayal,Female,26,Bangalore,Karnataka,BA,Finance,6.19,7.5,UK,Business Analytics,1440161,Yes,Referral,Visa,Sneha Jain,2025-09-22,2025-10-18,Converted,95,Low,86,Germany,Not Eligible
ST1944,Anjali Acharya,Male,18,Ahmedabad,Gujarat,BTech,Mechanical,8.32,7.2,UK,MBA,2336290,Yes,Referral,Contacted,Priya Sharma,2026-02-11,2026-02-15,Inactive,94,Low,100,Canada,Partial Scholarship
ST1945,Kala Borde,Male,20,Indore,Madhya Pradesh,BCom,ECE,9.27,5.6,Australia,Computer Science,1537772,Yes,WhatsApp,Counseling,Amit Verma,2025-03-12,2025-07-06,Dropped,91,Low,82,Australia,Merit Scholarship
ST1946,Aadhya Kapadia,Male,21,Indore,Madhya Pradesh,BSc,Marketing,8.44,6.3,UK,Data Science,3422656,Yes,Instagram,Visa,Priya Sharma,2025-04-28,2025-05-14,Active,90,Low,91,UK,Partial Scholarship
ST1947,Lipika Sachar,Female,24,Indore,Madhya Pradesh,BBA,Mechanical,6.72,8.4,Canada,Finance,3269849,No,Website,Contacted,Rahul Singh,2025-02-15,2025-04-23,Inactive,89,Low,96,Canada,Not Eligible
ST1948,Tanish Acharya,Male,25,Jaipur,Rajasthan,BTech,CSE,9.29,7.7,Canada,Artificial Intelligence,2933865,Yes,WhatsApp,New Lead,Sneha Jain,2024-12-15,2025-04-14,Inactive,93,Low,100,Canada,Merit Scholarship
ST1949,Aarav Seshadri,Male,23,Hyderabad,Telangana,BSc,Finance,7.83,6.1,Canada,Finance,1223565,No,WhatsApp,Application,Priya Sharma,2026-02-22,2026-04-03,Active,83,Medium,73,Germany,Partial Scholarship
ST1950,Chavvi Patla,Female,24,Pune,Maharashtra,BCom,ECE,8.53,7.4,Australia,Cyber Security,2320188,Yes,Website,Enrolled,Sneha Jain,2025-12-12,2026-04-04,Converted,99,Low,100,Canada,Merit Scholarship
ST1951,Gaurangi Bedi,Male,24,Mumbai,Maharashtra,BBA,IT,6.9,7.0,UK,Data Science,1868673,No,WhatsApp,Offer Letter,Priya Sharma,2025-01-17,2025-04-04,Inactive,69,Medium,74,Canada,Not Eligible
ST1952,Waida Maharaj,Female,19,Bhopal,Madhya Pradesh,BSc,CSE,8.88,8.2,Australia,Artificial Intelligence,2020283,Yes,Instagram,Counseling,Sneha Jain,2024-11-15,2025-01-27,Active,99,Low,100,Canada,Merit Scholarship
ST1953,Idika Sharma,Female,26,Delhi,Delhi,BA,Finance,8.89,8.4,Canada,Finance,2696903,Yes,WhatsApp,Enrolled,Rohit Gupta,2025-10-26,2025-11-25,Converted,99,Low,100,Canada,Merit Scholarship
ST1954,Janya Tripathi,Male,23,Jaipur,Rajasthan,BA,IT,8.42,5.7,USA,MBA,3335365,Yes,Instagram,Application,Priya Sharma,2026-03-11,2026-06-06,Active,86,Low,86,USA,Partial Scholarship
ST1955,Advay Uppal,Female,23,Mumbai,Maharashtra,BBA,Finance,8.82,5.5,Canada,Artificial Intelligence,1019936,Yes,WhatsApp,Enrolled,Amit Verma,2024-11-06,2024-12-16,Converted,78,Medium,78,Germany,Merit Scholarship
ST1956,Idika Kibe,Female,21,Indore,Madhya Pradesh,BSc,Finance,8.31,6.0,UK,Business Analytics,1992593,Yes,Website,Contacted,Priya Sharma,2024-06-07,2024-07-19,Active,80,Medium,78,UK,Partial Scholarship
ST1957,Eshana Kannan,Female,19,Bangalore,Karnataka,BSc,Mechanical,8.3,7.3,UK,Artificial Intelligence,2264856,Yes,Instagram,Counseling,Sneha Jain,2026-02-13,2026-04-24,Dropped,90,Low,100,Canada,Partial Scholarship
ST1958,Varsha Andra,Male,25,Delhi,Delhi,BTech,CSE,9.4,7.4,Canada,Data Science,3285921,Yes,Website,Documents,Rohit Gupta,2024-10-29,2025-01-25,Active,90,Low,100,Canada,Merit Scholarship
ST1959,Ekaja Bobal,Male,21,Chennai,Tamil Nadu,BCom,IT,7.93,7.7,Australia,Computer Science,1775253,No,Instagram,Counseling,Amit Verma,2026-05-14,2026-09-03,Dropped,85,Low,91,Canada,Partial Scholarship
ST1960,Lakshmi Chopra,Male,20,Chennai,Tamil Nadu,BTech,Marketing,7.93,8.2,Australia,Cyber Security,3276625,Yes,Instagram,Enrolled,Amit Verma,2025-11-18,2026-02-20,Converted,99,Low,100,Canada,Partial Scholarship
ST1961,Alexander Morar,Female,20,Jaipur,Rajasthan,BA,Marketing,9.08,5.9,Germany,MBA,1283258,Yes,Seminar,Counseling,Sneha Jain,2026-03-29,2026-07-21,Dropped,78,Low,84,Germany,Merit Scholarship
ST1962,Aditya Shankar,Male,19,Indore,Madhya Pradesh,BTech,Biotechnology,9.52,6.5,Canada,MBA,2290274,Yes,Website,Documents,Amit Verma,2025-01-19,2025-01-24,Active,93,Low,100,Canada,Merit Scholarship
ST1963,Upadhriti Sachdev,Female,26,Mumbai,Maharashtra,BTech,Finance,6.18,5.6,Germany,Cyber Security,1232576,Yes,WhatsApp,Visa,Rohit Gupta,2024-11-01,2024-11-03,Converted,46,High,51,Germany,Not Eligible
ST1964,Chakradev Mutti,Female,24,Bangalore,Karnataka,BA,Biotechnology,9.69,7.6,UK,Artificial Intelligence,1081380,Yes,WhatsApp,Enrolled,Rohit Gupta,2026-03-11,2026-06-09,Converted,99,Low,100,Germany,Merit Scholarship
ST1965,Samarth Ganesh,Male,18,Mumbai,Maharashtra,BBA,CSE,9.6,5.7,UK,Artificial Intelligence,3494487,Yes,Referral,Documents,Sneha Jain,2024-09-24,2024-10-20,Active,96,Low,100,UK,Merit Scholarship
ST1966,Hemani Pall,Male,21,Chennai,Tamil Nadu,BBA,IT,7.95,5.7,UK,Data Science,3370018,No,Website,Visa,Rahul Singh,2026-02-20,2026-05-10,Active,85,Low,81,UK,Partial Scholarship
ST1967,Alexander Murthy,Female,28,Mumbai,Maharashtra,BBA,CSE,7.37,5.8,Germany,Cyber Security,1093804,No,WhatsApp,Contacted,Rahul Singh,2024-09-29,2024-10-04,Active,64,Medium,65,Germany,Not Eligible
ST1968,Jhalak Agarwal,Male,26,Pune,Maharashtra,BTech,Finance,6.69,8.2,UK,Business Analytics,1460800,No,Website,Contacted,Rahul Singh,2026-01-22,2026-03-14,Dropped,75,Low,82,Germany,Not Eligible
ST1969,Fiyaz Radhakrishnan,Female,20,Bhopal,Madhya Pradesh,BBA,Marketing,8.19,6.9,USA,MBA,2950907,Yes,Instagram,Offer Letter,Sneha Jain,2024-07-02,2024-07-28,Active,92,Low,95,USA,Partial Scholarship
ST1970,Liam Suri,Male,25,Bangalore,Karnataka,BTech,Marketing,6.45,6.5,Germany,Finance,1248019,Yes,Seminar,Offer Letter,Sneha Jain,2026-05-10,2026-05-25,Dropped,62,Medium,64,Germany,Not Eligible
ST1971,Ishaan Anand,Female,27,Chennai,Tamil Nadu,BA,Mechanical,9.05,7.4,Germany,Finance,885163,Yes,Website,Visa,Amit Verma,2024-09-18,2024-11-06,Converted,99,Low,99,Germany,Merit Scholarship
ST1972,Balendra Pillai,Male,22,Hyderabad,Telangana,BSc,Mechanical,6.53,8.1,Australia,Data Science,1819327,No,Instagram,Enrolled,Sneha Jain,2024-06-20,2024-08-14,Converted,70,Low,80,Canada,Not Eligible
ST1973,Janya Patla,Male,19,Jaipur,Rajasthan,BBA,IT,9.02,6.0,UK,Finance,2986027,Yes,WhatsApp,Application,Sneha Jain,2025-05-19,2025-08-30,Inactive,99,Low,95,UK,Merit Scholarship
ST1974,Wishi Koshy,Male,21,Delhi,Delhi,BSc,IT,8.4,8.1,UK,Artificial Intelligence,2058271,Yes,Instagram,Visa,Rohit Gupta,2024-12-24,2025-02-24,Converted,99,Low,100,Canada,Partial Scholarship
ST1975,Upasna Kala,Female,18,Bangalore,Karnataka,BSc,Finance,8.6,6.7,Australia,Artificial Intelligence,2995924,Yes,Seminar,Counseling,Sneha Jain,2024-09-24,2024-10-17,Active,93,Low,97,Australia,Merit Scholarship
ST1976,Ojas Sastry,Male,22,Indore,Madhya Pradesh,BBA,ECE,6.5,5.9,Australia,Data Science,1619962,No,Website,Visa,Priya Sharma,2024-07-07,2024-07-19,Converted,68,High,59,Australia,Not Eligible
ST1977,Girish Bora,Male,18,Bangalore,Karnataka,BCom,IT,9.39,7.1,UK,Finance,2007799,Yes,Seminar,Application,Rahul Singh,2025-05-23,2025-09-14,Active,99,Low,100,Canada,Merit Scholarship
ST1978,Hredhaan Gara,Female,19,Ahmedabad,Gujarat,BSc,CSE,6.01,7.6,Canada,Artificial Intelligence,961185,No,Instagram,Application,Rohit Gupta,2024-09-26,2024-11-10,Inactive,67,Medium,70,Germany,Not Eligible
ST1979,Alexander Saini,Female,23,Jaipur,Rajasthan,BSc,IT,7.86,6.4,Canada,MBA,2735346,Yes,Seminar,Contacted,Rohit Gupta,2025-02-25,2025-04-14,Active,93,Low,87,Canada,Partial Scholarship
ST1980,Vasudha Mallick,Female,20,Pune,Maharashtra,BTech,Finance,9.02,8.2,Australia,MBA,1392720,Yes,Referral,Enrolled,Rohit Gupta,2024-11-09,2025-01-08,Converted,99,Low,100,Germany,Merit Scholarship
ST1981,Agastya Walia,Female,23,Jaipur,Rajasthan,BCom,ECE,7.9,6.0,Germany,Data Science,1025290,No,Seminar,Application,Sneha Jain,2026-05-29,2026-08-01,Inactive,75,Medium,74,Germany,Partial Scholarship
ST1982,Jagvi Keer,Male,26,Bangalore,Karnataka,BA,Finance,8.02,5.7,UK,Finance,1621272,Yes,Referral,New Lead,Sneha Jain,2025-05-29,2025-09-20,Dropped,86,Low,87,UK,Partial Scholarship
ST1983,Samar Mani,Female,24,Pune,Maharashtra,BTech,Mechanical,8.16,6.3,USA,Artificial Intelligence,3430089,Yes,Instagram,Documents,Rohit Gupta,2026-03-02,2026-03-29,Active,84,Low,88,USA,Partial Scholarship
ST1984,Saksham Nagarajan,Female,21,Jaipur,Rajasthan,BTech,Mechanical,6.48,6.9,UK,Computer Science,2375819,Yes,Seminar,Application,Rohit Gupta,2024-11-13,2025-01-18,Active,71,Medium,78,UK,Not Eligible
ST1985,Bhavani Ganesan,Male,21,Mumbai,Maharashtra,BCom,Finance,6.01,6.0,Canada,MBA,2707660,No,Seminar,Contacted,Rohit Gupta,2024-11-05,2025-02-04,Inactive,66,Medium,65,Canada,Not Eligible
ST1986,Baghyawati Kota,Male,23,Jaipur,Rajasthan,BSc,Biotechnology,6.66,7.1,USA,Artificial Intelligence,3411461,No,WhatsApp,Visa,Rohit Gupta,2024-09-18,2024-12-07,Converted,91,Low,81,Canada,Not Eligible
ST1987,Peter Vaidya,Male,28,Bhopal,Madhya Pradesh,BBA,Mechanical,7.37,8.2,Canada,Finance,2870738,Yes,Seminar,Application,Rohit Gupta,2024-09-04,2024-11-18,Dropped,90,Low,99,Canada,Not Eligible
ST1988,Nimrat Pathak,Male,22,Pune,Maharashtra,BCom,ECE,8.17,7.1,Canada,Cyber Security,2940748,Yes,Website,Offer Letter,Priya Sharma,2024-10-25,2025-01-02,Dropped,98,Low,96,Canada,Partial Scholarship
ST1989,Jasmit Krishnamurthy,Female,27,Mumbai,Maharashtra,BBA,Biotechnology,7.33,8.2,Canada,Computer Science,2781316,Yes,Website,New Lead,Priya Sharma,2024-06-08,2024-07-15,Inactive,97,Low,99,Canada,Not Eligible
ST1990,Anjali Jani,Female,26,Mumbai,Maharashtra,BCom,Marketing,6.37,5.9,UK,Business Analytics,1900480,No,Seminar,Counseling,Rohit Gupta,2025-04-25,2025-07-10,Dropped,65,High,57,UK,Not Eligible
ST1991,Yadavi Dugal,Male,25,Delhi,Delhi,BA,Finance,7.66,7.3,Germany,Cyber Security,865863,No,Instagram,Enrolled,Rohit Gupta,2024-07-19,2024-11-12,Converted,85,Low,84,Germany,Partial Scholarship
ST1992,Fitan Ganesh,Female,18,Jaipur,Rajasthan,BTech,CSE,9.45,7.9,Canada,MBA,1142515,Yes,Instagram,Contacted,Amit Verma,2026-05-04,2026-05-24,Active,97,Low,100,Germany,Merit Scholarship
ST1993,Harish Taneja,Male,28,Indore,Madhya Pradesh,BTech,CSE,8.22,6.0,Germany,Artificial Intelligence,1033822,Yes,Referral,New Lead,Sneha Jain,2025-03-11,2025-06-19,Inactive,99,Low,92,Germany,Partial Scholarship
ST1994,Faras Morar,Female,24,Pune,Maharashtra,BCom,Mechanical,8.89,5.9,Australia,Artificial Intelligence,1882257,Yes,Seminar,Counseling,Priya Sharma,2024-08-01,2024-11-02,Dropped,73,Low,82,Australia,Merit Scholarship
ST1995,Lopa Sunder,Male,23,Ahmedabad,Gujarat,BCom,CSE,9.12,8.4,Australia,Business Analytics,3231424,Yes,Website,Enrolled,Amit Verma,2025-11-15,2025-12-05,Converted,95,Low,100,Canada,Merit Scholarship
ST1996,Anika Sachar,Female,27,Hyderabad,Telangana,BA,IT,8.21,8.0,Australia,Computer Science,1944737,No,Website,Visa,Amit Verma,2026-04-15,2026-06-19,Converted,97,Low,97,Canada,Partial Scholarship
ST1997,Matthew Chaudhary,Male,24,Bangalore,Karnataka,BTech,Marketing,9.42,8.2,Canada,Business Analytics,1942123,Yes,Instagram,Counseling,Rohit Gupta,2024-08-14,2024-11-20,Dropped,99,Low,100,Canada,Merit Scholarship
ST1998,Saksham Kapadia,Male,18,Hyderabad,Telangana,BBA,Finance,6.88,5.6,UK,Computer Science,2146922,Yes,Referral,Visa,Sneha Jain,2024-10-27,2024-11-18,Converted,81,Low,83,UK,Not Eligible
ST1999,Wahab Seth,Female,18,Jaipur,Rajasthan,BSc,Finance,8.27,6.3,Australia,Finance,2465765,Yes,Instagram,Visa,Rohit Gupta,2024-07-16,2024-10-27,Active,99,Low,89,Australia,Partial Scholarship
ST2000,Indali Saxena,Male,19,Ahmedabad,Gujarat,BSc,Marketing,9.46,5.5,Canada,Finance,1690977,Yes,Referral,New Lead,Rahul Singh,2026-05-23,2026-07-12,Inactive,99,Low,99,Canada,Merit Scholarship
ST2001,Vrinda Kota,Male,27,Chennai,Tamil Nadu,BTech,Mechanical,8.63,6.7,Germany,Data Science,1190533,Yes,Instagram,Counseling,Priya Sharma,2025-06-10,2025-09-29,Active,93,Low,88,Germany,Merit Scholarship
ST2002,Gavin Luthra,Male,27,Hyderabad,Telangana,BTech,Biotechnology,9.58,6.8,Australia,Cyber Security,2559236,Yes,Seminar,Enrolled,Amit Verma,2024-10-25,2025-02-10,Converted,99,Low,100,Australia,Merit Scholarship
ST2003,Yutika Banik,Male,18,Bangalore,Karnataka,BBA,Marketing,6.31,8.1,UK,MBA,1892219,No,Seminar,New Lead,Sneha Jain,2025-05-19,2025-08-22,Dropped,87,Medium,78,Canada,Not Eligible
ST2004,Ronith Sandhu,Male,28,Bhopal,Madhya Pradesh,BCom,Finance,8.81,6.4,Germany,Finance,831023,Yes,Seminar,Documents,Priya Sharma,2024-10-04,2024-10-12,Dropped,78,Low,87,Germany,Merit Scholarship
ST2005,Ojas Gala,Female,28,Ahmedabad,Gujarat,BBA,IT,6.39,5.5,Germany,Data Science,1403000,Yes,Seminar,Documents,Sneha Jain,2025-08-06,2025-08-19,Inactive,56,High,53,Germany,Not Eligible
ST2006,Alka Gara,Male,20,Indore,Madhya Pradesh,BA,CSE,6.5,8.1,Canada,Cyber Security,2467159,Yes,Website,Counseling,Amit Verma,2024-07-20,2024-08-14,Dropped,97,Low,90,Canada,Not Eligible
ST2007,Parth Mani,Male,18,Delhi,Delhi,BBA,CSE,8.62,8.4,Australia,Finance,2292702,Yes,Website,Counseling,Sneha Jain,2025-07-02,2025-09-09,Inactive,93,Low,100,Canada,Merit Scholarship
ST2008,Rachit Talwar,Male,22,Delhi,Delhi,BA,Biotechnology,6.43,6.9,UK,Business Analytics,1515430,Yes,WhatsApp,Visa,Rahul Singh,2025-04-01,2025-04-22,Active,66,Medium,68,UK,Not Eligible
ST2009,Anusha Khanna,Male,27,Jaipur,Rajasthan,BA,Marketing,6.25,5.5,Australia,MBA,2317682,Yes,Seminar,Contacted,Sneha Jain,2024-06-17,2024-08-06,Active,64,Medium,62,Australia,Not Eligible
ST2010,Aradhana Chandran,Male,28,Bangalore,Karnataka,BBA,Biotechnology,8.02,5.9,Australia,Artificial Intelligence,2658820,Yes,Instagram,New Lead,Rahul Singh,2025-04-19,2025-07-18,Inactive,86,Low,84,Australia,Partial Scholarship
ST2011,Kamala Bala,Male,25,Bangalore,Karnataka,BA,Biotechnology,8.04,5.9,UK,Computer Science,2366116,Yes,WhatsApp,Enrolled,Priya Sharma,2025-05-19,2025-05-24,Converted,77,Low,84,UK,Partial Scholarship
ST2012,Aarush Gera,Male,27,Indore,Madhya Pradesh,BTech,Mechanical,7.9,6.7,Germany,MBA,1188770,No,Instagram,Documents,Rohit Gupta,2024-09-17,2024-10-12,Inactive,89,Low,81,Germany,Partial Scholarship
ST2013,Lucky Babu,Male,28,Indore,Madhya Pradesh,BBA,CSE,7.51,6.1,Australia,Artificial Intelligence,1774974,No,WhatsApp,Enrolled,Rohit Gupta,2025-07-29,2025-09-04,Converted,64,Medium,70,Australia,Partial Scholarship
ST2014,Patrick Bala,Female,22,Delhi,Delhi,BCom,Finance,9.0,6.0,Germany,Cyber Security,1108091,Yes,WhatsApp,Visa,Rohit Gupta,2025-09-27,2025-10-23,Converted,91,Low,85,Germany,Merit Scholarship
ST2015,Abhiram Bains,Male,25,Indore,Madhya Pradesh,BBA,ECE,6.98,6.9,Germany,Business Analytics,1291907,Yes,WhatsApp,Contacted,Sneha Jain,2025-02-14,2025-06-05,Inactive,75,Medium,73,Germany,Not Eligible
ST2016,Ishani Cheema,Male,26,Pune,Maharashtra,BBA,IT,6.41,8.0,Australia,Computer Science,833839,No,Referral,Offer Letter,Rahul Singh,2024-10-08,2025-01-09,Dropped,99,Low,94,Germany,Not Eligible
ST2017,Pahal Deshpande,Male,27,Chennai,Tamil Nadu,BSc,IT,7.57,7.7,Australia,Computer Science,3446402,Yes,WhatsApp,Documents,Amit Verma,2025-09-08,2025-09-12,Active,96,Low,97,Canada,Partial Scholarship
ST2018,Upma Yogi,Female,22,Mumbai,Maharashtra,BA,Finance,6.19,7.5,Canada,Business Analytics,1748247,Yes,Seminar,Counseling,Rohit Gupta,2025-05-08,2025-06-21,Inactive,63,Medium,71,Canada,Not Eligible
ST2019,Mohini Narang,Female,26,Ahmedabad,Gujarat,BCom,Marketing,6.25,5.8,Australia,Business Analytics,2071909,Yes,Seminar,Documents,Rohit Gupta,2026-01-05,2026-01-27,Dropped,63,Medium,64,Australia,Not Eligible
ST2020,Onkar Gade,Female,25,Jaipur,Rajasthan,BCom,Marketing,7.48,7.0,Canada,Cyber Security,1375307,No,Website,Contacted,Rohit Gupta,2026-01-30,2026-04-17,Inactive,71,Medium,79,Germany,Not Eligible
ST2021,Hiral More,Male,28,Delhi,Delhi,BCom,Finance,7.95,6.4,Canada,Cyber Security,2544260,Yes,Website,Counseling,Rahul Singh,2025-02-23,2025-04-25,Active,83,Low,88,Canada,Partial Scholarship
ST2022,Panini Ramachandran,Male,24,Jaipur,Rajasthan,BCom,Biotechnology,7.91,7.2,Canada,Cyber Security,1346672,Yes,Referral,Documents,Rohit Gupta,2025-02-03,2025-02-04,Inactive,93,Low,100,Germany,Partial Scholarship
ST2023,Theodore Krish,Male,23,Chennai,Tamil Nadu,BTech,Finance,6.42,7.1,Australia,Computer Science,3298665,No,Website,Offer Letter,Amit Verma,2024-06-07,2024-08-06,Inactive,71,Medium,79,Canada,Not Eligible
ST2024,Zilmil Mohanty,Female,27,Bhopal,Madhya Pradesh,BBA,Biotechnology,7.97,5.9,Canada,Finance,3258384,Yes,Referral,Contacted,Rahul Singh,2025-04-05,2025-07-24,Dropped,99,Low,98,Canada,Partial Scholarship
ST2025,Samuel Narula,Male,23,Pune,Maharashtra,BTech,ECE,8.68,5.9,Canada,Artificial Intelligence,2331073,Yes,Referral,Application,Sneha Jain,2026-01-15,2026-03-05,Inactive,99,Low,100,Canada,Merit Scholarship
ST2026,Hitesh Gour,Male,24,Bangalore,Karnataka,BA,ECE,8.97,7.2,Australia,Finance,2275641,Yes,Referral,Offer Letter,Rohit Gupta,2026-01-07,2026-03-16,Inactive,99,Low,100,Canada,Merit Scholarship
ST2027,Noah Das,Female,18,Ahmedabad,Gujarat,BCom,Mechanical,7.73,6.0,Canada,Computer Science,1775131,Yes,Instagram,Visa,Rohit Gupta,2025-07-04,2025-09-20,Active,66,Medium,72,Canada,Partial Scholarship
ST2028,Vedika Krish,Female,27,Mumbai,Maharashtra,BCom,CSE,7.78,6.9,Australia,MBA,2614984,No,Instagram,Application,Amit Verma,2025-04-16,2025-05-08,Dropped,99,Low,91,Australia,Partial Scholarship
ST2029,Yug Chadha,Female,21,Hyderabad,Telangana,BSc,IT,9.5,6.3,Canada,MBA,3290846,Yes,Website,Documents,Rahul Singh,2024-09-03,2024-12-04,Dropped,99,Low,100,Canada,Merit Scholarship
ST2030,Vivaan Solanki,Female,26,Hyderabad,Telangana,BA,Finance,8.3,7.8,UK,Artificial Intelligence,1029361,Yes,WhatsApp,New Lead,Priya Sharma,2026-01-02,2026-02-23,Inactive,98,Low,96,Germany,Partial Scholarship
ST2031,Lohit Patla,Male,22,Delhi,Delhi,BCom,ECE,7.78,5.6,Canada,Cyber Security,2332018,No,Seminar,Contacted,Priya Sharma,2025-04-22,2025-06-29,Active,85,Medium,77,Canada,Partial Scholarship
ST2032,Gayathri Pradhan,Male,18,Hyderabad,Telangana,BA,IT,6.12,5.7,UK,Finance,3284686,Yes,Seminar,Visa,Rahul Singh,2024-09-16,2024-12-08,Active,61,Medium,63,UK,Not Eligible
ST2033,Rayaan Nagarajan,Female,18,Hyderabad,Telangana,BCom,IT,7.57,8.5,UK,MBA,1784958,No,Instagram,Contacted,Amit Verma,2025-05-04,2025-07-03,Dropped,99,Low,95,Canada,Partial Scholarship
ST2034,Inaya Vasa,Female,23,Pune,Maharashtra,BSc,Mechanical,9.71,7.0,Canada,Computer Science,1226832,Yes,WhatsApp,Documents,Priya Sharma,2025-11-17,2025-11-18,Inactive,99,Low,100,Germany,Merit Scholarship
ST2035,Triya Aggarwal,Female,18,Hyderabad,Telangana,BSc,IT,8.15,8.0,Canada,Artificial Intelligence,1264788,No,Instagram,Counseling,Amit Verma,2024-10-21,2024-11-20,Dropped,87,Low,96,Germany,Partial Scholarship
ST2036,Nisha Krishna,Male,25,Hyderabad,Telangana,BBA,Biotechnology,6.15,6.8,Germany,MBA,1402770,No,Instagram,Visa,Priya Sharma,2025-04-16,2025-06-04,Converted,64,Medium,63,Germany,Not Eligible
ST2037,Xiti Raval,Female,28,Bhopal,Madhya Pradesh,BSc,Mechanical,8.86,7.1,Australia,Computer Science,2513878,Yes,WhatsApp,New Lead,Amit Verma,2024-08-23,2024-10-13,Inactive,99,Low,100,Canada,Merit Scholarship
ST2038,Gopal Mistry,Male,25,Hyderabad,Telangana,BBA,CSE,9.65,7.8,Australia,Artificial Intelligence,2050032,Yes,Seminar,New Lead,Sneha Jain,2025-05-20,2025-06-15,Active,99,Low,100,Canada,Merit Scholarship
ST2039,Jeevika Gade,Male,26,Chennai,Tamil Nadu,BBA,Mechanical,8.51,7.9,Australia,Cyber Security,817362,Yes,WhatsApp,Application,Priya Sharma,2026-03-15,2026-05-26,Dropped,99,Low,99,Germany,Merit Scholarship
ST2040,Bhavani Sura,Female,23,Bhopal,Madhya Pradesh,BA,Marketing,9.48,7.6,Canada,Artificial Intelligence,1563770,Yes,WhatsApp,Enrolled,Amit Verma,2025-07-26,2025-11-09,Converted,99,Low,100,Canada,Merit Scholarship
ST2041,Oliver Mittal,Female,18,Chennai,Tamil Nadu,BSc,Finance,9.47,6.9,UK,Artificial Intelligence,3222898,Yes,WhatsApp,Documents,Sneha Jain,2024-06-20,2024-09-29,Active,99,Low,100,UK,Merit Scholarship
ST2042,Yachana Pai,Male,28,Bangalore,Karnataka,BSc,Biotechnology,6.45,5.7,Australia,Cyber Security,3072737,Yes,Website,Enrolled,Amit Verma,2024-10-29,2025-02-10,Converted,56,Medium,66,Australia,Not Eligible
ST2043,Jagvi Prabhakar,Female,19,Bangalore,Karnataka,BSc,Finance,9.74,6.4,Canada,Computer Science,1080306,Yes,Website,Visa,Sneha Jain,2025-05-19,2025-06-07,Active,99,Low,96,Germany,Merit Scholarship
ST2044,Tripti Nayak,Female,24,Ahmedabad,Gujarat,BA,Finance,8.41,6.8,Canada,Cyber Security,1882948,Yes,Website,Counseling,Rahul Singh,2024-06-27,2024-07-12,Dropped,93,Low,86,Canada,Partial Scholarship
ST2045,Kala Randhawa,Female,21,Chennai,Tamil Nadu,BA,Finance,8.43,7.3,Canada,Data Science,3069451,Yes,WhatsApp,Application,Rahul Singh,2025-02-02,2025-03-27,Active,94,Low,100,Canada,Partial Scholarship
ST2046,Eta Dar,Male,22,Indore,Madhya Pradesh,BCom,IT,8.54,8.0,UK,Finance,1557846,Yes,Instagram,Documents,Priya Sharma,2024-09-27,2024-12-17,Active,91,Low,100,Canada,Merit Scholarship
ST2047,Aarnav Nath,Female,19,Mumbai,Maharashtra,BA,ECE,6.1,8.4,Australia,Artificial Intelligence,3230817,Yes,Referral,Documents,Priya Sharma,2024-10-18,2024-12-12,Inactive,99,Low,100,Canada,Not Eligible
ST2048,Christopher Kibe,Male,28,Hyderabad,Telangana,BA,ECE,8.88,7.1,USA,Finance,2770810,Yes,Website,Documents,Rahul Singh,2024-09-16,2024-11-13,Dropped,92,Low,100,Canada,Merit Scholarship
ST2049,Agastya Bawa,Female,27,Bangalore,Karnataka,BA,IT,8.81,8.5,UK,Cyber Security,2941275,Yes,Instagram,New Lead,Amit Verma,2025-11-06,2026-01-13,Active,99,Low,100,Canada,Merit Scholarship
ST2050,Nathaniel Minhas,Female,23,Chennai,Tamil Nadu,BSc,ECE,7.44,8.1,Canada,Finance,1549374,No,WhatsApp,Offer Letter,Sneha Jain,2026-03-12,2026-03-22,Active,90,Low,89,Canada,Not Eligible
ST2051,Lajita Kapadia,Male,18,Chennai,Tamil Nadu,BSc,IT,9.03,7.7,Canada,Finance,2772894,Yes,Referral,Enrolled,Rohit Gupta,2024-10-19,2024-12-20,Converted,99,Low,100,Canada,Merit Scholarship
ST2052,Nandini Rau,Male,18,Bangalore,Karnataka,BA,IT,7.17,6.0,UK,Business Analytics,2357588,Yes,Seminar,Visa,Priya Sharma,2024-09-25,2025-01-15,Active,75,Medium,76,UK,Not Eligible
ST2053,Chatura Randhawa,Male,27,Bhopal,Madhya Pradesh,BSc,Mechanical,8.42,8.4,Australia,MBA,1804463,No,Website,Application,Rahul Singh,2025-01-27,2025-05-07,Dropped,99,Low,100,Canada,Partial Scholarship
ST2054,Qasim Vohra,Male,18,Delhi,Delhi,BSc,Marketing,8.53,8.0,UK,Artificial Intelligence,2950101,Yes,Website,Counseling,Priya Sharma,2026-03-25,2026-04-25,Dropped,99,Low,100,Canada,Merit Scholarship
ST2055,Charles Upadhyay,Male,18,Bangalore,Karnataka,BCom,Marketing,9.76,5.7,UK,Finance,3431066,Yes,Instagram,Documents,Amit Verma,2025-07-07,2025-09-14,Inactive,99,Low,99,UK,Merit Scholarship
ST2056,Rishi Mohanty,Female,25,Delhi,Delhi,BA,Finance,7.03,8.4,Australia,MBA,1278640,No,Website,New Lead,Amit Verma,2025-11-12,2026-01-07,Inactive,81,Low,89,Germany,Not Eligible
ST2057,Samaksh Yohannan,Female,28,Mumbai,Maharashtra,BCom,ECE,8.71,8.2,Canada,Artificial Intelligence,1406770,Yes,Seminar,New Lead,Priya Sharma,2024-07-29,2024-09-24,Dropped,99,Low,100,Germany,Merit Scholarship
ST2058,Vedant Din,Male,20,Bhopal,Madhya Pradesh,BBA,Marketing,8.71,6.6,Australia,Computer Science,1841591,Yes,Seminar,Visa,Rahul Singh,2026-05-01,2026-07-23,Converted,97,Low,87,Australia,Merit Scholarship
ST2059,Mitali Contractor,Female,25,Chennai,Tamil Nadu,BCom,Mechanical,6.65,7.5,Australia,Finance,2163260,No,Instagram,Contacted,Sneha Jain,2025-12-16,2026-02-24,Dropped,93,Low,86,Canada,Not Eligible
ST2060,Forum Saran,Female,20,Pune,Maharashtra,BTech,Finance,7.93,7.0,Australia,Artificial Intelligence,3128146,No,Instagram,Counseling,Amit Verma,2025-11-04,2025-12-11,Dropped,88,Low,94,Canada,Partial Scholarship
ST2061,Banjeet Varughese,Female,24,Hyderabad,Telangana,BCom,Mechanical,7.18,6.5,UK,Artificial Intelligence,3196697,Yes,Seminar,Offer Letter,Priya Sharma,2024-08-01,2024-09-05,Dropped,79,Low,81,UK,Not Eligible
ST2062,Chaitaly Memon,Female,19,Pune,Maharashtra,BSc,Mechanical,8.71,7.4,USA,Cyber Security,3361758,Yes,Website,Enrolled,Amit Verma,2026-04-25,2026-08-11,Converted,96,Low,100,Canada,Merit Scholarship
ST2063,Eiravati Dutt,Male,19,Indore,Madhya Pradesh,BCom,Finance,9.17,7.4,Canada,Data Science,1163670,Yes,WhatsApp,Counseling,Rohit Gupta,2026-05-07,2026-08-02,Active,99,Low,100,Germany,Merit Scholarship
ST2064,Manya Jain,Female,18,Chennai,Tamil Nadu,BBA,ECE,6.65,5.7,Germany,Business Analytics,867934,Yes,Website,Visa,Rahul Singh,2026-04-03,2026-06-07,Active,52,High,58,Germany,Not Eligible
ST2065,Darsh Yogi,Male,24,Bhopal,Madhya Pradesh,BSc,Finance,9.25,6.8,Canada,Finance,3164868,Yes,Referral,Documents,Priya Sharma,2025-04-06,2025-05-17,Inactive,99,Low,100,Canada,Merit Scholarship
ST2066,Charles Bala,Male,22,Jaipur,Rajasthan,BCom,IT,8.12,6.1,Germany,Computer Science,999445,Yes,Referral,Application,Amit Verma,2025-01-24,2025-03-12,Inactive,95,Low,91,Germany,Partial Scholarship
ST2067,Ryan Chaudhry,Female,27,Bhopal,Madhya Pradesh,BTech,Marketing,8.64,5.8,Australia,Data Science,1666928,Yes,WhatsApp,Counseling,Sneha Jain,2026-01-02,2026-04-14,Dropped,77,Medium,78,Australia,Merit Scholarship
ST2068,Xiti Narain,Male,27,Ahmedabad,Gujarat,BA,Marketing,8.86,6.5,Germany,Computer Science,1440085,Yes,Referral,Contacted,Sneha Jain,2026-01-21,2026-02-27,Dropped,93,Low,100,Germany,Merit Scholarship
ST2069,Gaurav Lad,Female,18,Chennai,Tamil Nadu,BA,Biotechnology,9.35,7.9,Canada,Computer Science,816751,Yes,Website,Counseling,Priya Sharma,2026-01-22,2026-01-28,Inactive,90,Low,100,Germany,Merit Scholarship
ST2070,Aishani Misra,Female,21,Hyderabad,Telangana,BTech,Finance,8.1,7.1,Australia,Computer Science,2914464,No,Website,Enrolled,Priya Sharma,2024-11-18,2025-02-26,Converted,99,Low,95,Canada,Partial Scholarship
ST2071,Sachi Agrawal,Female,20,Chennai,Tamil Nadu,BA,CSE,6.38,5.6,USA,Finance,2714250,No,Website,Application,Rahul Singh,2025-03-04,2025-06-18,Active,67,Medium,63,USA,Not Eligible
ST2072,Pratyush Sidhu,Female,20,Ahmedabad,Gujarat,BTech,Mechanical,8.54,6.2,UK,MBA,3122514,Yes,Website,New Lead,Rahul Singh,2025-06-13,2025-07-20,Active,99,Low,92,UK,Merit Scholarship
ST2073,Mugdha Sur,Female,26,Ahmedabad,Gujarat,BBA,IT,8.58,8.3,Australia,Data Science,1201802,Yes,Website,Enrolled,Amit Verma,2026-02-15,2026-03-05,Converted,99,Low,100,Germany,Merit Scholarship
ST2074,Girish Ramesh,Male,26,Bhopal,Madhya Pradesh,BA,Marketing,6.0,5.8,Canada,Artificial Intelligence,2781384,Yes,WhatsApp,New Lead,Rahul Singh,2024-08-10,2024-10-09,Inactive,70,Medium,62,Canada,Not Eligible
ST2075,Varsha Soman,Male,25,Pune,Maharashtra,BSc,IT,9.15,6.2,USA,Artificial Intelligence,3243038,Yes,Instagram,New Lead,Rohit Gupta,2025-08-25,2025-11-19,Dropped,98,Low,98,USA,Merit Scholarship
ST2076,Tanmayi Jani,Male,23,Jaipur,Rajasthan,BTech,Marketing,6.26,5.9,USA,Cyber Security,2966060,No,Instagram,Documents,Sneha Jain,2025-02-08,2025-03-25,Inactive,59,Medium,66,USA,Not Eligible
ST2077,Mekhala Virk,Female,21,Hyderabad,Telangana,BBA,Mechanical,7.53,5.9,Australia,Business Analytics,2403795,No,Instagram,Contacted,Rohit Gupta,2025-04-26,2025-06-06,Active,81,Medium,79,Australia,Partial Scholarship
ST2078,Quincy Aggarwal,Male,22,Bangalore,Karnataka,BSc,IT,6.16,6.0,Canada,Cyber Security,1363879,No,Seminar,Enrolled,Amit Verma,2024-08-23,2024-09-13,Converted,52,High,56,Germany,Not Eligible
ST2079,Rishi Bedi,Female,22,Bhopal,Madhya Pradesh,BTech,Mechanical,8.04,8.1,Australia,Computer Science,3291415,No,WhatsApp,Counseling,Rohit Gupta,2024-08-20,2024-10-18,Active,99,Low,100,Canada,Partial Scholarship
ST2080,Eshana Lanka,Female,26,Indore,Madhya Pradesh,BTech,ECE,6.79,5.6,Canada,Cyber Security,1189125,No,Referral,Documents,Priya Sharma,2024-08-21,2024-12-04,Active,68,Medium,72,Germany,Not Eligible
ST2081,Ekavir Karan,Male,26,Chennai,Tamil Nadu,BA,Biotechnology,8.81,7.8,UK,Artificial Intelligence,2673930,Yes,Referral,Contacted,Amit Verma,2025-04-27,2025-08-21,Dropped,94,Low,100,Canada,Merit Scholarship
ST2082,Ranveer Kota,Male,21,Hyderabad,Telangana,BTech,IT,9.6,8.0,Canada,Artificial Intelligence,1017555,Yes,Website,Counseling,Rohit Gupta,2024-06-05,2024-08-13,Inactive,99,Low,100,Germany,Merit Scholarship
ST2083,Tarak Subramaniam,Male,22,Chennai,Tamil Nadu,BCom,Biotechnology,8.79,5.8,UK,Finance,2707728,Yes,Seminar,Documents,Priya Sharma,2025-01-29,2025-03-18,Active,94,Low,89,UK,Merit Scholarship
ST2084,Zarna Bhatnagar,Male,18,Indore,Madhya Pradesh,BCom,Mechanical,8.74,7.6,Canada,Business Analytics,976363,Yes,WhatsApp,Counseling,Rahul Singh,2026-03-22,2026-04-25,Inactive,99,Low,97,Germany,Merit Scholarship
ST2085,Robert Krishnan,Male,22,Delhi,Delhi,BBA,Biotechnology,7.42,6.3,Canada,Cyber Security,1306344,Yes,WhatsApp,Documents,Rohit Gupta,2026-03-28,2026-03-30,Dropped,77,Medium,71,Germany,Not Eligible
ST2086,Chanchal Narayan,Male,19,Chennai,Tamil Nadu,BTech,CSE,8.85,8.0,Canada,Cyber Security,2486357,Yes,WhatsApp,Application,Amit Verma,2024-06-15,2024-09-14,Dropped,99,Low,100,Canada,Merit Scholarship
ST2087,Ekiya Ravi,Male,28,Chennai,Tamil Nadu,BA,Mechanical,9.22,8.2,UK,Finance,3189034,Yes,WhatsApp,Counseling,Rahul Singh,2024-10-17,2025-01-04,Active,98,Low,100,Canada,Merit Scholarship
ST2088,Ekaraj Varghese,Female,19,Pune,Maharashtra,BA,Marketing,8.14,8.4,UK,Computer Science,2081425,No,Website,Documents,Rohit Gupta,2025-02-27,2025-06-24,Active,99,Low,100,Canada,Partial Scholarship
ST2089,Chakrika Kalla,Male,27,Hyderabad,Telangana,BSc,ECE,7.93,6.8,Canada,Computer Science,1601560,No,WhatsApp,Offer Letter,Sneha Jain,2026-02-20,2026-02-23,Dropped,72,Low,81,Canada,Partial Scholarship
ST2090,Benjamin Pillay,Female,19,Bangalore,Karnataka,BSc,IT,8.97,6.5,Canada,Cyber Security,2575101,Yes,Referral,Counseling,Rahul Singh,2025-02-01,2025-05-09,Active,99,Low,100,Canada,Merit Scholarship
ST2091,Sneha Narain,Female,27,Chennai,Tamil Nadu,BCom,CSE,7.77,7.6,Australia,MBA,1256594,No,Instagram,Contacted,Priya Sharma,2024-09-26,2024-11-20,Inactive,86,Low,87,Germany,Partial Scholarship
ST2092,Rajata Khosla,Female,22,Pune,Maharashtra,BTech,CSE,7.46,8.4,Canada,Finance,1938608,Yes,WhatsApp,Contacted,Priya Sharma,2024-06-12,2024-07-21,Active,99,Low,93,Canada,Not Eligible
ST2093,Lavanya Apte,Male,18,Mumbai,Maharashtra,BSc,CSE,6.84,7.3,Canada,MBA,3187746,Yes,WhatsApp,Counseling,Rahul Singh,2025-12-27,2026-01-10,Active,94,Low,86,Canada,Not Eligible
ST2094,Girik Prabhakar,Female,24,Hyderabad,Telangana,BCom,CSE,8.71,6.9,Australia,Cyber Security,2063059,Yes,Seminar,Enrolled,Amit Verma,2025-08-24,2025-11-10,Converted,91,Low,100,Australia,Merit Scholarship
ST2095,Karan Batra,Male,28,Pune,Maharashtra,BCom,Marketing,7.22,8.1,Canada,Data Science,2046727,Yes,WhatsApp,Enrolled,Sneha Jain,2025-02-17,2025-05-12,Converted,99,Low,97,Canada,Not Eligible
ST2096,Viraj Bose,Male,22,Bangalore,Karnataka,BTech,ECE,8.43,8.4,Canada,MBA,2790980,No,Instagram,New Lead,Sneha Jain,2026-01-10,2026-03-14,Active,99,Low,100,Canada,Partial Scholarship
ST2097,Hemani Mahajan,Male,25,Chennai,Tamil Nadu,BCom,Finance,7.38,6.3,Germany,Finance,817295,No,WhatsApp,Counseling,Priya Sharma,2025-09-14,2025-11-11,Dropped,77,Medium,70,Germany,Not Eligible
ST2098,Shaurya Patil,Female,26,Ahmedabad,Gujarat,BTech,ECE,8.16,8.2,UK,Business Analytics,1777220,Yes,WhatsApp,Offer Letter,Rahul Singh,2024-07-21,2024-11-12,Active,99,Low,97,Canada,Partial Scholarship
ST2099,Lakshmi Goel,Female,23,Chennai,Tamil Nadu,BSc,IT,9.71,7.1,USA,Finance,2813171,Yes,Referral,New Lead,Amit Verma,2024-12-16,2025-04-10,Dropped,92,Low,100,Canada,Merit Scholarship
ST2100,Zarna Nadkarni,Female,26,Hyderabad,Telangana,BTech,CSE,8.44,7.7,Canada,Data Science,2131451,No,WhatsApp,New Lead,Priya Sharma,2025-06-03,2025-07-28,Active,91,Low,100,Canada,Partial Scholarship
ST2101,Rehaan Wagle,Female,26,Chennai,Tamil Nadu,BCom,ECE,9.6,8.3,Canada,Data Science,2879904,Yes,WhatsApp,Documents,Rahul Singh,2025-06-29,2025-09-09,Inactive,99,Low,100,Canada,Merit Scholarship
ST2102,Urvi Mutti,Male,24,Pune,Maharashtra,BTech,IT,9.55,7.1,Canada,Finance,2624985,Yes,WhatsApp,Visa,Rahul Singh,2026-03-09,2026-03-26,Active,99,Low,100,Canada,Merit Scholarship
ST2103,Ekaja Char,Female,24,Mumbai,Maharashtra,BSc,Biotechnology,7.64,7.3,UK,Cyber Security,2200862,No,Website,Application,Rahul Singh,2025-06-03,2025-08-03,Active,99,Low,94,Canada,Partial Scholarship
ST2104,Vedika Basak,Female,26,Delhi,Delhi,BA,ECE,7.09,7.7,UK,Computer Science,840615,Yes,Instagram,Counseling,Rahul Singh,2025-04-21,2025-07-28,Inactive,78,Low,82,Germany,Not Eligible
ST2105,Rehaan Banerjee,Male,18,Indore,Madhya Pradesh,BA,CSE,9.42,6.8,Canada,Data Science,2058697,Yes,Referral,Documents,Priya Sharma,2024-06-22,2024-09-09,Active,99,Low,100,Canada,Merit Scholarship
ST2106,Aarav Bhargava,Male,26,Indore,Madhya Pradesh,BTech,Finance,8.88,6.3,UK,Business Analytics,2660234,Yes,Website,Counseling,Priya Sharma,2026-04-25,2026-07-10,Dropped,86,Low,95,UK,Merit Scholarship
ST2107,Nisha Dhawan,Female,19,Bhopal,Madhya Pradesh,BA,Biotechnology,9.08,8.2,Canada,Business Analytics,3267152,Yes,Referral,Visa,Priya Sharma,2026-02-27,2026-03-07,Converted,96,Low,100,Canada,Merit Scholarship
ST2108,Siddharth Ravi,Male,28,Mumbai,Maharashtra,BA,ECE,9.73,7.8,Australia,Computer Science,2965813,Yes,WhatsApp,Application,Priya Sharma,2026-04-13,2026-06-14,Dropped,98,Low,100,Canada,Merit Scholarship
ST2109,Inaya Natt,Female,18,Mumbai,Maharashtra,BTech,ECE,9.79,7.1,Australia,MBA,1680113,Yes,Referral,New Lead,Rohit Gupta,2025-10-14,2025-11-10,Inactive,99,Low,100,Canada,Merit Scholarship
ST2110,Eiravati Magar,Male,18,Bhopal,Madhya Pradesh,BTech,Marketing,9.42,7.8,Australia,Cyber Security,3038720,Yes,Instagram,New Lead,Sneha Jain,2024-07-30,2024-09-09,Inactive,91,Low,100,Canada,Merit Scholarship
ST2111,Hiral Butala,Female,26,Jaipur,Rajasthan,BBA,CSE,8.86,8.3,UK,Data Science,1469831,Yes,Website,Offer Letter,Amit Verma,2024-10-25,2024-12-24,Active,99,Low,100,Germany,Merit Scholarship
ST2112,Zaid Loyal,Male,28,Chennai,Tamil Nadu,BBA,IT,8.77,7.1,Australia,Business Analytics,1771102,Yes,WhatsApp,New Lead,Priya Sharma,2025-06-30,2025-09-30,Dropped,99,Low,92,Canada,Merit Scholarship
ST2113,Ayaan Mahal,Male,21,Pune,Maharashtra,BTech,Mechanical,9.19,6.8,Australia,Business Analytics,1504956,Yes,Seminar,Contacted,Sneha Jain,2026-02-26,2026-03-27,Inactive,89,Low,93,Australia,Merit Scholarship
ST2114,Lohit Kata,Female,26,Pune,Maharashtra,BCom,ECE,8.42,7.8,Australia,Artificial Intelligence,2381730,No,Instagram,New Lead,Rohit Gupta,2026-02-01,2026-03-19,Dropped,94,Low,100,Canada,Partial Scholarship
ST2115,Vidhi Krish,Female,28,Ahmedabad,Gujarat,BTech,Mechanical,8.39,6.7,UK,MBA,2461768,No,Instagram,Documents,Rahul Singh,2024-12-14,2025-02-04,Active,89,Low,95,UK,Partial Scholarship
ST2116,Girindra Hayer,Male,19,Bangalore,Karnataka,BCom,Marketing,9.29,8.2,UK,Cyber Security,1410531,Yes,WhatsApp,Contacted,Rohit Gupta,2025-03-16,2025-04-26,Active,96,Low,100,Germany,Merit Scholarship
ST2117,Jason Dey,Female,28,Mumbai,Maharashtra,BSc,ECE,8.83,7.5,UK,Artificial Intelligence,3231952,Yes,Website,Offer Letter,Sneha Jain,2024-10-15,2025-02-05,Active,94,Low,100,Canada,Merit Scholarship
ST2118,Darpan Kakar,Female,25,Ahmedabad,Gujarat,BBA,ECE,6.33,8.0,UK,Data Science,1564475,Yes,Seminar,Offer Letter,Amit Verma,2025-05-06,2025-06-17,Dropped,73,Medium,78,Canada,Not Eligible
ST2119,Yutika Setty,Female,19,Mumbai,Maharashtra,BBA,ECE,8.73,6.4,Canada,Artificial Intelligence,2063771,Yes,Website,New Lead,Rahul Singh,2025-02-14,2025-05-21,Inactive,99,Low,96,Canada,Merit Scholarship
ST2120,Warhi Pillay,Female,25,Bangalore,Karnataka,BA,CSE,6.72,6.1,Canada,Cyber Security,1198230,No,Referral,Documents,Rohit Gupta,2024-12-14,2025-02-28,Dropped,75,Medium,77,Germany,Not Eligible
ST2121,Wridesh Thaker,Female,21,Mumbai,Maharashtra,BBA,IT,9.05,8.3,Australia,Business Analytics,2062723,Yes,Website,New Lead,Sneha Jain,2024-06-16,2024-09-18,Inactive,99,Low,100,Canada,Merit Scholarship
ST2122,Ubika Pandey,Male,22,Chennai,Tamil Nadu,BTech,Finance,8.6,7.7,Canada,Artificial Intelligence,2874625,Yes,Seminar,Application,Sneha Jain,2024-09-21,2024-12-08,Dropped,99,Low,100,Canada,Merit Scholarship
ST2123,Pavani Shroff,Female,18,Chennai,Tamil Nadu,BCom,Finance,7.41,5.6,Germany,Cyber Security,858646,Yes,Seminar,Offer Letter,Amit Verma,2024-08-09,2024-09-09,Dropped,61,Medium,64,Germany,Not Eligible
ST2124,Aishani Mohanty,Female,19,Indore,Madhya Pradesh,BCom,Marketing,6.57,7.5,Canada,Computer Science,2410277,Yes,WhatsApp,New Lead,Sneha Jain,2026-05-11,2026-07-10,Inactive,94,Low,85,Canada,Not Eligible
ST2125,Gopal Shetty,Female,21,Indore,Madhya Pradesh,BA,Finance,8.17,6.1,UK,Finance,2335662,No,Referral,Application,Rahul Singh,2025-07-21,2025-07-27,Active,99,Low,100,UK,Partial Scholarship
ST2126,Lakshmi Mohanty,Female,21,Jaipur,Rajasthan,BBA,Marketing,8.22,8.0,Australia,Cyber Security,2127507,No,Instagram,Documents,Amit Verma,2024-06-05,2024-09-14,Dropped,92,Low,100,Canada,Partial Scholarship
ST2127,Bhavini Guha,Male,18,Mumbai,Maharashtra,BCom,ECE,8.61,6.5,Australia,Finance,2684623,Yes,WhatsApp,New Lead,Sneha Jain,2026-04-04,2026-07-20,Inactive,90,Low,96,Australia,Merit Scholarship
ST2128,Mitali Sathe,Female,27,Indore,Madhya Pradesh,BBA,IT,6.45,6.6,Germany,Computer Science,1313157,Yes,Seminar,Offer Letter,Priya Sharma,2025-08-21,2025-09-27,Inactive,66,Medium,64,Germany,Not Eligible
ST2129,Kashvi Chaudhuri,Male,28,Hyderabad,Telangana,BSc,Marketing,8.41,6.7,Australia,Cyber Security,2403122,Yes,Instagram,Counseling,Sneha Jain,2025-10-01,2025-12-31,Active,95,Low,96,Australia,Partial Scholarship
ST2130,Harrison Kumer,Male,28,Pune,Maharashtra,BA,CSE,7.08,6.5,Canada,Business Analytics,1872761,No,Website,Contacted,Amit Verma,2025-03-13,2025-05-17,Dropped,75,Medium,70,Canada,Not Eligible
ST2131,Amol Sachar,Male,28,Mumbai,Maharashtra,BSc,Finance,7.1,5.9,UK,Business Analytics,3272748,Yes,WhatsApp,Counseling,Amit Verma,2025-10-22,2025-12-31,Inactive,82,Medium,74,UK,Not Eligible
ST2132,Zaitra Dewan,Female,25,Pune,Maharashtra,BTech,ECE,7.89,6.4,Australia,Artificial Intelligence,3184443,No,Referral,Enrolled,Rohit Gupta,2024-12-14,2025-01-04,Converted,93,Low,100,Australia,Partial Scholarship
ST2133,Harita Puri,Female,25,Bhopal,Madhya Pradesh,BA,Marketing,7.3,7.2,Australia,Artificial Intelligence,2888808,No,Website,Application,Amit Verma,2025-10-09,2025-11-13,Active,92,Low,89,Canada,Not Eligible
ST2134,Aarini Soman,Female,25,Mumbai,Maharashtra,BSc,IT,7.56,7.9,Canada,Business Analytics,2027448,Yes,Instagram,New Lead,Amit Verma,2026-02-20,2026-03-18,Active,91,Low,99,Canada,Partial Scholarship
ST2135,Daksh Pal,Female,24,Ahmedabad,Gujarat,BTech,IT,6.78,5.8,Australia,Business Analytics,3102491,No,Instagram,New Lead,Rohit Gupta,2025-11-15,2025-11-22,Active,78,Medium,69,Australia,Not Eligible
ST2136,Kabir Bora,Male,26,Jaipur,Rajasthan,BTech,Biotechnology,8.39,6.2,Canada,Computer Science,1294949,No,Seminar,Offer Letter,Rohit Gupta,2024-07-29,2024-10-22,Active,73,Low,80,Germany,Partial Scholarship
ST2137,Alexander Oak,Female,18,Indore,Madhya Pradesh,BA,ECE,8.91,6.8,UK,Artificial Intelligence,2170852,Yes,WhatsApp,Offer Letter,Rahul Singh,2024-08-20,2024-09-29,Dropped,98,Low,100,UK,Merit Scholarship
ST2138,Saksham Mander,Male,20,Ahmedabad,Gujarat,BA,ECE,6.12,6.9,USA,Computer Science,3450159,No,Website,Application,Rohit Gupta,2024-12-23,2025-03-17,Inactive,80,Medium,75,USA,Not Eligible
ST2139,Rajata Bobal,Male,21,Jaipur,Rajasthan,BTech,Biotechnology,7.25,5.9,Germany,MBA,1236519,No,Instagram,Offer Letter,Amit Verma,2024-10-02,2025-01-10,Inactive,76,Medium,66,Germany,Not Eligible
ST2140,Balveer Brar,Female,22,Pune,Maharashtra,BA,CSE,6.15,8.4,UK,Artificial Intelligence,2222142,No,Referral,Counseling,Amit Verma,2024-10-22,2025-02-06,Dropped,93,Low,100,Canada,Not Eligible
ST2141,Jyoti Jha,Male,25,Bhopal,Madhya Pradesh,BTech,Biotechnology,6.75,7.1,Germany,Business Analytics,1419618,No,Seminar,New Lead,Rahul Singh,2026-05-10,2026-06-28,Dropped,80,Medium,72,Germany,Not Eligible
ST2142,Oni Shroff,Male,27,Ahmedabad,Gujarat,BA,Finance,6.96,7.9,Canada,Finance,2008342,Yes,WhatsApp,Contacted,Sneha Jain,2026-01-27,2026-04-22,Dropped,94,Low,93,Canada,Not Eligible
ST2143,Ishita Manne,Female,23,Jaipur,Rajasthan,BSc,CSE,7.9,7.6,Canada,Data Science,1833567,Yes,Instagram,Offer Letter,Rahul Singh,2025-11-02,2026-02-25,Dropped,79,Low,89,Canada,Partial Scholarship
ST2144,Omkaar Murthy,Female,28,Chennai,Tamil Nadu,BBA,IT,7.61,5.8,Australia,MBA,2320839,Yes,Referral,New Lead,Sneha Jain,2025-05-14,2025-08-28,Dropped,94,Low,93,Australia,Partial Scholarship
ST2145,Aachal Mitter,Male,23,Delhi,Delhi,BSc,Marketing,9.73,8.1,Australia,Computer Science,2280811,Yes,Website,Documents,Sneha Jain,2025-04-24,2025-06-07,Active,99,Low,100,Canada,Merit Scholarship
ST2146,Upkaar Tak,Female,19,Indore,Madhya Pradesh,BTech,ECE,6.02,8.2,UK,Data Science,2228636,Yes,Referral,Documents,Sneha Jain,2026-04-24,2026-05-10,Dropped,99,Low,100,Canada,Not Eligible
ST2147,Isaiah Sandal,Female,25,Delhi,Delhi,BA,Finance,8.07,5.7,Canada,Finance,818464,No,Referral,Contacted,Rahul Singh,2026-03-22,2026-06-23,Active,81,Low,87,Germany,Partial Scholarship
ST2148,Kamya Sama,Male,21,Bhopal,Madhya Pradesh,BCom,Finance,9.06,8.4,Canada,Artificial Intelligence,1440876,Yes,WhatsApp,Documents,Rahul Singh,2026-02-11,2026-04-18,Dropped,99,Low,100,Germany,Merit Scholarship
ST2149,Chandani Arya,Male,23,Hyderabad,Telangana,BA,Mechanical,6.2,8.0,Australia,Computer Science,2721337,Yes,Referral,New Lead,Rahul Singh,2025-11-25,2025-12-22,Dropped,92,Low,100,Canada,Not Eligible
ST2150,Aishani Ganguly,Female,19,Ahmedabad,Gujarat,BSc,Mechanical,7.91,5.9,Canada,Computer Science,1409964,Yes,Seminar,New Lead,Sneha Jain,2026-01-12,2026-02-01,Dropped,75,Medium,73,Germany,Partial Scholarship
ST2151,Sara Misra,Male,18,Ahmedabad,Gujarat,BSc,Finance,7.93,8.3,UK,Computer Science,3004846,No,Website,Documents,Rahul Singh,2024-07-29,2024-11-19,Inactive,99,Low,100,Canada,Partial Scholarship
ST2152,Laban Saraf,Male,18,Pune,Maharashtra,BBA,Marketing,8.21,7.6,Canada,Artificial Intelligence,3006547,No,Referral,Application,Rahul Singh,2025-05-15,2025-06-06,Active,90,Low,100,Canada,Partial Scholarship
ST2153,Caleb Varughese,Male,20,Hyderabad,Telangana,BA,ECE,8.65,6.7,Australia,Data Science,3271931,Yes,WhatsApp,Offer Letter,Rahul Singh,2026-02-05,2026-05-22,Active,88,Low,98,Australia,Merit Scholarship
ST2154,Jhalak More,Female,23,Hyderabad,Telangana,BCom,Mechanical,8.79,6.9,Germany,Data Science,1461359,Yes,WhatsApp,Visa,Amit Verma,2025-05-15,2025-06-18,Converted,87,Low,91,Germany,Merit Scholarship
ST2155,Watika Tara,Male,21,Chennai,Tamil Nadu,BCom,Marketing,8.7,7.7,UK,Artificial Intelligence,1119795,Yes,Instagram,Offer Letter,Priya Sharma,2024-11-20,2025-01-08,Dropped,99,Low,98,Germany,Merit Scholarship
ST2156,Yauvani Mann,Male,22,Jaipur,Rajasthan,BBA,Marketing,6.61,6.1,USA,Business Analytics,3200101,No,Instagram,Offer Letter,Amit Verma,2024-12-11,2025-01-25,Inactive,75,Medium,71,USA,Not Eligible
ST2157,Inaya Mistry,Male,19,Mumbai,Maharashtra,BA,CSE,8.07,5.6,Canada,MBA,1204770,No,Website,Offer Letter,Priya Sharma,2025-12-29,2026-04-23,Dropped,67,Medium,70,Germany,Partial Scholarship
ST2158,Samuel Mammen,Male,26,Ahmedabad,Gujarat,BTech,ECE,9.71,6.7,UK,Data Science,1518427,Yes,Seminar,Visa,Sneha Jain,2024-12-17,2025-01-05,Converted,98,Low,99,UK,Merit Scholarship
ST2159,Bhavna Bhattacharyya,Male,21,Indore,Madhya Pradesh,BSc,CSE,8.26,7.2,Germany,Data Science,1245961,Yes,Website,Enrolled,Priya Sharma,2026-05-02,2026-08-14,Converted,94,Low,89,Germany,Partial Scholarship
ST2160,Vasudha Vohra,Male,23,Hyderabad,Telangana,BCom,Marketing,6.48,6.1,Australia,MBA,3482760,Yes,Referral,Enrolled,Priya Sharma,2024-10-26,2024-12-18,Converted,82,Low,84,Australia,Not Eligible
ST2161,Lakshit Dhaliwal,Female,23,Jaipur,Rajasthan,BSc,ECE,7.42,5.6,Canada,Artificial Intelligence,1880455,No,Referral,Counseling,Priya Sharma,2024-09-02,2024-10-06,Active,89,Medium,79,Canada,Not Eligible
ST2162,Rajata Narasimhan,Male,24,Pune,Maharashtra,BSc,Marketing,7.84,7.8,Canada,MBA,2586441,Yes,Referral,Application,Rohit Gupta,2025-11-16,2025-11-22,Inactive,99,Low,100,Canada,Partial Scholarship
ST2163,Advay Kohli,Male,28,Chennai,Tamil Nadu,BCom,CSE,7.38,7.3,UK,Business Analytics,2956130,Yes,Referral,Contacted,Rahul Singh,2025-04-24,2025-06-20,Dropped,99,Low,100,Canada,Not Eligible
ST2164,Nachiket Agarwal,Female,25,Mumbai,Maharashtra,BBA,IT,7.86,7.7,UK,Cyber Security,2741839,Yes,Instagram,Offer Letter,Rohit Gupta,2025-11-20,2026-01-25,Active,99,Low,100,Canada,Partial Scholarship
ST2165,Arin Vaidya,Female,26,Chennai,Tamil Nadu,BTech,Biotechnology,7.04,5.6,Canada,Data Science,2190079,Yes,Website,Enrolled,Rahul Singh,2025-06-02,2025-07-21,Converted,60,Medium,70,Canada,Not Eligible
ST2166,Robert Bassi,Female,20,Indore,Madhya Pradesh,BTech,Finance,9.58,6.8,UK,Computer Science,1613704,Yes,Website,Counseling,Rohit Gupta,2025-04-19,2025-08-02,Inactive,93,Low,97,UK,Merit Scholarship
ST2167,Yatan Rajan,Male,24,Indore,Madhya Pradesh,BBA,Biotechnology,6.33,5.8,UK,Business Analytics,2368390,Yes,WhatsApp,New Lead,Priya Sharma,2026-01-04,2026-01-23,Dropped,61,Medium,65,UK,Not Eligible
ST2168,Matthew Varghese,Male,22,Hyderabad,Telangana,BA,Finance,9.51,6.3,UK,Finance,2270689,Yes,Referral,Documents,Amit Verma,2026-05-02,2026-05-14,Inactive,97,Low,100,UK,Merit Scholarship
ST2169,Anvi Chawla,Female,22,Ahmedabad,Gujarat,BA,IT,7.92,8.5,Australia,Business Analytics,1334976,No,Instagram,Contacted,Priya Sharma,2024-12-10,2025-01-08,Inactive,99,Low,99,Germany,Partial Scholarship
ST2170,Jairaj Sen,Female,20,Indore,Madhya Pradesh,BA,IT,7.09,8.4,Canada,Finance,1405358,No,Referral,New Lead,Amit Verma,2025-05-06,2025-05-17,Dropped,99,Low,100,Germany,Not Eligible
ST2171,Henry Madan,Female,19,Jaipur,Rajasthan,BBA,CSE,9.29,7.7,UK,Business Analytics,2211707,Yes,Instagram,Counseling,Amit Verma,2026-04-12,2026-07-19,Dropped,99,Low,100,Canada,Merit Scholarship
ST2172,Urishilla Pathak,Female,26,Ahmedabad,Gujarat,BTech,Biotechnology,7.35,8.2,UK,Cyber Security,3327971,Yes,Instagram,New Lead,Priya Sharma,2026-04-19,2026-05-22,Active,91,Low,99,Canada,Not Eligible
ST2173,Omaja Rajagopal,Male,24,Pune,Maharashtra,BTech,IT,9.57,7.3,Germany,Cyber Security,943165,Yes,WhatsApp,Enrolled,Rahul Singh,2025-10-24,2026-01-12,Converted,99,Low,100,Germany,Merit Scholarship
ST2174,Yug Rama,Male,18,Bangalore,Karnataka,BBA,Finance,6.98,6.6,USA,Finance,2631179,No,Referral,Offer Letter,Rahul Singh,2026-04-30,2026-08-23,Dropped,84,Low,94,USA,Not Eligible
ST2175,Vedika Narayan,Female,28,Hyderabad,Telangana,BTech,Marketing,7.27,6.8,UK,Cyber Security,2203279,No,Seminar,Counseling,Sneha Jain,2025-08-30,2025-09-15,Inactive,76,Low,84,UK,Not Eligible
ST2176,Anmol Deol,Male,23,Chennai,Tamil Nadu,BBA,ECE,6.24,7.4,USA,Computer Science,2573688,Yes,Referral,Application,Priya Sharma,2025-05-04,2025-05-05,Inactive,86,Low,96,Canada,Not Eligible
ST2177,Urishilla Pandya,Male,27,Pune,Maharashtra,BBA,ECE,6.94,7.2,Canada,Data Science,2449697,No,Website,Application,Rohit Gupta,2024-08-25,2024-10-23,Active,96,Low,86,Canada,Not Eligible
ST2178,Jeet Bora,Female,24,Hyderabad,Telangana,BCom,CSE,9.38,7.2,Germany,Data Science,1350955,Yes,Referral,Application,Amit Verma,2026-05-08,2026-08-30,Dropped,96,Low,100,Germany,Merit Scholarship
ST2179,Qarin Muni,Male,27,Indore,Madhya Pradesh,BSc,Finance,6.69,7.7,Australia,Data Science,1229468,Yes,WhatsApp,Counseling,Priya Sharma,2026-02-26,2026-06-19,Dropped,76,Medium,78,Germany,Not Eligible
ST2180,Dakshesh Kala,Male,20,Hyderabad,Telangana,BTech,CSE,6.35,6.7,UK,MBA,1753652,No,Seminar,Visa,Sneha Jain,2024-08-04,2024-08-14,Active,59,Medium,65,UK,Not Eligible
ST2181,Arin Pillai,Male,28,Indore,Madhya Pradesh,BA,Marketing,9.8,7.1,Canada,MBA,1433221,Yes,Seminar,Enrolled,Priya Sharma,2025-02-28,2025-06-18,Converted,96,Low,100,Germany,Merit Scholarship
ST2182,Chaitanya Sampath,Female,28,Indore,Madhya Pradesh,BCom,CSE,9.47,7.4,Canada,Artificial Intelligence,1620103,Yes,Seminar,New Lead,Rohit Gupta,2026-01-22,2026-03-12,Dropped,99,Low,100,Canada,Merit Scholarship
ST2183,Wridesh Luthra,Male,23,Hyderabad,Telangana,BSc,ECE,7.51,7.8,UK,Artificial Intelligence,821065,Yes,WhatsApp,Contacted,Rohit Gupta,2025-07-19,2025-07-26,Dropped,82,Low,88,Germany,Partial Scholarship
ST2184,Pranit Minhas,Male,21,Jaipur,Rajasthan,BTech,Finance,9.25,7.9,Australia,Business Analytics,2074807,Yes,Website,Contacted,Amit Verma,2025-01-09,2025-02-11,Dropped,92,Low,100,Canada,Merit Scholarship
ST2185,Ryan Kapur,Female,21,Hyderabad,Telangana,BA,Finance,6.99,8.0,Canada,Finance,1129346,Yes,Instagram,Enrolled,Sneha Jain,2025-01-16,2025-03-09,Converted,89,Low,84,Germany,Not Eligible
ST2186,Upma Parmer,Female,23,Hyderabad,Telangana,BBA,Biotechnology,7.49,8.1,Canada,Artificial Intelligence,2381762,No,Referral,Documents,Rahul Singh,2026-02-01,2026-03-19,Dropped,97,Low,100,Canada,Not Eligible
ST2187,Anamika Sankar,Male,25,Chennai,Tamil Nadu,BSc,Biotechnology,8.09,5.6,USA,Business Analytics,2918107,No,WhatsApp,Enrolled,Priya Sharma,2026-04-30,2026-07-02,Converted,77,Low,80,USA,Partial Scholarship
ST2188,David Kapoor,Male,26,Bangalore,Karnataka,BA,ECE,9.52,7.6,UK,Data Science,3320872,Yes,Instagram,Offer Letter,Rahul Singh,2026-01-05,2026-04-19,Inactive,98,Low,100,Canada,Merit Scholarship
ST2189,Sneha Ramanathan,Female,28,Bangalore,Karnataka,BBA,Finance,6.07,7.1,Canada,Cyber Security,1633457,Yes,WhatsApp,Enrolled,Priya Sharma,2025-10-08,2025-12-28,Converted,72,Medium,65,Canada,Not Eligible
ST2190,Lohit Chandran,Female,25,Bhopal,Madhya Pradesh,BA,ECE,9.52,5.8,USA,Finance,2974423,Yes,WhatsApp,Offer Letter,Rahul Singh,2026-01-17,2026-02-28,Active,99,Low,97,USA,Merit Scholarship
ST2191,Tripti Ravi,Female,21,Hyderabad,Telangana,BBA,ECE,6.15,7.9,Australia,Computer Science,2973087,No,Referral,New Lead,Sneha Jain,2024-07-06,2024-08-09,Dropped,99,Low,100,Canada,Not Eligible
ST2192,Zashil Sachar,Male,25,Pune,Maharashtra,BA,IT,9.15,6.7,Canada,Data Science,1072097,Yes,Referral,Enrolled,Sneha Jain,2026-05-09,2026-08-29,Converted,94,Low,100,Germany,Merit Scholarship
ST2193,Jalsa Sama,Male,21,Bangalore,Karnataka,BBA,IT,8.67,5.7,Canada,MBA,1997539,Yes,Instagram,New Lead,Priya Sharma,2025-03-26,2025-04-25,Dropped,77,Medium,78,Canada,Merit Scholarship
ST2194,Balvan Raju,Male,23,Jaipur,Rajasthan,BBA,Biotechnology,8.14,5.8,Australia,Cyber Security,2247092,Yes,Website,Documents,Rohit Gupta,2026-05-14,2026-08-15,Inactive,80,Low,83,Australia,Partial Scholarship
ST2195,Isha Hayer,Male,21,Chennai,Tamil Nadu,BTech,ECE,6.96,7.2,USA,MBA,3248837,No,Instagram,Documents,Amit Verma,2025-08-08,2025-09-17,Active,89,Low,86,Canada,Not Eligible
ST2196,Baghyawati Wable,Male,20,Chennai,Tamil Nadu,BBA,CSE,6.88,6.7,Germany,Business Analytics,1051279,Yes,Seminar,Enrolled,Priya Sharma,2026-04-21,2026-07-22,Converted,62,Medium,70,Germany,Not Eligible
ST2197,Samar Kapur,Female,18,Bangalore,Karnataka,BTech,Marketing,7.44,8.1,Canada,Cyber Security,2426684,No,WhatsApp,Visa,Rahul Singh,2026-04-28,2026-05-09,Active,91,Low,99,Canada,Not Eligible
ST2198,Ayushman Kota,Male,21,Indore,Madhya Pradesh,BCom,Mechanical,8.39,6.3,UK,Business Analytics,2678933,Yes,Referral,Enrolled,Sneha Jain,2024-09-27,2024-10-04,Converted,97,Low,100,UK,Partial Scholarship
ST2199,Atharv Devan,Male,23,Chennai,Tamil Nadu,BCom,ECE,8.24,6.9,UK,Business Analytics,2178067,Yes,Seminar,New Lead,Rahul Singh,2024-09-01,2024-12-27,Inactive,93,Low,96,UK,Partial Scholarship
ST2200,Damini Oommen,Male,25,Jaipur,Rajasthan,BCom,ECE,6.47,5.7,Germany,Artificial Intelligence,996747,Yes,Instagram,Offer Letter,Rahul Singh,2025-01-24,2025-05-19,Inactive,57,High,56,Germany,Not Eligible
ST2201,Niharika Dave,Male,22,Jaipur,Rajasthan,BBA,ECE,7.72,5.7,Germany,Finance,1460589,Yes,Referral,Visa,Sneha Jain,2025-12-28,2026-03-09,Active,86,Low,84,Germany,Partial Scholarship
ST2202,Naveen Ram,Male,24,Indore,Madhya Pradesh,BSc,IT,7.12,7.1,Australia,Computer Science,3226817,No,Seminar,Documents,Amit Verma,2025-08-19,2025-08-28,Inactive,89,Low,86,Canada,Not Eligible
ST2203,Pooja Sabharwal,Male,28,Pune,Maharashtra,BA,ECE,6.13,5.8,Canada,Artificial Intelligence,2150352,Yes,Instagram,Documents,Priya Sharma,2025-07-07,2025-07-30,Inactive,71,Medium,63,Canada,Not Eligible
ST2204,Deepa Sidhu,Male,25,Pune,Maharashtra,BCom,Marketing,6.79,5.6,Germany,Finance,868550,Yes,Website,Application,Rohit Gupta,2026-05-21,2026-07-12,Active,65,High,57,Germany,Not Eligible
ST2205,Maanas Dar,Male,21,Delhi,Delhi,BA,IT,7.49,6.5,Canada,Computer Science,2088580,No,WhatsApp,Visa,Sneha Jain,2025-03-17,2025-06-19,Converted,85,Low,84,Canada,Not Eligible
ST2206,Dakshesh Mohanty,Male,25,Hyderabad,Telangana,BTech,Biotechnology,6.53,7.6,Australia,Artificial Intelligence,2813742,Yes,WhatsApp,Visa,Amit Verma,2025-05-11,2025-09-07,Converted,79,Low,85,Canada,Not Eligible
ST2207,Raksha Halder,Female,28,Jaipur,Rajasthan,BCom,Marketing,9.45,7.9,UK,Computer Science,2770365,Yes,Instagram,Offer Letter,Sneha Jain,2025-09-15,2025-09-27,Dropped,97,Low,100,Canada,Merit Scholarship
ST2208,Watika Balan,Male,19,Ahmedabad,Gujarat,BTech,IT,9.68,6.3,Germany,Business Analytics,1063439,Yes,Website,Documents,Amit Verma,2026-06-01,2026-06-04,Active,99,Low,93,Germany,Merit Scholarship
ST2209,Owen Biswas,Male,26,Bhopal,Madhya Pradesh,BBA,Finance,6.71,5.8,USA,MBA,2524424,Yes,Website,Offer Letter,Rohit Gupta,2024-09-27,2024-10-23,Inactive,68,Medium,69,USA,Not Eligible
ST2210,Inaya Kohli,Male,25,Bangalore,Karnataka,BBA,Biotechnology,6.48,6.4,Australia,Business Analytics,2914588,No,Seminar,Application,Sneha Jain,2024-11-19,2025-01-11,Inactive,78,Medium,73,Australia,Not Eligible
ST2211,Mugdha Shah,Male,24,Delhi,Delhi,BBA,Biotechnology,7.64,5.9,Germany,Computer Science,1091837,No,WhatsApp,Documents,Priya Sharma,2025-05-29,2025-06-07,Dropped,67,Medium,70,Germany,Partial Scholarship
ST2212,Madhavi Dhar,Female,27,Bhopal,Madhya Pradesh,BCom,IT,9.6,6.1,UK,Computer Science,2471605,Yes,Website,Offer Letter,Sneha Jain,2025-12-10,2026-02-26,Dropped,99,Low,100,UK,Merit Scholarship
ST2213,Anamika Brar,Female,18,Ahmedabad,Gujarat,BTech,IT,7.52,5.6,Germany,Data Science,1371971,Yes,Website,Visa,Amit Verma,2024-06-05,2024-07-27,Converted,56,Medium,65,Germany,Partial Scholarship
ST2214,Amol Mane,Female,25,Bangalore,Karnataka,BSc,Mechanical,9.02,7.7,UK,Data Science,2672027,Yes,Website,Offer Letter,Sneha Jain,2026-02-24,2026-04-03,Dropped,96,Low,100,Canada,Merit Scholarship
ST2215,Noah Chhabra,Male,18,Bangalore,Karnataka,BCom,Finance,6.67,8.4,Canada,Data Science,1219721,No,Website,Offer Letter,Rohit Gupta,2026-05-04,2026-06-06,Active,76,Low,85,Germany,Not Eligible
ST2216,Rudra Tailor,Male,23,Jaipur,Rajasthan,BSc,Marketing,7.93,5.8,USA,Cyber Security,3034520,No,Referral,New Lead,Priya Sharma,2026-04-25,2026-05-12,Active,90,Low,96,USA,Partial Scholarship
ST2217,Max Ghose,Female,23,Bangalore,Karnataka,BSc,Biotechnology,6.56,7.4,Germany,Business Analytics,1388504,Yes,Referral,Documents,Priya Sharma,2026-05-14,2026-08-14,Active,90,Low,89,Germany,Not Eligible
ST2218,Ishita Sengupta,Male,21,Hyderabad,Telangana,BTech,Finance,6.84,6.9,Germany,Computer Science,823915,No,Website,Application,Rahul Singh,2025-05-15,2025-07-02,Dropped,72,Medium,72,Germany,Not Eligible
ST2219,Ryan Boase,Female,21,Delhi,Delhi,BBA,IT,6.84,6.6,Canada,Computer Science,2729598,Yes,Instagram,Documents,Sneha Jain,2024-11-04,2025-01-27,Active,78,Medium,78,Canada,Not Eligible
ST2220,Chatresh Bakshi,Female,21,Jaipur,Rajasthan,BBA,Biotechnology,6.24,6.7,Germany,Finance,1352223,No,Seminar,Documents,Rohit Gupta,2025-10-08,2026-01-19,Dropped,57,Medium,64,Germany,Not Eligible
ST2221,Arjun Khare,Male,28,Pune,Maharashtra,BTech,Finance,6.81,5.7,UK,Computer Science,1745177,No,WhatsApp,Application,Amit Verma,2025-04-10,2025-05-08,Dropped,70,Medium,60,UK,Not Eligible
ST2222,Banjeet Bhatnagar,Female,24,Mumbai,Maharashtra,BTech,Finance,8.95,6.5,Canada,Computer Science,3132346,Yes,Website,Offer Letter,Priya Sharma,2025-06-11,2025-10-03,Inactive,89,Low,99,Canada,Merit Scholarship
ST2223,Madhav Rege,Female,25,Indore,Madhya Pradesh,BTech,Marketing,8.34,5.7,USA,Finance,3104629,No,Website,Application,Rohit Gupta,2024-09-15,2025-01-02,Dropped,94,Low,85,USA,Partial Scholarship
ST2224,Jeevika Talwar,Female,28,Ahmedabad,Gujarat,BBA,IT,7.86,6.7,Germany,Business Analytics,1382790,No,Seminar,Documents,Rohit Gupta,2026-01-01,2026-02-20,Active,89,Low,80,Germany,Partial Scholarship
ST2225,Yashica Dasgupta,Female,19,Jaipur,Rajasthan,BCom,CSE,6.52,6.9,UK,Cyber Security,3106375,No,Seminar,Counseling,Rohit Gupta,2025-07-21,2025-10-13,Dropped,86,Medium,79,UK,Not Eligible
ST2226,Yashodhara Sahota,Female,21,Chennai,Tamil Nadu,BCom,Biotechnology,9.28,8.1,Australia,Cyber Security,1244141,Yes,Seminar,Offer Letter,Sneha Jain,2026-02-15,2026-04-11,Active,99,Low,100,Germany,Merit Scholarship
ST2227,Naksh Vala,Male,22,Bhopal,Madhya Pradesh,BBA,IT,6.2,5.8,Australia,MBA,3215837,No,Website,Contacted,Sneha Jain,2025-12-29,2026-04-23,Inactive,59,Medium,64,Australia,Not Eligible
ST2228,Bakhshi Dara,Female,27,Bhopal,Madhya Pradesh,BA,Finance,7.11,8.0,Canada,Finance,2733772,No,WhatsApp,Contacted,Rahul Singh,2026-01-27,2026-04-03,Active,93,Low,96,Canada,Not Eligible
ST2229,Vanya Bir,Female,27,Chennai,Tamil Nadu,BBA,ECE,6.35,6.1,Australia,Cyber Security,3034368,No,Instagram,Documents,Rahul Singh,2025-07-16,2025-10-20,Dropped,67,Medium,68,Australia,Not Eligible
ST2230,Fariq Pai,Female,27,Hyderabad,Telangana,BBA,Finance,9.24,8.0,Canada,Computer Science,3323381,Yes,Instagram,Application,Sneha Jain,2024-11-10,2025-01-11,Active,99,Low,100,Canada,Merit Scholarship
ST2231,Gaurang Jha,Male,25,Chennai,Tamil Nadu,BSc,Biotechnology,7.71,7.3,Australia,MBA,2527208,Yes,Seminar,Application,Sneha Jain,2025-10-16,2025-12-08,Inactive,92,Low,95,Canada,Partial Scholarship
ST2232,Kai Salvi,Male,20,Bangalore,Karnataka,BBA,Biotechnology,7.4,7.0,Canada,Data Science,1585755,No,WhatsApp,Application,Sneha Jain,2025-05-28,2025-08-07,Inactive,89,Medium,79,Canada,Not Eligible
ST2233,Siddharth Swaminathan,Female,24,Pune,Maharashtra,BTech,IT,9.6,5.6,Canada,MBA,2025268,Yes,Seminar,Contacted,Priya Sharma,2025-07-05,2025-10-18,Active,99,Low,96,Canada,Merit Scholarship
ST2234,Ijaya Zacharia,Male,28,Mumbai,Maharashtra,BCom,Biotechnology,8.59,7.6,UK,MBA,2956901,Yes,Instagram,Contacted,Amit Verma,2026-04-17,2026-08-01,Active,99,Low,100,Canada,Merit Scholarship
ST2235,Warhi Pandya,Male,24,Pune,Maharashtra,BA,ECE,6.91,8.4,UK,Finance,1050972,No,WhatsApp,Enrolled,Rohit Gupta,2024-08-19,2024-10-01,Converted,89,Low,88,Germany,Not Eligible
ST2236,Azad Chada,Female,18,Bangalore,Karnataka,BSc,Finance,9.07,6.4,Canada,Business Analytics,2711093,Yes,Website,Documents,Rohit Gupta,2025-05-06,2025-06-17,Dropped,99,Low,99,Canada,Merit Scholarship
ST2237,Shaurya Hegde,Male,24,Bangalore,Karnataka,BTech,CSE,8.14,7.2,USA,MBA,2614477,No,Instagram,Counseling,Sneha Jain,2024-06-24,2024-06-28,Dropped,99,Low,98,Canada,Partial Scholarship
ST2238,Jeevika Kale,Male,18,Hyderabad,Telangana,BCom,Finance,6.55,8.5,UK,Computer Science,2406185,No,Instagram,Counseling,Priya Sharma,2024-06-09,2024-07-04,Dropped,99,Low,95,Canada,Not Eligible
ST2239,Janani Muni,Male,19,Hyderabad,Telangana,BSc,Biotechnology,8.52,7.6,Canada,Finance,2960278,Yes,WhatsApp,Counseling,Sneha Jain,2025-09-27,2025-12-09,Inactive,91,Low,100,Canada,Merit Scholarship
ST2240,Urishilla Prasad,Female,24,Pune,Maharashtra,BSc,IT,6.03,8.1,Australia,Artificial Intelligence,2197336,No,Referral,Counseling,Amit Verma,2025-11-07,2026-01-12,Active,94,Low,100,Canada,Not Eligible
ST2241,Wazir Batta,Female,25,Indore,Madhya Pradesh,BSc,IT,9.03,7.0,Canada,Data Science,3316373,Yes,Seminar,Offer Letter,Rahul Singh,2025-11-30,2026-01-02,Active,93,Low,100,Canada,Merit Scholarship
ST2242,Januja Menon,Female,25,Indore,Madhya Pradesh,BA,ECE,8.81,7.6,Canada,Cyber Security,935213,Yes,Seminar,Counseling,Rahul Singh,2025-08-12,2025-09-05,Dropped,99,Low,98,Germany,Merit Scholarship
ST2243,Akshay Sidhu,Male,18,Bhopal,Madhya Pradesh,BSc,Mechanical,7.59,6.5,Canada,MBA,2683661,No,Referral,New Lead,Priya Sharma,2024-07-27,2024-11-01,Dropped,99,Low,100,Canada,Partial Scholarship
ST2244,Odika Sodhi,Male,26,Mumbai,Maharashtra,BTech,ECE,8.19,7.8,Canada,Computer Science,2110529,Yes,WhatsApp,Enrolled,Sneha Jain,2025-05-23,2025-05-30,Converted,99,Low,100,Canada,Partial Scholarship
ST2245,Leena Virk,Female,26,Chennai,Tamil Nadu,BBA,IT,8.71,7.8,Australia,Business Analytics,3189583,Yes,Seminar,Application,Amit Verma,2024-08-23,2024-11-27,Active,91,Low,100,Canada,Merit Scholarship
ST2246,Rohan Bhakta,Female,22,Mumbai,Maharashtra,BTech,IT,7.3,7.2,USA,Data Science,3330130,Yes,WhatsApp,Visa,Priya Sharma,2025-03-08,2025-03-17,Converted,87,Low,89,Canada,Not Eligible
ST2247,Zarna Joshi,Female,27,Ahmedabad,Gujarat,BCom,IT,7.59,7.5,Canada,Cyber Security,1712867,Yes,Referral,Offer Letter,Rohit Gupta,2026-02-24,2026-06-04,Inactive,99,Low,100,Canada,Partial Scholarship
ST2248,Urmi Guha,Female,25,Mumbai,Maharashtra,BCom,IT,6.3,7.0,Canada,Data Science,3358706,No,Website,Application,Priya Sharma,2025-10-16,2025-11-18,Dropped,82,Medium,77,Canada,Not Eligible
ST2249,Krishna Sant,Male,18,Chennai,Tamil Nadu,BA,IT,6.48,5.5,Canada,Cyber Security,1861692,No,WhatsApp,Application,Sneha Jain,2026-05-25,2026-07-22,Inactive,53,High,54,Canada,Not Eligible
ST2250,Robert Patla,Female,20,Jaipur,Rajasthan,BBA,IT,8.69,7.6,UK,Computer Science,1244431,Yes,Instagram,Documents,Rohit Gupta,2025-04-05,2025-04-14,Dropped,92,Low,96,Germany,Merit Scholarship
ST2251,Nilima Sule,Female,20,Pune,Maharashtra,BTech,Marketing,7.86,5.6,UK,Business Analytics,2763102,Yes,Website,Enrolled,Amit Verma,2024-12-13,2025-02-18,Converted,77,Medium,78,UK,Partial Scholarship
ST2252,Thomas Prakash,Female,18,Delhi,Delhi,BSc,IT,6.51,6.7,Germany,Artificial Intelligence,1272535,Yes,WhatsApp,New Lead,Rohit Gupta,2026-05-02,2026-08-11,Dropped,77,Medium,67,Germany,Not Eligible
ST2253,Vrinda Shan,Female,24,Ahmedabad,Gujarat,BCom,CSE,9.7,6.9,Germany,Computer Science,914212,Yes,Website,Documents,Rohit Gupta,2025-06-07,2025-07-06,Dropped,95,Low,100,Germany,Merit Scholarship
ST2254,Isha Bhakta,Female,28,Jaipur,Rajasthan,BBA,CSE,8.0,8.3,Canada,MBA,1862515,Yes,WhatsApp,Enrolled,Rohit Gupta,2025-03-16,2025-04-13,Converted,99,Low,98,Canada,Partial Scholarship
ST2255,Anusha Datta,Male,27,Mumbai,Maharashtra,BBA,Biotechnology,7.47,8.4,Canada,Cyber Security,2153948,No,Seminar,Documents,Rohit Gupta,2025-07-07,2025-11-04,Active,99,Low,100,Canada,Not Eligible
ST2256,Gabriel Dass,Female,22,Bhopal,Madhya Pradesh,BTech,ECE,6.91,7.3,UK,Computer Science,3211751,No,Seminar,Documents,Rohit Gupta,2025-08-04,2025-08-21,Inactive,92,Low,87,Canada,Not Eligible
ST2257,Ekanta Rao,Male,24,Bangalore,Karnataka,BSc,CSE,9.43,7.7,Canada,Finance,3463265,Yes,Instagram,Contacted,Priya Sharma,2024-10-18,2024-10-25,Dropped,99,Low,100,Canada,Merit Scholarship
ST2258,Leela Lata,Female,25,Pune,Maharashtra,BA,IT,8.56,5.9,USA,MBA,3215814,Yes,Seminar,Enrolled,Rohit Gupta,2025-02-26,2025-05-10,Converted,96,Low,89,USA,Merit Scholarship
ST2259,Zinal Menon,Female,20,Pune,Maharashtra,BTech,Marketing,7.75,6.9,Canada,Cyber Security,2038980,No,Seminar,New Lead,Sneha Jain,2025-08-06,2025-08-12,Dropped,87,Low,91,Canada,Partial Scholarship
ST2260,Rehaan Mohan,Male,24,Indore,Madhya Pradesh,BBA,Marketing,9.06,8.3,Canada,Cyber Security,2736879,Yes,Website,Application,Priya Sharma,2025-04-18,2025-06-18,Active,99,Low,100,Canada,Merit Scholarship
ST2261,Yuvraj Gupta,Male,19,Pune,Maharashtra,BTech,Finance,7.88,6.4,Australia,Cyber Security,1619408,No,WhatsApp,Application,Priya Sharma,2024-06-24,2024-08-16,Active,84,Medium,77,Australia,Partial Scholarship
ST2262,Mugdha Pillai,Female,23,Bangalore,Karnataka,BA,Biotechnology,8.71,7.0,Canada,Cyber Security,2207925,Yes,Referral,Application,Sneha Jain,2025-11-22,2026-03-03,Active,99,Low,100,Canada,Merit Scholarship
ST2263,Amara Bath,Male,26,Pune,Maharashtra,BA,IT,6.28,6.8,Germany,Cyber Security,1300264,No,Seminar,Enrolled,Sneha Jain,2025-11-26,2026-02-12,Converted,72,Medium,64,Germany,Not Eligible
ST2264,Pranit Sundaram,Female,18,Delhi,Delhi,BSc,Mechanical,7.72,5.8,Canada,Computer Science,1186171,No,WhatsApp,Contacted,Rohit Gupta,2025-03-10,2025-04-07,Active,60,Medium,69,Germany,Partial Scholarship
ST2265,Anita Murty,Male,26,Mumbai,Maharashtra,BBA,Finance,6.87,6.8,Canada,Cyber Security,1282917,Yes,Seminar,Documents,Priya Sharma,2024-08-28,2024-11-01,Dropped,71,Medium,70,Germany,Not Eligible
ST2266,Anamika Mann,Female,21,Delhi,Delhi,BCom,Finance,6.62,7.8,Australia,Data Science,3285914,No,Website,Application,Rahul Singh,2026-05-07,2026-08-17,Dropped,92,Low,89,Canada,Not Eligible
ST2267,Dalaja Patel,Male,18,Indore,Madhya Pradesh,BBA,CSE,8.26,8.3,Australia,Finance,1768396,Yes,Referral,Enrolled,Amit Verma,2026-01-30,2026-05-08,Converted,92,Low,100,Canada,Partial Scholarship
ST2268,Maya Rattan,Female,19,Pune,Maharashtra,BA,IT,7.77,6.3,UK,Cyber Security,2520270,Yes,Referral,Counseling,Priya Sharma,2024-07-13,2024-08-13,Inactive,94,Low,99,UK,Partial Scholarship
ST2269,Urishilla Lad,Male,21,Delhi,Delhi,BBA,Mechanical,8.09,7.8,Australia,Artificial Intelligence,1780322,Yes,Instagram,Documents,Rahul Singh,2024-10-24,2024-12-29,Inactive,83,Low,93,Canada,Partial Scholarship
ST2270,Zansi Chanda,Male,23,Indore,Madhya Pradesh,BBA,Biotechnology,7.64,7.7,UK,Computer Science,2143403,Yes,Seminar,New Lead,Sneha Jain,2025-07-02,2025-10-16,Active,98,Low,98,Canada,Partial Scholarship
ST2271,Damyanti Bail,Male,22,Mumbai,Maharashtra,BCom,Biotechnology,7.09,7.5,UK,Computer Science,2471959,No,WhatsApp,Contacted,Rahul Singh,2024-12-14,2025-04-01,Dropped,92,Low,90,Canada,Not Eligible
ST2272,Nidra Hayer,Female,27,Hyderabad,Telangana,BA,ECE,8.56,7.5,Australia,Data Science,1489946,Yes,Website,Contacted,Amit Verma,2024-10-11,2024-11-23,Dropped,86,Low,95,Germany,Merit Scholarship
ST2273,Nitesh Zachariah,Female,19,Hyderabad,Telangana,BBA,Biotechnology,9.74,6.2,Germany,Artificial Intelligence,1141968,Yes,WhatsApp,Visa,Rahul Singh,2024-08-25,2024-10-25,Active,92,Low,94,Germany,Merit Scholarship
ST2274,Warinder Mangat,Female,27,Indore,Madhya Pradesh,BBA,CSE,8.72,6.7,Australia,Business Analytics,2066819,Yes,Seminar,Counseling,Rohit Gupta,2025-02-05,2025-03-16,Dropped,99,Low,99,Australia,Merit Scholarship
ST2275,Rachita Jha,Male,27,Pune,Maharashtra,BA,CSE,6.23,8.1,Canada,Cyber Security,1044563,Yes,Seminar,Visa,Amit Verma,2024-12-19,2025-01-17,Converted,84,Medium,77,Germany,Not Eligible
ST2276,Ria Kunda,Female,22,Jaipur,Rajasthan,BTech,Marketing,8.69,7.7,UK,Computer Science,2386831,Yes,Seminar,Counseling,Rahul Singh,2025-09-28,2025-11-01,Dropped,99,Low,100,Canada,Merit Scholarship
ST2277,Rachana Lad,Male,21,Jaipur,Rajasthan,BCom,Biotechnology,6.12,8.5,Canada,MBA,1138169,Yes,Instagram,Counseling,Priya Sharma,2024-09-10,2024-09-16,Active,81,Low,81,Germany,Not Eligible
ST2278,Nitesh Parmer,Female,18,Ahmedabad,Gujarat,BCom,Biotechnology,9.11,6.1,Germany,Data Science,1287677,Yes,Seminar,Offer Letter,Sneha Jain,2026-03-26,2026-06-11,Active,85,Low,86,Germany,Merit Scholarship
ST2279,Xavier Dhar,Female,26,Mumbai,Maharashtra,BTech,IT,8.05,6.9,USA,Data Science,3337889,Yes,WhatsApp,Contacted,Rahul Singh,2024-12-07,2025-02-08,Dropped,99,Low,94,USA,Partial Scholarship
ST2280,Bishakha Mitra,Female,18,Ahmedabad,Gujarat,BSc,ECE,6.87,5.9,Australia,Computer Science,3179246,No,Referral,Offer Letter,Sneha Jain,2026-02-06,2026-03-28,Dropped,92,Low,87,Australia,Not Eligible
ST2281,Xavier Misra,Female,26,Delhi,Delhi,BBA,ECE,6.42,5.7,Germany,Finance,1271274,No,Referral,New Lead,Sneha Jain,2024-11-20,2024-12-04,Active,70,Medium,71,Germany,Not Eligible
ST2282,Amaira Kumar,Male,18,Mumbai,Maharashtra,BCom,Marketing,7.6,7.6,Australia,Finance,2295805,No,WhatsApp,Application,Rohit Gupta,2025-08-13,2025-11-15,Dropped,91,Low,95,Canada,Partial Scholarship
ST2283,Zashil Chhabra,Male,23,Ahmedabad,Gujarat,BBA,ECE,9.56,5.9,Australia,Data Science,2645359,Yes,Referral,New Lead,Amit Verma,2024-06-11,2024-08-10,Inactive,99,Low,100,Australia,Merit Scholarship
ST2284,Yasti Biswas,Female,28,Bhopal,Madhya Pradesh,BBA,Biotechnology,7.46,5.6,Canada,Finance,1415565,Yes,Referral,Visa,Priya Sharma,2025-05-04,2025-07-01,Active,78,Medium,79,Germany,Not Eligible
ST2285,Lohit Sanghvi,Male,28,Hyderabad,Telangana,BTech,CSE,7.78,7.7,Canada,Data Science,1873721,Yes,Website,Documents,Rahul Singh,2026-05-05,2026-08-20,Dropped,85,Low,89,Canada,Partial Scholarship
ST2286,Bhavini Viswanathan,Male,20,Bangalore,Karnataka,BA,Finance,7.56,7.4,Canada,Computer Science,3274606,No,Website,Counseling,Amit Verma,2025-01-02,2025-03-01,Dropped,91,Low,94,Canada,Partial Scholarship
ST2287,Ati Savant,Male,24,Delhi,Delhi,BA,Mechanical,8.94,7.3,USA,Finance,2962801,Yes,Seminar,Enrolled,Rahul Singh,2026-03-11,2026-04-04,Converted,99,Low,100,Canada,Merit Scholarship
ST2288,Yasti Dutta,Female,24,Mumbai,Maharashtra,BCom,Mechanical,8.6,6.2,UK,Data Science,1978078,Yes,Seminar,Offer Letter,Rahul Singh,2025-03-05,2025-06-12,Inactive,83,Low,82,UK,Merit Scholarship
ST2289,Gaurika Patla,Female,25,Bangalore,Karnataka,BBA,ECE,7.72,7.0,Australia,Artificial Intelligence,1780192,No,Instagram,Contacted,Priya Sharma,2026-01-02,2026-01-26,Inactive,91,Low,82,Canada,Partial Scholarship
ST2290,Gaurika Goda,Female,19,Delhi,Delhi,BSc,IT,6.85,7.9,UK,Finance,2107839,No,WhatsApp,New Lead,Sneha Jain,2024-07-18,2024-07-27,Active,87,Low,92,Canada,Not Eligible
ST2291,Rayaan Grewal,Male,20,Bhopal,Madhya Pradesh,BTech,Mechanical,9.72,5.7,USA,Data Science,2959790,Yes,Referral,New Lead,Sneha Jain,2025-04-05,2025-06-15,Inactive,99,Low,100,USA,Merit Scholarship
ST2292,Ojas Samra,Female,22,Bangalore,Karnataka,BA,Finance,8.07,7.0,USA,Artificial Intelligence,3118351,Yes,Instagram,New Lead,Rahul Singh,2024-06-07,2024-07-06,Dropped,99,Low,95,Canada,Partial Scholarship
ST2293,Warjas Mall,Male,20,Hyderabad,Telangana,BCom,IT,7.39,5.8,Germany,Artificial Intelligence,830538,Yes,WhatsApp,Counseling,Amit Verma,2025-07-25,2025-10-27,Dropped,73,Medium,65,Germany,Not Eligible
ST2294,Zayyan Ram,Female,28,Chennai,Tamil Nadu,BTech,Finance,7.67,7.9,Australia,Artificial Intelligence,987290,No,Website,Counseling,Priya Sharma,2026-01-17,2026-05-15,Active,99,Low,90,Germany,Partial Scholarship
ST2295,Oliver Shetty,Female,24,Indore,Madhya Pradesh,BA,Marketing,9.5,5.7,USA,Finance,3232473,Yes,Instagram,Counseling,Amit Verma,2026-04-22,2026-04-24,Dropped,99,Low,97,USA,Merit Scholarship
ST2296,Dipta Mukhopadhyay,Female,23,Delhi,Delhi,BBA,ECE,7.46,7.2,Canada,MBA,1531174,No,WhatsApp,Enrolled,Amit Verma,2025-02-16,2025-05-12,Converted,81,Low,81,Canada,Not Eligible
ST2297,Yashasvi Ravel,Female,26,Ahmedabad,Gujarat,BCom,IT,9.74,8.3,Australia,Computer Science,2369991,Yes,Instagram,Offer Letter,Rahul Singh,2025-01-21,2025-01-22,Dropped,99,Low,100,Canada,Merit Scholarship
ST2298,Hemangini Raj,Male,24,Chennai,Tamil Nadu,BTech,Finance,8.11,5.8,Canada,Business Analytics,3078171,Yes,Website,Offer Letter,Sneha Jain,2024-10-23,2025-01-28,Active,80,Low,83,Canada,Partial Scholarship
ST2299,Indrajit Ahluwalia,Male,25,Ahmedabad,Gujarat,BA,Marketing,8.98,7.0,USA,MBA,2963965,Yes,Instagram,Counseling,Rahul Singh,2025-09-22,2025-10-05,Inactive,93,Low,100,Canada,Merit Scholarship
ST2300,Hiral Loyal,Female,23,Jaipur,Rajasthan,BA,Finance,6.19,7.2,Australia,Artificial Intelligence,3467042,No,Referral,Contacted,Rohit Gupta,2025-11-29,2026-01-14,Inactive,89,Low,93,Canada,Not Eligible
ST2301,Rohan Singh,Male,27,Delhi,Delhi,BBA,CSE,7.73,7.9,Australia,Business Analytics,2216530,Yes,Website,Enrolled,Rahul Singh,2024-09-09,2024-10-13,Converted,90,Low,100,Canada,Partial Scholarship
ST2302,Ladli Narang,Male,27,Jaipur,Rajasthan,BSc,ECE,7.29,6.9,Australia,Business Analytics,2766115,Yes,Seminar,Visa,Rahul Singh,2025-04-06,2025-07-13,Active,77,Low,86,Australia,Not Eligible
ST2303,Mohini Kala,Female,19,Mumbai,Maharashtra,BTech,Finance,6.2,6.7,Canada,Finance,2441095,No,WhatsApp,Enrolled,Rahul Singh,2024-06-10,2024-06-30,Converted,64,Medium,74,Canada,Not Eligible
ST2304,Upma Garde,Male,28,Delhi,Delhi,BTech,Biotechnology,9.47,6.3,USA,Cyber Security,2586799,Yes,Instagram,New Lead,Rahul Singh,2025-12-20,2026-02-18,Inactive,97,Low,100,USA,Merit Scholarship
ST2305,Harini Chad,Female,23,Jaipur,Rajasthan,BCom,Marketing,7.85,7.9,Australia,Finance,1009042,No,Instagram,Offer Letter,Priya Sharma,2025-03-05,2025-03-22,Inactive,92,Low,92,Germany,Partial Scholarship
ST2306,Utkarsh Purohit,Female,26,Bangalore,Karnataka,BTech,CSE,7.62,7.8,Australia,Cyber Security,3260771,No,Instagram,New Lead,Rahul Singh,2025-11-20,2025-11-22,Active,94,Low,99,Canada,Partial Scholarship
ST2307,Avi Sampath,Male,20,Chennai,Tamil Nadu,BA,Finance,7.47,6.3,Canada,MBA,3223636,No,Website,Documents,Sneha Jain,2025-10-03,2025-10-05,Dropped,71,Low,81,Canada,Not Eligible
ST2308,David Bhakta,Male,22,Delhi,Delhi,BBA,Marketing,7.84,7.4,Canada,Computer Science,2725246,Yes,Seminar,Counseling,Amit Verma,2025-01-18,2025-02-22,Active,99,Low,97,Canada,Partial Scholarship
ST2309,Sai Hayer,Male,26,Bhopal,Madhya Pradesh,BCom,ECE,6.68,8.3,Canada,Finance,3085353,No,Instagram,Enrolled,Amit Verma,2026-04-26,2026-06-20,Converted,85,Low,94,Canada,Not Eligible
ST2310,Vedhika Prakash,Female,18,Delhi,Delhi,BCom,Biotechnology,6.04,5.9,Canada,MBA,1296700,No,WhatsApp,Documents,Amit Verma,2025-08-19,2025-09-03,Active,51,High,54,Germany,Not Eligible
ST2311,Nihal Kannan,Male,23,Pune,Maharashtra,BSc,Finance,8.22,8.0,Australia,Data Science,2591981,No,WhatsApp,Enrolled,Priya Sharma,2024-07-19,2024-10-06,Converted,99,Low,100,Canada,Partial Scholarship
ST2312,Lavanya Sule,Female,19,Bangalore,Karnataka,BTech,ECE,8.54,5.5,Australia,Artificial Intelligence,3180675,Yes,Website,Enrolled,Rohit Gupta,2025-01-11,2025-02-23,Converted,83,Low,85,Australia,Merit Scholarship
ST2313,Sai Gole,Female,20,Ahmedabad,Gujarat,BBA,ECE,7.39,8.0,UK,Artificial Intelligence,963450,Yes,Seminar,New Lead,Amit Verma,2025-11-17,2025-12-13,Active,90,Low,88,Germany,Not Eligible
ST2314,Netra Goyal,Female,24,Indore,Madhya Pradesh,BBA,Mechanical,7.28,7.0,Canada,MBA,3299873,No,Referral,Documents,Amit Verma,2025-03-17,2025-03-28,Active,91,Low,100,Canada,Not Eligible
ST2315,Tejas Dubey,Female,24,Ahmedabad,Gujarat,BCom,ECE,9.75,8.0,Canada,Cyber Security,1060772,Yes,WhatsApp,Application,Sneha Jain,2024-08-30,2024-12-01,Dropped,99,Low,100,Germany,Merit Scholarship
ST2316,Rachit Sekhon,Male,19,Hyderabad,Telangana,BSc,CSE,7.25,5.6,USA,MBA,2805594,Yes,Website,Documents,Rahul Singh,2025-05-28,2025-09-10,Active,73,Medium,72,USA,Not Eligible
ST2317,Amrita Sharma,Female,18,Mumbai,Maharashtra,BSc,CSE,7.85,7.2,Germany,MBA,1424982,Yes,Instagram,Counseling,Amit Verma,2025-03-30,2025-07-15,Active,88,Low,85,Germany,Partial Scholarship
ST2318,Imaran Sood,Male,24,Bhopal,Madhya Pradesh,BTech,Finance,8.98,5.7,Canada,Business Analytics,1258394,Yes,WhatsApp,Offer Letter,Amit Verma,2025-12-11,2026-02-24,Inactive,83,Low,81,Germany,Merit Scholarship
ST2319,Saksham Sunder,Male,21,Delhi,Delhi,BCom,Biotechnology,7.0,8.4,Canada,Data Science,2451577,Yes,Instagram,Visa,Rahul Singh,2025-11-13,2025-12-09,Converted,99,Low,99,Canada,Not Eligible
ST2320,Isha Raj,Male,18,Chennai,Tamil Nadu,BCom,Mechanical,9.48,8.0,Canada,MBA,3264134,Yes,Website,Enrolled,Rahul Singh,2025-10-11,2025-11-10,Converted,99,Low,100,Canada,Merit Scholarship
ST2321,Mitesh Mani,Male,26,Chennai,Tamil Nadu,BTech,Biotechnology,6.57,5.7,Australia,Finance,3010844,Yes,Instagram,Application,Sneha Jain,2025-03-03,2025-04-01,Inactive,69,Medium,67,Australia,Not Eligible
ST2322,Pushti Batta,Male,28,Pune,Maharashtra,BTech,Finance,6.38,7.7,Australia,Data Science,951175,No,WhatsApp,Visa,Priya Sharma,2024-07-17,2024-11-05,Converted,70,Medium,75,Germany,Not Eligible
ST2323,Zansi Wagle,Female,21,Jaipur,Rajasthan,BA,Mechanical,7.57,6.9,Canada,Computer Science,2199321,No,Seminar,Enrolled,Amit Verma,2025-03-11,2025-06-22,Converted,91,Low,89,Canada,Partial Scholarship
ST2324,Jagrati Garde,Male,18,Chennai,Tamil Nadu,BA,Biotechnology,7.96,8.3,UK,Data Science,1646712,No,WhatsApp,Offer Letter,Rahul Singh,2025-01-23,2025-03-07,Active,99,Low,97,Canada,Partial Scholarship
ST2325,Guneet Taneja,Male,24,Mumbai,Maharashtra,BSc,Marketing,6.89,7.6,Canada,MBA,1759420,No,Seminar,Application,Priya Sharma,2026-03-10,2026-07-03,Dropped,70,Medium,78,Canada,Not Eligible
ST2326,Anita Mall,Female,26,Ahmedabad,Gujarat,BTech,CSE,8.29,5.8,UK,Data Science,2884422,Yes,Instagram,Visa,Rohit Gupta,2025-09-15,2025-11-19,Converted,81,Low,84,UK,Partial Scholarship
ST2327,Vinaya Handa,Male,24,Indore,Madhya Pradesh,BBA,CSE,7.69,5.6,UK,Finance,2921293,Yes,Seminar,Application,Rohit Gupta,2024-11-17,2025-02-19,Dropped,85,Medium,76,UK,Partial Scholarship
ST2328,Matthew Batta,Male,23,Pune,Maharashtra,BBA,Mechanical,8.44,6.5,Canada,MBA,2126161,Yes,WhatsApp,Application,Sneha Jain,2025-01-20,2025-02-25,Active,90,Low,94,Canada,Partial Scholarship
ST2329,Lipika Babu,Male,22,Indore,Madhya Pradesh,BBA,Biotechnology,6.07,5.7,UK,Computer Science,3222068,No,Referral,Enrolled,Amit Verma,2026-01-22,2026-02-25,Converted,71,Medium,77,UK,Not Eligible
ST2330,Quincy Bala,Female,20,Ahmedabad,Gujarat,BA,Finance,7.94,6.2,USA,Cyber Security,3217394,Yes,Seminar,Counseling,Priya Sharma,2024-08-19,2024-11-15,Inactive,79,Low,86,USA,Partial Scholarship
ST2331,Upasna Nayar,Female,28,Pune,Maharashtra,BA,Finance,7.27,6.0,Germany,Artificial Intelligence,1009981,Yes,Instagram,Counseling,Sneha Jain,2024-08-28,2024-12-26,Inactive,66,Medium,67,Germany,Not Eligible
ST2332,Vidhi Bhargava,Female,23,Chennai,Tamil Nadu,BA,Marketing,7.9,7.9,UK,Computer Science,1309892,No,WhatsApp,Documents,Priya Sharma,2026-05-19,2026-09-14,Inactive,84,Low,93,Germany,Partial Scholarship
ST2333,Chaman Padmanabhan,Male,25,Pune,Maharashtra,BBA,CSE,7.35,7.2,USA,Artificial Intelligence,3115227,No,Referral,Enrolled,Rohit Gupta,2025-01-27,2025-05-12,Converted,96,Low,100,Canada,Not Eligible
ST2334,Vrinda Borde,Female,23,Hyderabad,Telangana,BA,ECE,7.27,6.5,Canada,MBA,2418401,Yes,Referral,Offer Letter,Rahul Singh,2025-08-04,2025-11-13,Dropped,92,Low,97,Canada,Not Eligible
ST2335,Vaishnavi Sridhar,Female,21,Delhi,Delhi,BSc,CSE,9.63,5.7,Canada,Finance,1396522,Yes,Seminar,New Lead,Sneha Jain,2026-03-03,2026-06-01,Dropped,79,Low,88,Germany,Merit Scholarship
ST2336,Ryan Mand,Male,25,Delhi,Delhi,BSc,Biotechnology,7.63,5.7,Canada,Computer Science,3406336,Yes,WhatsApp,Application,Sneha Jain,2024-09-13,2024-11-12,Inactive,72,Medium,78,Canada,Partial Scholarship
ST2337,Damyanti Saran,Male,22,Jaipur,Rajasthan,BTech,Biotechnology,6.26,6.4,Australia,Cyber Security,2017471,No,Website,Visa,Rahul Singh,2025-03-03,2025-03-05,Converted,67,Medium,71,Australia,Not Eligible
ST2338,Gaurika Sharma,Female,19,Ahmedabad,Gujarat,BA,Biotechnology,8.79,6.4,UK,Finance,2458308,Yes,WhatsApp,Counseling,Amit Verma,2026-03-10,2026-04-26,Active,87,Low,96,UK,Merit Scholarship
ST2339,Aarna Suresh,Female,26,Indore,Madhya Pradesh,BBA,IT,8.89,5.7,Australia,Data Science,2123077,Yes,Website,Documents,Rohit Gupta,2025-02-11,2025-03-17,Inactive,82,Low,90,Australia,Merit Scholarship
ST2340,Avni Sankaran,Female,21,Pune,Maharashtra,BBA,Mechanical,9.56,7.4,Germany,Computer Science,1272135,Yes,Instagram,Counseling,Priya Sharma,2025-08-19,2025-08-25,Inactive,99,Low,100,Germany,Merit Scholarship
ST2341,Ekalinga Bath,Male,23,Chennai,Tamil Nadu,BSc,Finance,7.84,7.6,UK,Business Analytics,1830288,Yes,Referral,Offer Letter,Priya Sharma,2025-05-23,2025-07-31,Active,99,Low,100,Canada,Partial Scholarship
ST2342,Zinal Anne,Male,18,Pune,Maharashtra,BSc,Finance,7.07,7.5,UK,Cyber Security,952687,Yes,WhatsApp,Contacted,Priya Sharma,2024-09-15,2024-12-18,Dropped,78,Low,80,Germany,Not Eligible
ST2343,Mason Dixit,Female,19,Delhi,Delhi,BSc,CSE,9.12,6.0,Australia,Data Science,1752788,Yes,Seminar,Enrolled,Priya Sharma,2026-04-27,2026-08-02,Converted,82,Low,86,Australia,Merit Scholarship
ST2344,Yagnesh Arya,Female,20,Pune,Maharashtra,BA,IT,8.2,7.2,UK,Business Analytics,2331140,No,Referral,Counseling,Amit Verma,2026-04-17,2026-08-14,Active,99,Low,100,Canada,Partial Scholarship
ST2345,Vasudha Dayal,Female,27,Pune,Maharashtra,BSc,Marketing,6.71,7.2,Australia,Data Science,3216847,Yes,Referral,Documents,Priya Sharma,2025-10-26,2026-02-05,Inactive,94,Low,99,Canada,Not Eligible
ST2346,Rachit Grewal,Female,18,Bhopal,Madhya Pradesh,BSc,Marketing,9.4,7.6,Australia,Artificial Intelligence,2635616,Yes,Instagram,Offer Letter,Rohit Gupta,2025-03-06,2025-03-09,Active,99,Low,100,Canada,Merit Scholarship
ST2347,Deepa Basu,Male,24,Chennai,Tamil Nadu,BSc,ECE,8.09,6.9,Germany,Data Science,1360057,No,Seminar,Enrolled,Sneha Jain,2024-06-07,2024-09-28,Converted,87,Low,84,Germany,Partial Scholarship
ST2348,Bachittar Gopal,Female,20,Indore,Madhya Pradesh,BBA,CSE,8.89,6.3,USA,Finance,3453549,Yes,Seminar,Counseling,Amit Verma,2025-05-29,2025-06-26,Active,85,Low,95,USA,Merit Scholarship
ST2349,Ayush Gole,Female,24,Mumbai,Maharashtra,BA,Marketing,6.98,5.6,Australia,MBA,1617822,Yes,Referral,Enrolled,Sneha Jain,2025-08-02,2025-11-28,Converted,75,Medium,74,Australia,Not Eligible
ST2350,Anita Peri,Female,21,Indore,Madhya Pradesh,BTech,Finance,7.08,7.9,UK,Cyber Security,2761666,No,Website,Enrolled,Priya Sharma,2025-06-26,2025-07-26,Converted,93,Low,94,Canada,Not Eligible
ST2351,Anay Sood,Female,20,Pune,Maharashtra,BBA,Finance,7.44,6.1,Germany,Business Analytics,1058289,No,WhatsApp,Offer Letter,Priya Sharma,2025-02-01,2025-05-10,Inactive,66,Medium,69,Germany,Not Eligible
ST2352,Geetika Thaman,Male,21,Bhopal,Madhya Pradesh,BSc,ECE,7.66,5.8,Australia,Data Science,1793727,Yes,Instagram,New Lead,Sneha Jain,2025-11-22,2026-01-07,Active,69,Medium,68,Australia,Partial Scholarship
ST2353,Zarna Ravel,Male,28,Chennai,Tamil Nadu,BSc,Biotechnology,6.72,6.1,UK,Business Analytics,1978025,No,Website,Enrolled,Sneha Jain,2024-09-06,2024-09-21,Converted,59,Medium,62,UK,Not Eligible
ST2354,Chakrika Walia,Male,28,Indore,Madhya Pradesh,BTech,IT,7.19,7.4,USA,Data Science,3032499,Yes,WhatsApp,Contacted,Sneha Jain,2024-12-10,2024-12-28,Dropped,86,Low,90,Canada,Not Eligible
ST2355,Abdul Magar,Male,28,Pune,Maharashtra,BBA,Finance,7.39,6.1,Canada,Cyber Security,981854,Yes,Instagram,Visa,Amit Verma,2026-01-30,2026-02-16,Converted,77,Medium,68,Germany,Not Eligible
ST2356,Advik Prabhu,Female,23,Delhi,Delhi,BCom,Biotechnology,8.12,7.8,Canada,Business Analytics,1983654,Yes,Website,Documents,Rohit Gupta,2025-10-21,2025-12-04,Inactive,99,Low,94,Canada,Partial Scholarship
ST2357,Liam Bajwa,Female,25,Ahmedabad,Gujarat,BTech,Marketing,8.33,6.5,Australia,Artificial Intelligence,1822503,Yes,Instagram,Enrolled,Sneha Jain,2025-04-29,2025-08-13,Converted,90,Low,83,Australia,Partial Scholarship
ST2358,Jhalak Bawa,Female,23,Bhopal,Madhya Pradesh,BA,ECE,7.02,7.0,USA,Computer Science,2535144,Yes,WhatsApp,New Lead,Rahul Singh,2025-11-22,2026-02-24,Active,92,Low,85,Canada,Not Eligible
ST2359,Chatresh Nazareth,Female,21,Ahmedabad,Gujarat,BBA,Marketing,6.59,7.0,Australia,Artificial Intelligence,3117884,No,Seminar,Visa,Rahul Singh,2025-02-06,2025-05-09,Converted,79,Low,80,Canada,Not Eligible
ST2360,Sachi Nagar,Male,20,Bangalore,Karnataka,BBA,IT,8.84,5.9,UK,MBA,3309212,Yes,Referral,Enrolled,Sneha Jain,2026-03-22,2026-04-05,Converted,90,Low,100,UK,Merit Scholarship
ST2361,Nihal Goswami,Female,25,Bangalore,Karnataka,BA,Marketing,6.03,5.9,UK,Computer Science,2024776,No,Seminar,Offer Letter,Amit Verma,2025-07-19,2025-07-26,Inactive,59,Medium,64,UK,Not Eligible
ST2362,Chakradhar Dasgupta,Male,28,Pune,Maharashtra,BA,CSE,6.32,7.3,UK,Business Analytics,1750367,Yes,Instagram,Enrolled,Priya Sharma,2024-09-10,2024-09-25,Converted,74,Medium,71,Canada,Not Eligible
ST2363,Yashica Pall,Male,24,Mumbai,Maharashtra,BBA,CSE,6.45,7.9,Canada,Computer Science,2951648,Yes,Referral,Visa,Sneha Jain,2026-04-12,2026-06-19,Converted,96,Low,100,Canada,Not Eligible
ST2364,Qabil Lata,Female,20,Pune,Maharashtra,BBA,Mechanical,7.81,7.2,Australia,Data Science,2517983,No,Referral,Contacted,Priya Sharma,2025-06-22,2025-08-20,Dropped,99,Low,100,Canada,Partial Scholarship
ST2365,Veda Sane,Male,21,Bangalore,Karnataka,BA,ECE,6.6,6.9,Germany,Computer Science,997016,No,Website,Visa,Amit Verma,2025-11-29,2026-01-01,Converted,75,Medium,69,Germany,Not Eligible
ST2366,Atharv Sahota,Male,21,Hyderabad,Telangana,BSc,Biotechnology,9.22,8.0,UK,Cyber Security,1346651,Yes,Website,Documents,Rohit Gupta,2025-05-21,2025-08-20,Dropped,99,Low,100,Germany,Merit Scholarship
ST2367,Yochana Doctor,Female,27,Ahmedabad,Gujarat,BBA,CSE,7.93,8.2,Canada,Business Analytics,1083652,No,Website,Visa,Rahul Singh,2024-11-30,2025-02-22,Converted,99,Low,95,Germany,Partial Scholarship
ST2368,Lavanya Balay,Female,27,Hyderabad,Telangana,BBA,Finance,8.16,8.3,UK,Computer Science,828658,No,Instagram,Offer Letter,Priya Sharma,2025-06-30,2025-09-23,Dropped,96,Low,99,Germany,Partial Scholarship
ST2369,Chandresh Roy,Female,24,Bangalore,Karnataka,BA,Marketing,6.03,8.4,Australia,Finance,1242199,No,Referral,Application,Sneha Jain,2025-03-11,2025-06-21,Inactive,86,Low,94,Germany,Not Eligible
ST2370,Ekantika Rajan,Female,24,Indore,Madhya Pradesh,BA,Finance,6.78,5.7,Australia,Artificial Intelligence,2627432,Yes,Website,Enrolled,Rahul Singh,2025-07-16,2025-08-23,Converted,65,Medium,69,Australia,Not Eligible
ST2371,Nitesh Savant,Male,18,Indore,Madhya Pradesh,BTech,ECE,9.64,8.3,UK,Computer Science,2831418,Yes,Instagram,New Lead,Priya Sharma,2025-08-18,2025-10-06,Active,93,Low,100,Canada,Merit Scholarship
ST2372,Leela Raju,Male,19,Bhopal,Madhya Pradesh,BBA,Finance,9.2,8.5,UK,MBA,3070370,Yes,Website,New Lead,Rahul Singh,2024-08-10,2024-11-26,Dropped,99,Low,100,Canada,Merit Scholarship
ST2373,Jonathan Som,Male,22,Pune,Maharashtra,BTech,Biotechnology,6.72,7.5,Australia,Business Analytics,1422921,No,Instagram,Counseling,Sneha Jain,2025-12-09,2026-02-07,Active,84,Medium,77,Germany,Not Eligible
ST2374,Chanchal Chandra,Female,20,Hyderabad,Telangana,BSc,Finance,8.53,6.2,Canada,Artificial Intelligence,1574222,Yes,Seminar,Contacted,Sneha Jain,2025-06-01,2025-06-06,Inactive,77,Low,82,Canada,Merit Scholarship
ST2375,Janaki Ben,Male,22,Bangalore,Karnataka,BCom,Marketing,7.07,6.0,Australia,Data Science,2230963,No,Website,Visa,Priya Sharma,2025-03-18,2025-06-05,Converted,72,Medium,75,Australia,Not Eligible
ST2376,Jagdish Tailor,Male,27,Ahmedabad,Gujarat,BBA,Marketing,6.1,5.7,Canada,Business Analytics,1811363,Yes,Seminar,New Lead,Amit Verma,2024-06-25,2024-10-09,Active,50,High,52,Canada,Not Eligible
ST2377,Mohini Dass,Male,25,Hyderabad,Telangana,BA,ECE,7.95,7.9,Canada,Business Analytics,1194252,No,Seminar,Application,Rohit Gupta,2024-09-02,2024-12-27,Inactive,93,Low,93,Germany,Partial Scholarship
ST2378,Onveer Wagle,Male,23,Pune,Maharashtra,BSc,Mechanical,6.58,6.8,Australia,Finance,1692731,Yes,Instagram,New Lead,Rohit Gupta,2026-02-18,2026-05-06,Inactive,62,Medium,67,Australia,Not Eligible
ST2379,Yauvani Gade,Female,18,Indore,Madhya Pradesh,BA,ECE,8.39,6.4,USA,Artificial Intelligence,3012829,Yes,Website,Enrolled,Rahul Singh,2024-11-28,2025-03-12,Converted,99,Low,92,USA,Partial Scholarship
ST2380,Indali Kala,Female,20,Bhopal,Madhya Pradesh,BA,Finance,9.04,6.4,Australia,Computer Science,2359176,Yes,Instagram,Offer Letter,Amit Verma,2024-07-29,2024-09-11,Active,99,Low,99,Australia,Merit Scholarship
ST2381,Warhi Shah,Male,24,Ahmedabad,Gujarat,BTech,Finance,6.92,8.0,UK,MBA,942000,No,Website,Visa,Rahul Singh,2024-07-06,2024-08-19,Active,80,Low,84,Germany,Not Eligible
ST2382,Nitesh Divan,Female,20,Ahmedabad,Gujarat,BCom,CSE,7.26,6.1,Germany,Artificial Intelligence,1456299,No,WhatsApp,Documents,Rohit Gupta,2025-05-15,2025-06-07,Active,75,Medium,67,Germany,Not Eligible
ST2383,Samarth Aurora,Female,26,Mumbai,Maharashtra,BSc,Mechanical,8.72,6.2,Australia,Artificial Intelligence,2285893,Yes,Referral,Visa,Rahul Singh,2025-01-21,2025-03-14,Converted,99,Low,100,Australia,Merit Scholarship
ST2384,Ekiya Dara,Female,20,Delhi,Delhi,BA,Biotechnology,8.01,6.5,Germany,Artificial Intelligence,1450493,No,Instagram,Counseling,Rahul Singh,2025-12-23,2026-02-20,Dropped,77,Low,80,Germany,Partial Scholarship
ST2385,Isaiah Wali,Female,23,Bangalore,Karnataka,BTech,IT,8.08,7.1,Australia,Artificial Intelligence,2748762,Yes,Website,Visa,Sneha Jain,2025-01-08,2025-03-10,Converted,96,Low,95,Canada,Partial Scholarship
ST2386,Irya Naidu,Male,20,Bangalore,Karnataka,BCom,Mechanical,9.71,5.7,Canada,Finance,2818182,Yes,WhatsApp,New Lead,Priya Sharma,2025-11-28,2026-01-09,Active,89,Low,99,Canada,Merit Scholarship
ST2387,Abeer Maharaj,Male,20,Bangalore,Karnataka,BTech,CSE,6.4,7.2,UK,Computer Science,2380962,Yes,Instagram,Visa,Priya Sharma,2025-09-17,2025-09-21,Converted,77,Low,81,Canada,Not Eligible
ST2388,Arya Comar,Female,23,Ahmedabad,Gujarat,BBA,Finance,8.04,7.6,Australia,Computer Science,2072403,Yes,Referral,Offer Letter,Sneha Jain,2025-11-21,2025-12-18,Inactive,99,Low,100,Canada,Partial Scholarship
ST2389,Bhavna Bhatnagar,Male,23,Pune,Maharashtra,BSc,ECE,7.11,7.0,Canada,Data Science,2287455,No,Instagram,Enrolled,Rahul Singh,2025-11-16,2025-12-01,Converted,84,Low,86,Canada,Not Eligible
ST2390,Inaya Bala,Male,25,Chennai,Tamil Nadu,BCom,ECE,8.19,7.9,Canada,MBA,3219266,No,Instagram,Documents,Sneha Jain,2025-12-21,2026-04-16,Dropped,99,Low,100,Canada,Partial Scholarship
ST2391,Hardik Brar,Female,27,Hyderabad,Telangana,BCom,CSE,8.75,7.0,USA,Business Analytics,3458285,Yes,Seminar,Documents,Priya Sharma,2025-05-07,2025-08-05,Active,96,Low,100,Canada,Merit Scholarship
ST2392,Ijaya Dugar,Female,19,Pune,Maharashtra,BBA,Marketing,6.68,5.8,UK,Computer Science,2550522,Yes,Website,Documents,Rohit Gupta,2026-03-23,2026-04-15,Inactive,70,Medium,68,UK,Not Eligible
ST2393,Jackson Chaudhary,Female,28,Bangalore,Karnataka,BBA,CSE,6.76,7.3,Australia,Cyber Security,2023983,No,Website,Contacted,Rohit Gupta,2024-06-06,2024-06-12,Dropped,80,Low,85,Canada,Not Eligible
ST2394,Bahadurjit Raghavan,Male,24,Bangalore,Karnataka,BSc,Biotechnology,6.93,6.9,Canada,Computer Science,1905826,Yes,Website,Counseling,Rahul Singh,2024-12-15,2025-03-14,Dropped,72,Medium,73,Canada,Not Eligible
ST2395,Aarnav Vala,Male,26,Bhopal,Madhya Pradesh,BTech,IT,6.92,7.5,Australia,Artificial Intelligence,1908097,No,Referral,New Lead,Rohit Gupta,2025-06-30,2025-10-10,Active,99,Low,94,Canada,Not Eligible
ST2396,Jagrati Yogi,Female,26,Mumbai,Maharashtra,BSc,CSE,8.55,7.8,Australia,Computer Science,1026730,Yes,Website,Enrolled,Amit Verma,2024-11-08,2025-01-28,Converted,96,Low,98,Germany,Merit Scholarship
ST2397,Sanaya Chhabra,Male,18,Mumbai,Maharashtra,BTech,Mechanical,6.69,8.3,UK,Computer Science,2955034,Yes,WhatsApp,Documents,Rohit Gupta,2025-10-08,2025-12-06,Active,99,Low,94,Canada,Not Eligible
ST2398,Odika Joshi,Female,21,Delhi,Delhi,BA,Mechanical,8.47,7.2,Australia,Finance,1612001,Yes,Seminar,Application,Rahul Singh,2025-03-19,2025-04-03,Dropped,90,Low,91,Canada,Partial Scholarship
ST2399,Aarush Balasubramanian,Female,22,Bhopal,Madhya Pradesh,BTech,ECE,8.14,6.6,Canada,Data Science,2838559,No,WhatsApp,Counseling,Rahul Singh,2025-03-10,2025-05-29,Active,99,Low,91,Canada,Partial Scholarship
ST2400,Laban Date,Male,24,Indore,Madhya Pradesh,BSc,ECE,7.39,5.8,Australia,Cyber Security,1943967,No,WhatsApp,New Lead,Sneha Jain,2024-07-08,2024-08-22,Inactive,72,Medium,65,Australia,Not Eligible
ST2401,Udyati Sachdev,Female,28,Jaipur,Rajasthan,BBA,Biotechnology,7.91,6.4,UK,Finance,1860713,Yes,Instagram,Counseling,Amit Verma,2025-06-16,2025-07-04,Inactive,77,Medium,78,UK,Partial Scholarship
ST2402,Reva Khurana,Female,19,Chennai,Tamil Nadu,BCom,ECE,6.57,8.1,Australia,MBA,2989005,No,WhatsApp,Offer Letter,Priya Sharma,2026-05-14,2026-06-12,Dropped,99,Low,90,Canada,Not Eligible
ST2403,Ikshita Wagle,Female,24,Pune,Maharashtra,BSc,Biotechnology,9.69,7.2,Germany,Finance,1294520,Yes,Referral,New Lead,Amit Verma,2026-02-12,2026-04-08,Active,93,Low,100,Germany,Merit Scholarship
ST2404,Maya Ravi,Male,28,Jaipur,Rajasthan,BBA,Biotechnology,8.74,7.6,UK,Finance,3383902,Yes,Referral,Visa,Priya Sharma,2024-10-01,2024-12-13,Converted,99,Low,100,Canada,Merit Scholarship
ST2405,Ayush Sangha,Female,21,Bhopal,Madhya Pradesh,BBA,ECE,9.57,6.5,Australia,Computer Science,2562762,Yes,WhatsApp,Documents,Amit Verma,2024-12-20,2025-02-25,Active,99,Low,100,Australia,Merit Scholarship
ST2406,Eta Prashad,Female,25,Ahmedabad,Gujarat,BCom,Finance,7.05,8.1,Canada,Computer Science,2912206,Yes,Instagram,New Lead,Rohit Gupta,2025-05-28,2025-06-01,Dropped,91,Low,95,Canada,Not Eligible
ST2407,Sneha Ramesh,Female,27,Chennai,Tamil Nadu,BSc,CSE,7.09,6.5,USA,Finance,3471340,No,Referral,Contacted,Rohit Gupta,2026-04-23,2026-04-28,Dropped,99,Low,95,USA,Not Eligible
ST2408,Max Roy,Male,25,Indore,Madhya Pradesh,BA,IT,6.78,7.9,Canada,Cyber Security,2935312,No,Seminar,Documents,Priya Sharma,2025-06-06,2025-07-20,Active,96,Low,91,Canada,Not Eligible
ST2409,Tanvi Varkey,Female,25,Ahmedabad,Gujarat,BBA,IT,7.77,7.5,Australia,Data Science,1783675,Yes,Website,Contacted,Priya Sharma,2026-03-29,2026-06-05,Dropped,86,Low,87,Canada,Partial Scholarship
ST2410,Sanaya Ratti,Female,22,Bangalore,Karnataka,BA,Marketing,9.19,8.2,Canada,Data Science,1455181,Yes,Website,Documents,Sneha Jain,2024-11-02,2024-12-25,Inactive,99,Low,100,Germany,Merit Scholarship
ST2411,David Agarwal,Female,25,Bangalore,Karnataka,BA,IT,9.27,7.8,Australia,Finance,2890859,Yes,Instagram,Counseling,Rohit Gupta,2024-09-05,2024-09-28,Active,99,Low,100,Canada,Merit Scholarship
ST2412,Andrew Doshi,Female,25,Ahmedabad,Gujarat,BBA,ECE,8.39,6.4,Australia,Data Science,2339398,No,Instagram,Application,Sneha Jain,2026-02-22,2026-03-29,Dropped,85,Low,92,Australia,Partial Scholarship
ST2413,Farhan Nigam,Female,26,Bangalore,Karnataka,BTech,CSE,9.58,8.2,UK,Artificial Intelligence,2188497,Yes,Seminar,Documents,Sneha Jain,2025-12-18,2026-03-10,Dropped,99,Low,100,Canada,Merit Scholarship
ST2414,Ayaan Malhotra,Female,21,Bhopal,Madhya Pradesh,BBA,Finance,9.55,6.3,Australia,Finance,2674941,Yes,WhatsApp,Counseling,Sneha Jain,2025-09-15,2025-10-25,Active,90,Low,100,Australia,Merit Scholarship
ST2415,Chatresh Sinha,Male,27,Chennai,Tamil Nadu,BBA,Marketing,6.35,8.1,Canada,Computer Science,1489691,Yes,Referral,Visa,Priya Sharma,2024-09-01,2024-10-23,Converted,90,Low,93,Germany,Not Eligible
ST2416,Joshua Pal,Male,20,Chennai,Tamil Nadu,BA,Biotechnology,7.55,8.0,UK,Computer Science,1087380,No,WhatsApp,Enrolled,Amit Verma,2025-11-30,2026-01-11,Converted,98,Low,90,Germany,Partial Scholarship
ST2417,Balhaar Vig,Female,25,Ahmedabad,Gujarat,BBA,IT,6.37,7.4,Canada,Data Science,1110541,No,Seminar,Visa,Amit Verma,2025-11-28,2026-03-26,Converted,78,Medium,72,Germany,Not Eligible
ST2418,Indira Naidu,Male,26,Bangalore,Karnataka,BSc,ECE,8.76,7.7,Australia,Artificial Intelligence,2112422,Yes,Seminar,Application,Amit Verma,2024-08-16,2024-09-21,Dropped,96,Low,100,Canada,Merit Scholarship
ST2419,Baghyawati Thaker,Male,28,Delhi,Delhi,BCom,Finance,9.56,8.0,UK,Cyber Security,1395098,Yes,Seminar,Offer Letter,Priya Sharma,2024-07-18,2024-08-22,Active,92,Low,100,Germany,Merit Scholarship
ST2420,Unnati Ravi,Male,23,Bhopal,Madhya Pradesh,BA,Finance,9.73,8.4,Canada,MBA,1988426,Yes,Instagram,New Lead,Rohit Gupta,2025-09-25,2025-10-11,Active,97,Low,100,Canada,Merit Scholarship
ST2421,Utkarsh Gala,Male,20,Bhopal,Madhya Pradesh,BCom,Mechanical,9.71,6.0,Australia,Finance,3131899,Yes,Instagram,Counseling,Priya Sharma,2025-03-21,2025-04-21,Active,99,Low,100,Australia,Merit Scholarship
ST2422,Niharika Sinha,Female,23,Bhopal,Madhya Pradesh,BA,Finance,6.21,5.8,Canada,Cyber Security,1601116,No,WhatsApp,Visa,Amit Verma,2025-03-02,2025-06-12,Converted,47,High,54,Canada,Not Eligible
ST2423,Vasudha Aggarwal,Female,21,Pune,Maharashtra,BA,IT,7.23,5.7,USA,Business Analytics,3176813,Yes,Seminar,Visa,Rahul Singh,2026-03-23,2026-05-17,Converted,80,Medium,74,USA,Not Eligible
ST2424,Dev Badal,Male,25,Hyderabad,Telangana,BBA,ECE,8.62,6.4,UK,Data Science,3301130,Yes,Website,Visa,Amit Verma,2024-12-30,2025-02-11,Active,99,Low,95,UK,Merit Scholarship
ST2425,Jack Krishnamurthy,Male,27,Delhi,Delhi,BA,Finance,8.3,6.4,Canada,Data Science,1198961,Yes,Instagram,Enrolled,Priya Sharma,2024-06-03,2024-07-08,Converted,85,Low,82,Germany,Partial Scholarship
ST2426,Vrishti Chana,Male,19,Bangalore,Karnataka,BSc,IT,6.67,7.7,Australia,Computer Science,2790807,No,Seminar,Contacted,Sneha Jain,2024-08-23,2024-11-22,Dropped,82,Low,88,Canada,Not Eligible
ST2427,Ryan Raman,Male,19,Hyderabad,Telangana,BTech,Finance,8.36,6.5,Australia,Computer Science,2735315,No,Website,Enrolled,Sneha Jain,2025-05-16,2025-08-08,Converted,83,Low,93,Australia,Partial Scholarship
ST2428,Vedhika Din,Female,18,Jaipur,Rajasthan,BBA,Marketing,7.74,7.3,Germany,Data Science,961448,Yes,Seminar,Visa,Rahul Singh,2025-10-13,2026-02-01,Converted,95,Low,85,Germany,Partial Scholarship
ST2429,Isaac Bhatia,Male,25,Mumbai,Maharashtra,BSc,ECE,9.65,6.6,Canada,Finance,804602,Yes,Instagram,Application,Rahul Singh,2024-11-17,2024-11-20,Inactive,99,Low,96,Germany,Merit Scholarship
ST2430,Ati Zachariah,Male,28,Bangalore,Karnataka,BCom,Marketing,8.48,6.2,Germany,MBA,1217445,Yes,Website,Application,Sneha Jain,2025-12-07,2026-03-22,Dropped,72,Low,81,Germany,Partial Scholarship
ST2431,Ekaraj De,Male,28,Chennai,Tamil Nadu,BA,Mechanical,6.91,8.1,Australia,Business Analytics,2025510,No,Website,New Lead,Priya Sharma,2024-07-13,2024-07-16,Active,99,Low,94,Canada,Not Eligible
ST2432,Christopher Sama,Female,25,Pune,Maharashtra,BSc,IT,8.84,6.7,UK,Finance,2303390,Yes,Instagram,Contacted,Sneha Jain,2025-04-22,2025-07-29,Dropped,99,Low,100,UK,Merit Scholarship
ST2433,Naveen Nigam,Male,23,Delhi,Delhi,BBA,ECE,7.02,5.9,Germany,MBA,869267,Yes,Instagram,Counseling,Amit Verma,2024-08-23,2024-09-12,Dropped,73,Medium,64,Germany,Not Eligible
ST2434,Bishakha Desai,Female,21,Pune,Maharashtra,BBA,Finance,8.22,8.3,Canada,Computer Science,3290429,Yes,Website,Contacted,Rohit Gupta,2026-04-14,2026-07-25,Active,95,Low,100,Canada,Partial Scholarship
ST2435,Jhalak Kurian,Female,27,Chennai,Tamil Nadu,BBA,CSE,7.85,7.1,Canada,Data Science,1176131,No,Website,Enrolled,Priya Sharma,2026-01-28,2026-02-04,Converted,92,Low,83,Germany,Partial Scholarship
ST2436,Saumya Chana,Male,27,Delhi,Delhi,BBA,Mechanical,9.12,6.9,UK,Business Analytics,2953024,Yes,Website,Visa,Rohit Gupta,2026-01-27,2026-04-05,Active,99,Low,100,UK,Merit Scholarship
ST2437,Hamsini Koshy,Male,28,Hyderabad,Telangana,BBA,Finance,8.35,6.6,Canada,Artificial Intelligence,1365050,Yes,Website,Application,Rohit Gupta,2025-12-04,2026-02-11,Active,85,Low,83,Germany,Partial Scholarship
ST2438,Jeevika Kapur,Male,20,Pune,Maharashtra,BA,ECE,7.48,5.5,Germany,Finance,850417,Yes,Referral,Visa,Sneha Jain,2026-02-28,2026-03-04,Converted,74,Medium,79,Germany,Not Eligible
ST2439,Ikshita Randhawa,Male,23,Bangalore,Karnataka,BCom,Marketing,9.01,7.3,Canada,Cyber Security,1035226,Yes,Instagram,Documents,Priya Sharma,2024-09-10,2024-09-14,Active,93,Low,98,Germany,Merit Scholarship
ST2440,Aahana Master,Male,28,Bhopal,Madhya Pradesh,BCom,Finance,6.13,8.3,Canada,MBA,2225831,No,WhatsApp,Documents,Rahul Singh,2026-04-12,2026-05-25,Active,85,Low,89,Canada,Not Eligible
ST2441,Dev Gupta,Male,19,Bangalore,Karnataka,BSc,ECE,9.32,6.7,UK,Artificial Intelligence,3171634,Yes,Instagram,Documents,Rahul Singh,2026-03-09,2026-03-24,Active,99,Low,100,UK,Merit Scholarship
ST2442,Bhavini Khurana,Male,19,Ahmedabad,Gujarat,BCom,Mechanical,9.22,6.3,Canada,Data Science,1084421,Yes,WhatsApp,Visa,Sneha Jain,2026-04-13,2026-06-10,Converted,96,Low,89,Germany,Merit Scholarship
ST2443,Krisha Banik,Male,21,Indore,Madhya Pradesh,BCom,CSE,7.97,8.1,Canada,MBA,2261027,No,Seminar,Contacted,Rahul Singh,2024-11-20,2024-12-28,Dropped,99,Low,100,Canada,Partial Scholarship
ST2444,Charita Gupta,Female,18,Hyderabad,Telangana,BBA,IT,8.03,6.0,Canada,Computer Science,898307,Yes,WhatsApp,Offer Letter,Amit Verma,2025-07-06,2025-07-25,Inactive,74,Medium,75,Germany,Partial Scholarship
ST2445,Brijesh Nagy,Female,19,Delhi,Delhi,BBA,Biotechnology,9.35,8.5,Australia,MBA,1905990,Yes,Instagram,Documents,Amit Verma,2025-04-21,2025-08-03,Inactive,97,Low,100,Canada,Merit Scholarship
ST2446,Janaki Deshpande,Male,20,Bangalore,Karnataka,BTech,CSE,6.57,7.9,Australia,Data Science,1142617,No,Instagram,New Lead,Amit Verma,2025-06-16,2025-08-30,Inactive,76,Medium,79,Germany,Not Eligible
ST2447,Tristan Gandhi,Male,28,Indore,Madhya Pradesh,BA,Biotechnology,7.79,7.1,Australia,MBA,2130262,Yes,Instagram,Documents,Sneha Jain,2024-08-03,2024-10-03,Inactive,92,Low,92,Canada,Partial Scholarship
ST2448,Fariq Krishnan,Male,23,Mumbai,Maharashtra,BTech,Marketing,7.65,6.1,UK,Cyber Security,2194227,Yes,Seminar,Counseling,Rohit Gupta,2025-11-14,2026-02-04,Dropped,76,Low,81,UK,Partial Scholarship
ST2449,Vidhi Mahajan,Female,27,Chennai,Tamil Nadu,BSc,IT,6.62,5.5,Canada,Data Science,1298446,Yes,Instagram,Documents,Rohit Gupta,2025-07-29,2025-09-01,Dropped,53,High,56,Germany,Not Eligible
ST2450,Jalsa Dalal,Female,26,Bangalore,Karnataka,BTech,IT,9.48,8.4,UK,MBA,1706202,Yes,Instagram,New Lead,Rohit Gupta,2025-03-03,2025-06-13,Active,98,Low,100,Canada,Merit Scholarship
ST2451,Advaith Shanker,Male,25,Mumbai,Maharashtra,BCom,Mechanical,6.88,5.6,Germany,Finance,998210,Yes,Instagram,Counseling,Amit Verma,2025-05-21,2025-07-24,Dropped,59,High,58,Germany,Not Eligible
ST2452,Onveer Balay,Female,27,Pune,Maharashtra,BCom,Mechanical,7.33,6.2,UK,Computer Science,1727162,No,Website,Documents,Rohit Gupta,2025-06-28,2025-08-29,Dropped,62,Medium,70,UK,Not Eligible
ST2453,Dakshesh Mander,Male,27,Indore,Madhya Pradesh,BA,ECE,7.3,6.7,Australia,Artificial Intelligence,2021542,Yes,Referral,Enrolled,Priya Sharma,2025-06-30,2025-08-10,Converted,98,Low,99,Australia,Not Eligible
ST2454,Gagan Golla,Male,25,Indore,Madhya Pradesh,BBA,Finance,7.6,7.4,UK,Computer Science,1893947,Yes,Website,Offer Letter,Rahul Singh,2025-11-02,2025-11-12,Active,85,Low,84,Canada,Partial Scholarship
ST2455,Jacob Nath,Female,25,Hyderabad,Telangana,BSc,CSE,6.89,8.5,UK,Business Analytics,2229693,Yes,WhatsApp,Application,Rohit Gupta,2024-09-21,2024-11-30,Active,97,Low,98,Canada,Not Eligible
ST2456,Forum Halder,Male,27,Bhopal,Madhya Pradesh,BCom,CSE,7.89,7.8,Canada,Data Science,2770818,Yes,Website,Counseling,Rohit Gupta,2024-08-03,2024-09-23,Active,99,Low,100,Canada,Partial Scholarship
ST2457,Wahab Chopra,Male,28,Mumbai,Maharashtra,BBA,Finance,6.48,7.2,UK,Computer Science,3126854,No,Seminar,Offer Letter,Amit Verma,2025-06-06,2025-06-29,Dropped,76,Low,81,Canada,Not Eligible
ST2458,Oliver Warrior,Male,20,Hyderabad,Telangana,BSc,Marketing,9.65,5.6,Germany,Finance,986968,Yes,Instagram,New Lead,Sneha Jain,2024-10-04,2025-01-22,Inactive,88,Low,86,Germany,Merit Scholarship
ST2459,Ekaraj Kaur,Female,19,Indore,Madhya Pradesh,BTech,IT,9.02,6.9,Canada,Computer Science,1632073,Yes,Referral,Counseling,Rohit Gupta,2024-07-28,2024-10-01,Active,99,Low,100,Canada,Merit Scholarship
ST2460,Farhan Vora,Female,18,Jaipur,Rajasthan,BTech,Biotechnology,7.95,7.1,UK,Data Science,3407620,Yes,Referral,Offer Letter,Sneha Jain,2026-05-16,2026-05-18,Dropped,96,Low,100,Canada,Partial Scholarship
ST2461,Tamanna Bhatti,Female,28,Ahmedabad,Gujarat,BBA,IT,8.19,8.0,Australia,Artificial Intelligence,3277639,Yes,Seminar,Contacted,Rohit Gupta,2024-08-09,2024-09-01,Active,99,Low,100,Canada,Partial Scholarship
ST2462,Bishakha Krishna,Female,18,Bangalore,Karnataka,BBA,IT,8.19,8.0,Australia,Business Analytics,3427136,Yes,Seminar,Enrolled,Amit Verma,2026-04-01,2026-06-25,Converted,92,Low,100,Canada,Partial Scholarship
ST2463,Kavya Dara,Female,23,Ahmedabad,Gujarat,BA,Finance,9.21,7.5,Australia,MBA,845396,Yes,Website,Contacted,Sneha Jain,2025-08-23,2025-09-23,Active,93,Low,100,Germany,Merit Scholarship
ST2464,Imaran Agrawal,Male,18,Bhopal,Madhya Pradesh,BSc,ECE,8.23,5.7,Australia,Computer Science,2336546,No,Instagram,Visa,Priya Sharma,2025-04-08,2025-06-30,Active,85,Low,84,Australia,Partial Scholarship
ST2465,Reyansh Goswami,Female,24,Indore,Madhya Pradesh,BSc,Mechanical,8.26,6.4,Canada,Data Science,1633476,Yes,Instagram,New Lead,Priya Sharma,2024-06-19,2024-08-24,Active,83,Low,81,Canada,Partial Scholarship
ST2466,Megha Sahni,Male,25,Mumbai,Maharashtra,BTech,Marketing,6.47,6.3,Canada,Finance,3297125,Yes,Seminar,Documents,Sneha Jain,2025-01-27,2025-02-20,Dropped,66,Medium,71,Canada,Not Eligible
ST2467,Falan Purohit,Female,27,Jaipur,Rajasthan,BCom,ECE,9.23,8.2,UK,Data Science,1370986,Yes,Referral,New Lead,Rahul Singh,2025-06-12,2025-06-26,Active,96,Low,100,Germany,Merit Scholarship
ST2468,Varenya Jani,Female,21,Indore,Madhya Pradesh,BA,Finance,8.88,7.8,Australia,MBA,2572456,Yes,Referral,Enrolled,Rahul Singh,2026-03-20,2026-04-10,Converted,99,Low,100,Canada,Merit Scholarship
ST2469,Manya Bala,Female,28,Mumbai,Maharashtra,BBA,ECE,7.04,8.2,Canada,Computer Science,1111162,Yes,Seminar,Counseling,Sneha Jain,2025-03-24,2025-05-11,Active,82,Low,86,Germany,Not Eligible
ST2470,Vaishnavi Rout,Male,19,Delhi,Delhi,BTech,IT,6.7,8.2,Canada,Cyber Security,2126957,No,WhatsApp,New Lead,Rohit Gupta,2026-05-09,2026-06-20,Dropped,87,Low,93,Canada,Not Eligible
ST2471,Aditya Murthy,Female,22,Ahmedabad,Gujarat,BA,Mechanical,7.81,5.8,Germany,MBA,1066989,Yes,Website,Counseling,Rohit Gupta,2026-02-02,2026-05-07,Inactive,73,Medium,70,Germany,Partial Scholarship
ST2472,Warjas Bansal,Male,25,Pune,Maharashtra,BTech,Biotechnology,8.7,7.9,UK,Artificial Intelligence,2061227,Yes,Referral,Contacted,Priya Sharma,2025-12-26,2026-01-26,Dropped,99,Low,100,Canada,Merit Scholarship
ST2473,Aadhya Dhar,Male,27,Hyderabad,Telangana,BCom,IT,7.09,8.1,Canada,Artificial Intelligence,3267094,Yes,Seminar,New Lead,Rahul Singh,2025-07-15,2025-08-29,Dropped,94,Low,95,Canada,Not Eligible
ST2474,Nidhi Bhagat,Female,28,Bangalore,Karnataka,BTech,CSE,6.76,5.7,UK,MBA,1939435,Yes,Referral,Contacted,Priya Sharma,2024-06-09,2024-08-08,Active,75,Medium,74,UK,Not Eligible
ST2475,Henry Bali,Female,23,Bhopal,Madhya Pradesh,BTech,Marketing,6.66,8.0,UK,Computer Science,2151002,Yes,Instagram,Counseling,Rohit Gupta,2025-07-06,2025-08-21,Dropped,91,Low,91,Canada,Not Eligible
ST2476,Harini Sundaram,Female,25,Bhopal,Madhya Pradesh,BTech,Marketing,8.94,6.0,Australia,Business Analytics,2451602,Yes,Website,Contacted,Amit Verma,2025-07-10,2025-10-20,Dropped,95,Low,94,Australia,Merit Scholarship
ST2477,Shivansh Rastogi,Female,27,Jaipur,Rajasthan,BCom,CSE,9.23,5.8,Germany,Cyber Security,1229935,Yes,Website,Offer Letter,Priya Sharma,2024-12-08,2024-12-27,Dropped,78,Low,84,Germany,Merit Scholarship
ST2478,Jackson Dada,Male,23,Delhi,Delhi,BA,IT,7.12,7.9,Canada,MBA,3079333,Yes,Website,Documents,Rahul Singh,2024-07-11,2024-08-28,Active,92,Low,95,Canada,Not Eligible
ST2479,Nikita Raja,Female,18,Chennai,Tamil Nadu,BCom,IT,7.01,8.0,UK,MBA,2369945,No,WhatsApp,Enrolled,Rahul Singh,2026-05-04,2026-05-27,Converted,99,Low,95,Canada,Not Eligible
ST2480,Vinaya Bir,Male,24,Pune,Maharashtra,BA,Biotechnology,8.95,6.5,Canada,Cyber Security,2166408,Yes,WhatsApp,Documents,Sneha Jain,2025-05-02,2025-06-13,Active,96,Low,99,Canada,Merit Scholarship
ST2481,Yoshita Chada,Female,21,Mumbai,Maharashtra,BTech,Marketing,7.56,7.4,UK,Data Science,2662963,No,Instagram,Visa,Rahul Singh,2025-03-06,2025-06-21,Converted,95,Low,94,Canada,Partial Scholarship
ST2482,Aadhya Chada,Female,19,Bangalore,Karnataka,BCom,CSE,9.63,7.2,USA,Computer Science,3075058,Yes,Website,Application,Rohit Gupta,2025-07-31,2025-09-01,Inactive,99,Low,100,Canada,Merit Scholarship
ST2483,Idika Master,Male,21,Ahmedabad,Gujarat,BTech,Finance,9.67,6.1,Canada,Artificial Intelligence,2298259,Yes,Instagram,Enrolled,Sneha Jain,2025-05-18,2025-08-30,Converted,99,Low,100,Canada,Merit Scholarship
ST2484,Warjas Chana,Male,26,Ahmedabad,Gujarat,BA,IT,8.12,7.2,USA,Computer Science,3251114,No,Seminar,Application,Sneha Jain,2026-04-07,2026-05-27,Dropped,98,Low,98,Canada,Partial Scholarship
ST2485,Yug Jain,Female,28,Chennai,Tamil Nadu,BA,Mechanical,7.9,8.1,Australia,Computer Science,3439002,No,WhatsApp,Counseling,Rohit Gupta,2025-08-26,2025-08-31,Dropped,99,Low,100,Canada,Partial Scholarship
ST2486,Diya Bhardwaj,Female,25,Jaipur,Rajasthan,BSc,Biotechnology,7.45,6.3,Germany,Artificial Intelligence,1388844,No,WhatsApp,New Lead,Priya Sharma,2024-06-02,2024-06-06,Dropped,79,Medium,71,Germany,Not Eligible
ST2487,Hardik Dhaliwal,Female,25,Bhopal,Madhya Pradesh,BBA,IT,8.39,8.1,Australia,Cyber Security,1877639,No,Website,Documents,Rahul Singh,2026-04-29,2026-05-06,Dropped,99,Low,98,Canada,Partial Scholarship
ST2488,Radhika Kala,Male,23,Mumbai,Maharashtra,BCom,Finance,7.9,7.1,Australia,MBA,2110711,Yes,Referral,Offer Letter,Amit Verma,2025-08-04,2025-11-16,Dropped,99,Low,100,Canada,Partial Scholarship
ST2489,Kavya Bajaj,Female,24,Hyderabad,Telangana,BSc,IT,9.57,6.2,Canada,Data Science,2135043,Yes,Seminar,Contacted,Amit Verma,2025-04-17,2025-06-27,Dropped,98,Low,100,Canada,Merit Scholarship
ST2490,Atharv Mani,Male,28,Hyderabad,Telangana,BSc,Biotechnology,8.23,8.4,UK,Business Analytics,2416258,No,Referral,Application,Rahul Singh,2024-10-05,2024-10-09,Active,91,Low,100,Canada,Partial Scholarship
ST2491,Ekantika Panchal,Female,25,Pune,Maharashtra,BCom,CSE,6.62,8.4,Australia,Artificial Intelligence,1295496,No,WhatsApp,Documents,Amit Verma,2025-04-24,2025-07-17,Active,88,Low,85,Germany,Not Eligible
ST2492,Lavanya Samra,Male,28,Jaipur,Rajasthan,BCom,IT,6.13,5.8,Germany,Cyber Security,1013206,Yes,WhatsApp,Documents,Priya Sharma,2025-04-15,2025-07-02,Dropped,48,High,53,Germany,Not Eligible
ST2493,Wyatt Mohan,Female,18,Hyderabad,Telangana,BSc,IT,7.42,5.6,USA,MBA,2875865,Yes,Instagram,Counseling,Priya Sharma,2024-11-15,2024-11-19,Dropped,76,Medium,74,USA,Not Eligible
ST2494,Ekiya Vohra,Female,28,Bhopal,Madhya Pradesh,BBA,Biotechnology,8.71,5.8,Germany,MBA,914392,Yes,WhatsApp,Application,Priya Sharma,2025-08-04,2025-11-06,Inactive,75,Medium,79,Germany,Merit Scholarship
ST2495,Ekaja Kaur,Male,18,Bangalore,Karnataka,BBA,Finance,8.87,6.5,Germany,Artificial Intelligence,1025474,Yes,Website,Documents,Amit Verma,2025-05-07,2025-08-01,Inactive,83,Low,88,Germany,Merit Scholarship
ST2496,Eesha Salvi,Male,22,Chennai,Tamil Nadu,BSc,CSE,7.8,6.2,Canada,Cyber Security,2956997,Yes,Seminar,Offer Letter,Rohit Gupta,2025-02-15,2025-04-28,Active,86,Low,85,Canada,Partial Scholarship
ST2497,Arunima Doctor,Male,27,Hyderabad,Telangana,BCom,Finance,7.57,6.7,Germany,MBA,1446247,Yes,WhatsApp,Contacted,Amit Verma,2025-04-10,2025-04-20,Dropped,83,Medium,77,Germany,Partial Scholarship
ST2498,Veer Setty,Male,25,Pune,Maharashtra,BCom,CSE,7.51,6.8,Germany,Computer Science,986294,Yes,Seminar,Documents,Sneha Jain,2024-08-06,2024-08-12,Inactive,74,Medium,77,Germany,Partial Scholarship
ST2499,Tanay Khare,Female,27,Chennai,Tamil Nadu,BBA,Mechanical,6.1,5.8,UK,Business Analytics,1625799,Yes,Instagram,New Lead,Priya Sharma,2026-02-28,2026-06-21,Dropped,62,High,52,UK,Not Eligible
ST2500,Vidhi Bath,Male,25,Pune,Maharashtra,BTech,ECE,8.68,5.7,Germany,Artificial Intelligence,1428313,Yes,WhatsApp,Contacted,Rohit Gupta,2026-02-28,2026-03-13,Inactive,80,Medium,78,Germany,Merit Scholarship
ST2501,Girindra Tank,Female,26,Bangalore,Karnataka,BBA,ECE,7.47,5.9,UK,Business Analytics,3421075,No,Seminar,Counseling,Sneha Jain,2025-08-20,2025-09-16,Active,68,Medium,78,UK,Not Eligible
ST2502,Omisha Ramanathan,Female,18,Delhi,Delhi,BBA,Marketing,6.59,7.1,Australia,Cyber Security,1880114,No,Seminar,Counseling,Priya Sharma,2025-08-27,2025-10-26,Inactive,60,Medium,70,Canada,Not Eligible
ST2503,Anjali Ahuja,Male,21,Pune,Maharashtra,BA,ECE,7.87,6.0,Australia,Business Analytics,2948496,Yes,WhatsApp,Documents,Amit Verma,2024-08-16,2024-11-21,Inactive,79,Low,83,Australia,Partial Scholarship
ST2504,Widisha Murty,Female,27,Mumbai,Maharashtra,BCom,ECE,9.48,8.4,Australia,Data Science,2394005,Yes,Website,Counseling,Rahul Singh,2024-10-31,2024-12-28,Dropped,99,Low,100,Canada,Merit Scholarship
ST2505,Henry Salvi,Female,26,Bangalore,Karnataka,BTech,Marketing,9.14,8.3,Australia,MBA,1151753,Yes,Instagram,Application,Rahul Singh,2025-02-04,2025-04-23,Active,95,Low,100,Germany,Merit Scholarship
ST2506,Dominic Behl,Male,25,Pune,Maharashtra,BSc,Finance,6.27,8.4,UK,MBA,1080752,Yes,Seminar,New Lead,Priya Sharma,2024-07-02,2024-08-17,Dropped,71,Low,81,Germany,Not Eligible
ST2507,Yashica Pradhan,Male,24,Bhopal,Madhya Pradesh,BCom,CSE,6.41,6.1,Canada,Computer Science,1003095,No,Referral,Contacted,Amit Verma,2025-07-09,2025-07-29,Inactive,78,Medium,74,Germany,Not Eligible
ST2508,Amara Kade,Female,21,Chennai,Tamil Nadu,BCom,Finance,8.39,6.5,Australia,Finance,2212525,No,Seminar,Visa,Priya Sharma,2024-06-30,2024-10-21,Active,98,Low,93,Australia,Partial Scholarship
ST2509,Chandani Bir,Male,25,Ahmedabad,Gujarat,BSc,IT,8.85,6.3,Australia,Artificial Intelligence,2061059,Yes,Instagram,Application,Rahul Singh,2024-11-16,2024-11-28,Dropped,96,Low,95,Australia,Merit Scholarship
ST2510,Kai Chahal,Male,23,Hyderabad,Telangana,BSc,ECE,9.48,6.4,UK,Cyber Security,2589579,Yes,Seminar,New Lead,Amit Verma,2025-06-15,2025-07-23,Inactive,99,Low,100,UK,Merit Scholarship
ST2511,Mohammed Memon,Female,19,Mumbai,Maharashtra,BTech,Marketing,8.22,6.3,Canada,Business Analytics,2837255,No,Seminar,Contacted,Rahul Singh,2025-05-05,2025-06-28,Inactive,83,Low,89,Canada,Partial Scholarship
ST2512,Chandani Gade,Female,22,Pune,Maharashtra,BBA,IT,6.38,7.1,Germany,Cyber Security,967606,No,WhatsApp,Documents,Rohit Gupta,2026-02-20,2026-05-31,Dropped,63,Medium,68,Germany,Not Eligible
ST2513,Ayaan Patla,Female,18,Pune,Maharashtra,BCom,IT,8.5,7.8,Canada,Cyber Security,2131282,Yes,Referral,New Lead,Rohit Gupta,2024-10-12,2024-12-14,Active,99,Low,100,Canada,Merit Scholarship
ST2514,Eesha Chacko,Male,23,Hyderabad,Telangana,BBA,Biotechnology,8.43,5.9,UK,Data Science,2179794,Yes,Website,Contacted,Rahul Singh,2026-02-13,2026-04-13,Inactive,95,Low,88,UK,Partial Scholarship
ST2515,Girish Bahri,Male,24,Hyderabad,Telangana,BSc,ECE,9.56,8.2,Australia,Computer Science,2655633,Yes,Website,Application,Rahul Singh,2025-04-01,2025-06-03,Inactive,99,Low,100,Canada,Merit Scholarship
ST2516,Ikbal Chatterjee,Male,26,Pune,Maharashtra,BCom,Biotechnology,9.54,7.2,Australia,Computer Science,2220417,Yes,WhatsApp,New Lead,Rohit Gupta,2025-10-31,2026-02-07,Active,92,Low,100,Canada,Merit Scholarship
ST2517,Peter Ratti,Female,22,Mumbai,Maharashtra,BBA,Finance,9.21,7.5,Canada,Cyber Security,2353101,Yes,Website,Counseling,Rahul Singh,2025-11-06,2026-02-21,Dropped,99,Low,100,Canada,Merit Scholarship
ST2518,Niharika Baria,Female,27,Jaipur,Rajasthan,BBA,Marketing,7.07,7.7,Australia,Business Analytics,1716197,No,Seminar,New Lead,Amit Verma,2025-10-28,2026-01-14,Dropped,87,Low,82,Canada,Not Eligible
ST2519,Samesh Mann,Female,27,Pune,Maharashtra,BSc,Biotechnology,7.98,6.9,Canada,Artificial Intelligence,2731078,Yes,WhatsApp,Contacted,Rohit Gupta,2024-07-24,2024-09-03,Active,99,Low,93,Canada,Partial Scholarship
ST2520,Avi Dhar,Female,19,Jaipur,Rajasthan,BSc,Biotechnology,6.47,6.1,Canada,MBA,1275003,No,Seminar,Documents,Rahul Singh,2025-11-18,2025-12-15,Inactive,58,High,59,Germany,Not Eligible
ST2521,Kai Bera,Male,22,Indore,Madhya Pradesh,BSc,CSE,7.56,7.4,Australia,Business Analytics,2878321,No,Website,Application,Sneha Jain,2026-05-04,2026-07-06,Inactive,96,Low,94,Canada,Partial Scholarship
ST2522,Advaith Prakash,Female,28,Mumbai,Maharashtra,BCom,IT,6.53,5.9,Canada,Data Science,853897,No,Instagram,Documents,Sneha Jain,2026-04-16,2026-06-28,Active,55,High,59,Germany,Not Eligible
ST2523,Tanveer Dhar,Female,21,Delhi,Delhi,BCom,Marketing,7.92,6.5,Australia,Computer Science,2829913,Yes,Referral,Contacted,Rohit Gupta,2026-05-28,2026-06-15,Dropped,99,Low,100,Australia,Partial Scholarship
ST2524,Ishanvi Nagy,Female,23,Pune,Maharashtra,BBA,IT,9.18,6.2,Canada,Business Analytics,2568107,Yes,Instagram,Documents,Rohit Gupta,2026-04-01,2026-06-08,Dropped,97,Low,98,Canada,Merit Scholarship
ST2525,Urvashi Grewal,Female,28,Bangalore,Karnataka,BCom,Marketing,9.33,7.6,Australia,Finance,3332705,Yes,WhatsApp,Contacted,Sneha Jain,2026-05-22,2026-07-12,Inactive,99,Low,100,Canada,Merit Scholarship
ST2526,Shivani Menon,Male,24,Mumbai,Maharashtra,BCom,Mechanical,7.8,8.3,Australia,Cyber Security,1585564,Yes,Website,Enrolled,Rahul Singh,2024-12-23,2025-04-01,Converted,91,Low,96,Canada,Partial Scholarship
ST2527,Tanish Seth,Male,28,Pune,Maharashtra,BTech,IT,9.42,6.9,Germany,Finance,1244641,Yes,WhatsApp,Counseling,Priya Sharma,2025-09-17,2025-11-25,Active,99,Low,98,Germany,Merit Scholarship
ST2528,Divya Hari,Male,18,Pune,Maharashtra,BCom,Finance,6.78,6.2,UK,Computer Science,1598836,Yes,Seminar,Visa,Rohit Gupta,2025-08-09,2025-10-27,Active,58,Medium,64,UK,Not Eligible
ST2529,Noah Amble,Female,26,Jaipur,Rajasthan,BTech,ECE,7.74,6.1,UK,Finance,1676859,No,Instagram,Enrolled,Rohit Gupta,2025-08-15,2025-10-22,Converted,73,Medium,72,UK,Partial Scholarship
ST2530,Damyanti Kashyap,Female,23,Bhopal,Madhya Pradesh,BSc,Marketing,8.92,6.9,Australia,MBA,3355844,Yes,Instagram,Visa,Priya Sharma,2026-01-11,2026-03-23,Active,99,Low,100,Australia,Merit Scholarship
ST2531,Shivansh Uppal,Male,23,Mumbai,Maharashtra,BSc,Marketing,8.38,7.4,UK,Artificial Intelligence,3297185,No,Referral,Visa,Amit Verma,2025-07-07,2025-07-26,Converted,93,Low,100,Canada,Partial Scholarship
ST2532,Vasudha Thakkar,Female,24,Indore,Madhya Pradesh,BTech,Marketing,9.11,5.8,Australia,Cyber Security,2671143,Yes,Seminar,Visa,Sneha Jain,2025-07-05,2025-10-07,Converted,98,Low,93,Australia,Merit Scholarship
ST2533,Yahvi Garde,Male,26,Bhopal,Madhya Pradesh,BSc,IT,7.77,7.8,Canada,Data Science,944103,No,Seminar,Offer Letter,Sneha Jain,2026-05-10,2026-08-30,Dropped,85,Low,90,Germany,Partial Scholarship
ST2534,Omisha Iyengar,Female,21,Delhi,Delhi,BSc,ECE,6.96,7.6,Canada,Computer Science,2904587,Yes,Instagram,Application,Priya Sharma,2025-11-26,2026-03-20,Inactive,84,Low,89,Canada,Not Eligible
ST2535,Yashodhara Mutti,Female,27,Ahmedabad,Gujarat,BTech,Mechanical,7.3,5.6,Australia,Finance,1646442,No,WhatsApp,Counseling,Amit Verma,2025-03-14,2025-05-07,Dropped,69,Medium,62,Australia,Not Eligible
ST2536,Qarin Mandal,Male,22,Ahmedabad,Gujarat,BTech,Biotechnology,7.58,7.9,Canada,Artificial Intelligence,1736396,No,Seminar,Enrolled,Amit Verma,2024-11-04,2025-02-27,Converted,96,Low,89,Canada,Partial Scholarship
ST2537,Pranav Korpal,Female,26,Bangalore,Karnataka,BTech,CSE,8.88,7.2,UK,Finance,1993017,Yes,Seminar,New Lead,Rohit Gupta,2024-06-26,2024-09-26,Dropped,87,Low,95,Canada,Merit Scholarship
ST2538,Kabir Merchant,Female,25,Hyderabad,Telangana,BSc,Finance,7.02,5.6,USA,Cyber Security,2714806,Yes,Website,Application,Amit Verma,2024-06-18,2024-06-21,Inactive,62,Medium,70,USA,Not Eligible
ST2539,Pavani Majumdar,Female,23,Pune,Maharashtra,BSc,Mechanical,6.91,7.2,Australia,Finance,3051518,No,Seminar,Contacted,Sneha Jain,2025-01-24,2025-05-02,Dropped,95,Low,86,Canada,Not Eligible
ST2540,Jai Karan,Female,25,Bangalore,Karnataka,BTech,Marketing,7.5,7.2,Australia,Business Analytics,2086456,No,Website,Offer Letter,Rahul Singh,2024-08-15,2024-09-19,Inactive,85,Low,92,Canada,Partial Scholarship
ST2541,Aradhana Raju,Female,19,Ahmedabad,Gujarat,BCom,ECE,7.74,8.0,UK,Business Analytics,1963313,No,Referral,New Lead,Sneha Jain,2025-06-08,2025-07-26,Active,94,Low,100,Canada,Partial Scholarship
ST2542,Turvi Mangal,Male,20,Bhopal,Madhya Pradesh,BBA,IT,8.1,7.0,Germany,Artificial Intelligence,1235235,No,Seminar,New Lead,Rohit Gupta,2026-05-10,2026-07-08,Active,87,Low,85,Germany,Partial Scholarship
ST2543,Vinaya Chakrabarti,Male,19,Chennai,Tamil Nadu,BBA,Mechanical,8.97,7.6,Australia,MBA,2913956,Yes,Website,Offer Letter,Priya Sharma,2025-11-26,2025-12-27,Active,99,Low,100,Canada,Merit Scholarship
ST2544,Bina Arya,Male,27,Pune,Maharashtra,BTech,Mechanical,9.45,7.1,UK,MBA,3225692,Yes,Website,Documents,Priya Sharma,2025-02-09,2025-04-24,Active,94,Low,100,Canada,Merit Scholarship
ST2545,Sai Patla,Female,28,Bhopal,Madhya Pradesh,BTech,IT,6.66,7.9,UK,Computer Science,3399431,Yes,WhatsApp,Counseling,Rohit Gupta,2024-11-10,2025-01-16,Dropped,89,Low,90,Canada,Not Eligible
ST2546,Mahika Srivastava,Male,24,Bhopal,Madhya Pradesh,BTech,IT,7.13,8.2,Australia,Business Analytics,1458632,No,Seminar,Contacted,Priya Sharma,2025-02-23,2025-03-26,Dropped,88,Low,87,Germany,Not Eligible
ST2547,Warinder Vora,Female,19,Indore,Madhya Pradesh,BSc,ECE,7.11,7.6,Canada,MBA,1191919,No,WhatsApp,Offer Letter,Sneha Jain,2025-10-26,2025-11-17,Active,71,Low,81,Germany,Not Eligible
ST2548,Agastya Jayaraman,Male,19,Mumbai,Maharashtra,BTech,IT,8.89,5.6,Canada,MBA,2763611,Yes,WhatsApp,Documents,Rohit Gupta,2026-02-04,2026-05-13,Inactive,80,Low,88,Canada,Merit Scholarship
ST2549,Prisha Divan,Female,20,Ahmedabad,Gujarat,BA,Marketing,9.43,5.7,Australia,Finance,3144800,Yes,WhatsApp,New Lead,Sneha Jain,2025-05-22,2025-06-04,Active,99,Low,96,Australia,Merit Scholarship
ST2550,Lakshmi Balakrishnan,Female,20,Mumbai,Maharashtra,BTech,IT,9.0,6.0,Germany,Data Science,849716,Yes,Instagram,Counseling,Priya Sharma,2025-11-26,2026-03-07,Dropped,89,Low,85,Germany,Merit Scholarship
ST2551,Gaurang Taneja,Male,25,Delhi,Delhi,BSc,ECE,9.5,7.8,Canada,Cyber Security,2918621,Yes,Seminar,Counseling,Rahul Singh,2026-01-18,2026-02-28,Dropped,91,Low,100,Canada,Merit Scholarship
ST2552,Ikshita Singh,Male,28,Jaipur,Rajasthan,BA,IT,9.63,6.7,UK,Finance,1682874,Yes,Instagram,Visa,Amit Verma,2024-07-13,2024-09-19,Active,99,Low,98,UK,Merit Scholarship
ST2553,Ishaan Ray,Female,23,Ahmedabad,Gujarat,BA,Marketing,9.05,6.2,Australia,Computer Science,2255671,Yes,Referral,Application,Priya Sharma,2026-05-12,2026-06-21,Inactive,92,Low,100,Australia,Merit Scholarship
ST2554,Meera Nayak,Female,23,Hyderabad,Telangana,BCom,Marketing,7.76,8.4,Australia,Artificial Intelligence,2657149,No,Website,Offer Letter,Rohit Gupta,2024-09-01,2024-12-01,Dropped,96,Low,100,Canada,Partial Scholarship
ST2555,Diya Verma,Male,22,Bhopal,Madhya Pradesh,BA,Finance,9.1,6.0,Australia,Cyber Security,1885672,Yes,Referral,Contacted,Amit Verma,2026-03-21,2026-04-12,Dropped,99,Low,100,Australia,Merit Scholarship
ST2556,Brijesh Bains,Female,19,Mumbai,Maharashtra,BCom,Marketing,8.27,8.1,Australia,Business Analytics,2985606,Yes,Website,Enrolled,Priya Sharma,2024-08-09,2024-10-18,Converted,99,Low,100,Canada,Partial Scholarship
ST2557,Jason Bhat,Female,20,Jaipur,Rajasthan,BSc,Mechanical,6.94,8.0,UK,MBA,1378639,Yes,Referral,Application,Rahul Singh,2025-06-09,2025-08-12,Dropped,99,Low,99,Germany,Not Eligible
ST2558,Meghana Bala,Male,23,Chennai,Tamil Nadu,BA,Biotechnology,8.28,8.2,Canada,Cyber Security,3030761,Yes,Instagram,New Lead,Priya Sharma,2025-07-25,2025-09-01,Inactive,90,Low,100,Canada,Partial Scholarship
ST2559,Benjamin Prabhu,Female,25,Ahmedabad,Gujarat,BCom,CSE,9.1,6.2,Australia,Artificial Intelligence,2081428,Yes,Instagram,Enrolled,Sneha Jain,2024-09-12,2024-12-13,Converted,99,Low,97,Australia,Merit Scholarship
ST2560,Leela Suresh,Female,26,Delhi,Delhi,BTech,IT,8.81,8.0,UK,Cyber Security,2772573,Yes,Website,Counseling,Rahul Singh,2025-06-21,2025-08-31,Inactive,99,Low,100,Canada,Merit Scholarship
ST2561,Qushi Tiwari,Female,28,Hyderabad,Telangana,BSc,Marketing,8.45,6.6,UK,MBA,3363208,No,Seminar,Enrolled,Sneha Jain,2024-07-23,2024-10-03,Converted,85,Low,94,UK,Partial Scholarship
ST2562,Jagdish Issac,Female,22,Hyderabad,Telangana,BBA,Biotechnology,7.98,7.2,Canada,MBA,3367419,No,Referral,New Lead,Rahul Singh,2025-01-22,2025-03-02,Active,99,Low,100,Canada,Partial Scholarship
ST2563,Girish Kant,Female,25,Bhopal,Madhya Pradesh,BA,IT,6.68,6.2,USA,MBA,2973507,Yes,Referral,New Lead,Rahul Singh,2025-11-18,2026-03-16,Active,87,Low,88,USA,Not Eligible
ST2564,Neha Doshi,Male,23,Delhi,Delhi,BCom,ECE,7.85,6.3,UK,Finance,2339887,Yes,Seminar,Documents,Amit Verma,2024-12-11,2025-03-12,Active,93,Low,85,UK,Partial Scholarship
ST2565,Sneha Varghese,Female,24,Chennai,Tamil Nadu,BBA,IT,8.57,5.9,Australia,Computer Science,2089508,Yes,Website,Visa,Amit Verma,2026-03-30,2026-06-12,Converted,87,Low,89,Australia,Merit Scholarship
ST2566,Nandini Prabhakar,Female,19,Bhopal,Madhya Pradesh,BCom,Marketing,8.65,6.3,Canada,Data Science,3313534,Yes,WhatsApp,Offer Letter,Amit Verma,2025-07-26,2025-10-15,Dropped,93,Low,93,Canada,Merit Scholarship
ST2567,Wridesh Sankaran,Male,20,Delhi,Delhi,BBA,ECE,9.39,6.8,Australia,Finance,3172189,Yes,Referral,Contacted,Sneha Jain,2026-03-17,2026-05-02,Active,99,Low,100,Australia,Merit Scholarship
ST2568,Ikshita Shroff,Female,22,Indore,Madhya Pradesh,BTech,Finance,6.98,7.6,UK,Cyber Security,1683612,No,WhatsApp,Contacted,Amit Verma,2024-06-06,2024-07-03,Inactive,73,Medium,79,Canada,Not Eligible
ST2569,Indrajit Suri,Male,19,Mumbai,Maharashtra,BBA,Mechanical,7.72,6.9,Australia,Finance,2137739,Yes,Referral,Counseling,Sneha Jain,2025-07-14,2025-10-22,Inactive,99,Low,100,Australia,Partial Scholarship
ST2570,Yashica Narayanan,Female,21,Bangalore,Karnataka,BSc,Biotechnology,6.42,6.1,USA,Computer Science,2664372,No,Website,Enrolled,Rohit Gupta,2025-12-16,2026-03-29,Converted,65,Medium,69,USA,Not Eligible
ST2571,Nisha Pradhan,Female,20,Delhi,Delhi,BSc,Biotechnology,8.17,6.9,UK,Data Science,1794706,No,Website,Contacted,Sneha Jain,2024-08-23,2024-08-24,Active,79,Low,85,UK,Partial Scholarship
ST2572,Warda Chacko,Male,24,Indore,Madhya Pradesh,BTech,CSE,6.24,6.1,Australia,Business Analytics,2248174,Yes,Referral,Application,Sneha Jain,2024-08-31,2024-11-12,Active,74,Low,82,Australia,Not Eligible
ST2573,Mekhala Anne,Male,27,Ahmedabad,Gujarat,BA,IT,8.05,7.0,Australia,Artificial Intelligence,3026714,Yes,WhatsApp,Application,Rahul Singh,2024-11-27,2024-12-22,Inactive,98,Low,95,Canada,Partial Scholarship
ST2574,Chakradhar Bahri,Female,27,Ahmedabad,Gujarat,BTech,IT,8.04,7.5,Canada,Data Science,3212112,Yes,Instagram,Counseling,Amit Verma,2026-05-06,2026-07-20,Active,99,Low,100,Canada,Partial Scholarship
ST2575,Lakshit Vohra,Male,18,Pune,Maharashtra,BA,Finance,6.3,6.6,Germany,Data Science,1307877,No,WhatsApp,Documents,Sneha Jain,2024-06-06,2024-09-05,Dropped,53,Medium,62,Germany,Not Eligible
ST2576,Aradhana Gera,Female,25,Indore,Madhya Pradesh,BSc,ECE,9.26,7.6,Australia,Data Science,2839041,Yes,Referral,Enrolled,Sneha Jain,2025-05-14,2025-07-27,Converted,92,Low,100,Canada,Merit Scholarship
ST2577,Jyoti Malhotra,Male,24,Chennai,Tamil Nadu,BA,Finance,6.31,6.3,USA,Computer Science,3452428,Yes,Website,Visa,Sneha Jain,2026-05-25,2026-07-14,Active,75,Medium,70,USA,Not Eligible
ST2578,Omya Ratta,Male,25,Hyderabad,Telangana,BSc,Mechanical,6.18,8.2,Canada,Business Analytics,1191647,Yes,Seminar,Contacted,Sneha Jain,2025-03-05,2025-05-22,Dropped,67,Medium,77,Germany,Not Eligible
ST2579,Pranit Bassi,Female,25,Jaipur,Rajasthan,BA,IT,6.61,6.7,Australia,Artificial Intelligence,2862640,Yes,WhatsApp,New Lead,Amit Verma,2025-11-09,2025-12-14,Inactive,86,Medium,78,Australia,Not Eligible
ST2580,Onkar Acharya,Female,28,Indore,Madhya Pradesh,BTech,IT,7.32,6.6,Australia,Cyber Security,3387130,No,Website,Enrolled,Sneha Jain,2025-05-25,2025-06-06,Converted,83,Low,83,Australia,Not Eligible
ST2581,Charita Chaudhry,Female,20,Indore,Madhya Pradesh,BA,Mechanical,7.98,6.2,Canada,Artificial Intelligence,2786443,Yes,Instagram,Contacted,Priya Sharma,2025-06-29,2025-08-15,Active,80,Low,86,Canada,Partial Scholarship
ST2582,Inaya Doctor,Female,27,Jaipur,Rajasthan,BCom,Biotechnology,7.83,7.5,UK,Finance,3377870,Yes,Referral,Enrolled,Rahul Singh,2025-05-20,2025-06-20,Converted,99,Low,100,Canada,Partial Scholarship
ST2583,Vritti Bhatnagar,Female,24,Indore,Madhya Pradesh,BTech,Marketing,8.91,5.6,Australia,Cyber Security,3432394,Yes,Instagram,Application,Priya Sharma,2025-10-15,2026-02-11,Active,88,Low,89,Australia,Merit Scholarship
ST2584,Wridesh Khare,Male,24,Ahmedabad,Gujarat,BSc,IT,8.37,6.6,USA,Business Analytics,3163807,Yes,WhatsApp,Contacted,Sneha Jain,2025-12-12,2026-02-23,Inactive,98,Low,93,USA,Partial Scholarship
ST2585,Anirudh Dass,Female,18,Bangalore,Karnataka,BCom,CSE,7.09,8.2,UK,Business Analytics,2059438,Yes,Website,Documents,Priya Sharma,2026-04-27,2026-08-19,Inactive,99,Low,96,Canada,Not Eligible
ST2586,Mitali Madan,Female,21,Bangalore,Karnataka,BTech,ECE,9.8,8.4,Canada,Finance,2057240,Yes,Seminar,Visa,Sneha Jain,2025-06-02,2025-08-18,Converted,99,Low,100,Canada,Merit Scholarship
ST2587,Sai Varkey,Male,26,Mumbai,Maharashtra,BBA,ECE,6.13,6.9,Canada,Computer Science,2505264,Yes,Website,New Lead,Priya Sharma,2025-07-31,2025-08-27,Dropped,80,Medium,75,Canada,Not Eligible
ST2588,Bhavna Koshy,Male,22,Chennai,Tamil Nadu,BSc,IT,7.14,6.2,Canada,Computer Science,2814102,Yes,Website,Offer Letter,Rahul Singh,2024-08-24,2024-09-28,Active,73,Medium,78,Canada,Not Eligible
ST2589,Rachit Seth,Female,23,Jaipur,Rajasthan,BTech,Biotechnology,8.39,6.0,Canada,Finance,1058759,Yes,Referral,Offer Letter,Sneha Jain,2025-10-26,2025-12-15,Dropped,83,Low,93,Germany,Partial Scholarship
ST2590,Alka Setty,Female,28,Bhopal,Madhya Pradesh,BA,IT,8.51,8.4,UK,Finance,1093575,Yes,Website,Visa,Amit Verma,2025-06-12,2025-07-17,Converted,99,Low,100,Germany,Merit Scholarship
ST2591,Anjali Radhakrishnan,Female,25,Hyderabad,Telangana,BBA,Mechanical,8.32,7.0,Canada,Finance,3332802,Yes,Website,New Lead,Priya Sharma,2026-04-29,2026-08-11,Inactive,98,Low,98,Canada,Partial Scholarship
ST2592,Dalaja Nanda,Male,27,Hyderabad,Telangana,BSc,Finance,9.38,6.4,USA,Computer Science,3327024,Yes,Instagram,Enrolled,Priya Sharma,2024-11-09,2024-11-20,Converted,97,Low,100,USA,Merit Scholarship
ST2593,Jason Dada,Female,25,Mumbai,Maharashtra,BCom,ECE,9.29,6.8,UK,Data Science,2895394,Yes,Seminar,Application,Rohit Gupta,2024-09-19,2025-01-02,Inactive,99,Low,100,UK,Merit Scholarship
ST2594,Kashvi Batta,Male,21,Pune,Maharashtra,BA,Mechanical,7.2,7.8,Canada,Cyber Security,2847860,No,WhatsApp,Counseling,Amit Verma,2024-12-12,2024-12-22,Active,99,Low,95,Canada,Not Eligible
ST2595,Siddharth Manne,Female,22,Delhi,Delhi,BA,Finance,6.97,7.4,UK,Data Science,2648260,No,Referral,Contacted,Sneha Jain,2026-01-25,2026-05-22,Active,94,Low,100,Canada,Not Eligible
ST2596,Vihaan Shanker,Male,28,Chennai,Tamil Nadu,BSc,Biotechnology,9.54,6.2,UK,MBA,1974750,Yes,Instagram,Offer Letter,Rahul Singh,2025-05-06,2025-07-13,Active,99,Low,92,UK,Merit Scholarship
ST2597,Maya Vora,Female,28,Mumbai,Maharashtra,BBA,IT,9.38,7.2,Canada,Finance,2898983,Yes,Referral,Visa,Sneha Jain,2024-06-05,2024-08-24,Active,99,Low,100,Canada,Merit Scholarship
ST2598,Ranbir Halder,Female,28,Mumbai,Maharashtra,BTech,CSE,9.17,7.1,Australia,Business Analytics,1505949,Yes,WhatsApp,Counseling,Sneha Jain,2025-08-27,2025-10-14,Active,99,Low,96,Canada,Merit Scholarship
ST2599,Daksha Mander,Female,20,Mumbai,Maharashtra,BCom,Mechanical,8.44,6.6,UK,Cyber Security,1697862,No,Referral,Counseling,Rahul Singh,2024-06-06,2024-07-19,Active,99,Low,99,UK,Partial Scholarship
ST2600,Parth Nagarajan,Male,19,Ahmedabad,Gujarat,BSc,IT,7.43,7.6,Canada,MBA,1860308,Yes,Instagram,Enrolled,Priya Sharma,2026-04-15,2026-06-24,Converted,93,Low,84,Canada,Not Eligible
ST2601,Yashica Peri,Female,28,Hyderabad,Telangana,BSc,Mechanical,8.8,7.2,UK,Business Analytics,3391950,Yes,Seminar,Documents,Priya Sharma,2025-08-21,2025-10-11,Inactive,99,Low,100,Canada,Merit Scholarship
ST2602,Oliver Bal,Male,18,Mumbai,Maharashtra,BBA,Mechanical,7.51,7.5,UK,Artificial Intelligence,1069077,Yes,Seminar,Visa,Rahul Singh,2024-10-14,2024-12-11,Converted,81,Low,85,Germany,Partial Scholarship
ST2603,Dakshesh Kar,Female,26,Hyderabad,Telangana,BTech,Finance,7.61,8.0,Canada,Cyber Security,1185618,No,Instagram,Offer Letter,Amit Verma,2025-03-29,2025-05-17,Active,83,Low,91,Germany,Partial Scholarship
ST2604,Reva Joshi,Male,25,Ahmedabad,Gujarat,BSc,CSE,6.49,7.4,Germany,Data Science,1073183,No,Seminar,Offer Letter,Amit Verma,2025-05-24,2025-08-31,Inactive,75,Medium,73,Germany,Not Eligible
ST2605,Ekansh Dani,Female,27,Bangalore,Karnataka,BBA,Mechanical,7.92,7.8,Canada,MBA,943698,No,Seminar,Documents,Priya Sharma,2024-08-11,2024-08-12,Active,99,Low,92,Germany,Partial Scholarship
ST2606,Kiaan Garde,Female,26,Indore,Madhya Pradesh,BA,IT,7.15,6.1,Canada,Data Science,1062249,No,Referral,Application,Rohit Gupta,2026-04-09,2026-04-16,Inactive,90,Low,81,Germany,Not Eligible
ST2607,Pranit Arora,Female,28,Chennai,Tamil Nadu,BBA,IT,6.31,6.1,Canada,Business Analytics,1437298,Yes,WhatsApp,Application,Amit Verma,2025-04-19,2025-06-22,Inactive,64,High,58,Germany,Not Eligible
ST2608,Yutika Naik,Female,25,Indore,Madhya Pradesh,BTech,Biotechnology,6.43,6.6,UK,Data Science,2042552,No,WhatsApp,New Lead,Rahul Singh,2026-03-15,2026-03-23,Dropped,78,Medium,74,UK,Not Eligible
ST2609,Gaurika Zachariah,Female,27,Ahmedabad,Gujarat,BBA,CSE,7.51,5.9,Canada,Finance,3133830,No,Instagram,Contacted,Priya Sharma,2024-09-17,2025-01-11,Active,69,Medium,79,Canada,Partial Scholarship
ST2610,Tejas Mitter,Male,27,Delhi,Delhi,BCom,ECE,9.02,7.7,Canada,Artificial Intelligence,3164815,Yes,Website,Counseling,Rohit Gupta,2025-06-10,2025-08-30,Dropped,90,Low,100,Canada,Merit Scholarship
ST2611,Unnati Kannan,Female,27,Pune,Maharashtra,BTech,Finance,7.67,5.9,Canada,Artificial Intelligence,2523178,Yes,WhatsApp,New Lead,Amit Verma,2026-04-05,2026-05-26,Dropped,86,Low,80,Canada,Partial Scholarship
ST2612,Rajata Suri,Female,23,Hyderabad,Telangana,BTech,Finance,9.76,6.5,Canada,Cyber Security,1235836,Yes,Instagram,Enrolled,Rohit Gupta,2026-03-27,2026-05-03,Converted,93,Low,97,Germany,Merit Scholarship
ST2613,Vritti Behl,Female,18,Indore,Madhya Pradesh,BSc,Marketing,7.96,6.5,Canada,Finance,2217567,Yes,Website,Documents,Rohit Gupta,2024-11-06,2024-11-11,Dropped,95,Low,89,Canada,Partial Scholarship
ST2614,Mitesh Luthra,Female,22,Indore,Madhya Pradesh,BSc,ECE,9.43,7.5,UK,Computer Science,2308822,Yes,Instagram,New Lead,Rahul Singh,2025-01-29,2025-04-22,Inactive,99,Low,100,Canada,Merit Scholarship
ST2615,Robert Krishna,Male,21,Mumbai,Maharashtra,BBA,Biotechnology,6.06,7.1,Canada,Cyber Security,1336398,No,Referral,Enrolled,Priya Sharma,2026-02-14,2026-02-22,Converted,87,Low,80,Germany,Not Eligible
ST2616,Jeevika Sandal,Female,23,Jaipur,Rajasthan,BBA,ECE,6.9,7.7,Canada,Finance,1529975,No,Instagram,Application,Rohit Gupta,2025-05-14,2025-06-23,Inactive,87,Low,81,Canada,Not Eligible
ST2617,Upasna Sandhu,Male,21,Bangalore,Karnataka,BTech,Marketing,6.01,5.7,Canada,Business Analytics,1655792,Yes,Referral,Offer Letter,Rohit Gupta,2024-07-03,2024-07-28,Dropped,74,Medium,67,Canada,Not Eligible
ST2618,Maanav Korpal,Male,21,Delhi,Delhi,BA,Mechanical,8.0,8.0,UK,Finance,2080322,No,Instagram,Application,Sneha Jain,2025-06-16,2025-07-18,Active,92,Low,100,Canada,Partial Scholarship
ST2619,Aarush Rau,Male,25,Ahmedabad,Gujarat,BTech,CSE,7.95,7.7,Australia,Data Science,1944090,No,Website,Application,Amit Verma,2025-10-22,2026-01-10,Inactive,88,Low,91,Canada,Partial Scholarship
ST2620,Daksh Narayan,Male,20,Pune,Maharashtra,BSc,ECE,8.77,6.6,UK,MBA,2067953,Yes,Referral,Enrolled,Priya Sharma,2025-07-25,2025-11-19,Converted,90,Low,100,UK,Merit Scholarship
ST2621,Henry Minhas,Female,20,Delhi,Delhi,BCom,Biotechnology,7.79,8.3,Canada,Computer Science,807553,No,WhatsApp,Documents,Rahul Singh,2025-03-09,2025-05-20,Inactive,86,Low,95,Germany,Partial Scholarship
ST2622,Pahal Mishra,Female,27,Ahmedabad,Gujarat,BSc,Finance,8.11,7.7,Australia,Cyber Security,1929606,Yes,Referral,Visa,Rohit Gupta,2024-11-08,2025-01-07,Converted,99,Low,100,Canada,Partial Scholarship
ST2623,Tristan Sinha,Female,27,Chennai,Tamil Nadu,BCom,Marketing,8.93,6.7,Germany,Computer Science,1482505,Yes,Instagram,Documents,Priya Sharma,2025-11-13,2026-03-09,Dropped,81,Low,91,Germany,Merit Scholarship
ST2624,Aayush Shankar,Male,27,Pune,Maharashtra,BTech,CSE,6.62,7.4,Germany,Finance,1465080,Yes,Instagram,Visa,Rahul Singh,2025-04-12,2025-06-20,Converted,79,Medium,75,Germany,Not Eligible
ST2625,Isaiah Behl,Male,20,Chennai,Tamil Nadu,BCom,Biotechnology,8.37,7.6,Canada,MBA,3279438,No,Seminar,Enrolled,Rahul Singh,2026-05-03,2026-06-10,Converted,93,Low,100,Canada,Partial Scholarship
ST2626,Aditya Sinha,Male,27,Ahmedabad,Gujarat,BBA,CSE,7.43,6.0,Australia,Data Science,1977464,Yes,WhatsApp,Documents,Rahul Singh,2024-06-04,2024-07-11,Dropped,59,Medium,69,Australia,Not Eligible
ST2627,Krish Bhavsar,Male,26,Mumbai,Maharashtra,BTech,Biotechnology,8.49,7.9,Australia,Cyber Security,986984,No,Seminar,Offer Letter,Rohit Gupta,2025-07-30,2025-08-31,Active,90,Low,98,Germany,Partial Scholarship
ST2628,Theodore Choudhury,Male,26,Mumbai,Maharashtra,BCom,Biotechnology,6.95,7.8,Australia,Artificial Intelligence,2256163,Yes,Instagram,Contacted,Rohit Gupta,2025-03-27,2025-05-21,Dropped,98,Low,92,Canada,Not Eligible
ST2629,Pallavi Virk,Female,23,Hyderabad,Telangana,BSc,CSE,9.3,7.2,Canada,Computer Science,3366480,Yes,WhatsApp,Counseling,Rahul Singh,2024-12-03,2025-01-02,Inactive,99,Low,100,Canada,Merit Scholarship
ST2630,Anita Sawhney,Female,27,Ahmedabad,Gujarat,BA,ECE,8.08,8.2,UK,Computer Science,2207982,Yes,Referral,New Lead,Rohit Gupta,2025-08-01,2025-09-15,Active,99,Low,100,Canada,Partial Scholarship
ST2631,Saumya Kashyap,Female,27,Jaipur,Rajasthan,BBA,Marketing,9.46,6.6,UK,Finance,2307345,Yes,WhatsApp,Counseling,Amit Verma,2025-11-24,2026-01-18,Active,90,Low,100,UK,Merit Scholarship
ST2632,Zayyan Natt,Male,26,Mumbai,Maharashtra,BA,IT,9.41,7.8,UK,MBA,970545,Yes,Referral,New Lead,Sneha Jain,2025-09-24,2025-12-24,Inactive,99,Low,100,Germany,Merit Scholarship
ST2633,Brinda Pant,Female,27,Hyderabad,Telangana,BTech,ECE,8.01,7.8,UK,Artificial Intelligence,3056341,Yes,Instagram,New Lead,Priya Sharma,2025-01-10,2025-04-11,Inactive,98,Low,100,Canada,Partial Scholarship
ST2634,Zayyan Aurora,Female,19,Pune,Maharashtra,BBA,Marketing,8.09,7.9,Australia,Finance,2399595,No,Website,Offer Letter,Priya Sharma,2024-06-20,2024-07-12,Active,99,Low,100,Canada,Partial Scholarship
ST2635,Vamakshi Korpal,Male,20,Bangalore,Karnataka,BTech,ECE,7.85,5.8,Germany,MBA,1490278,No,Website,Offer Letter,Sneha Jain,2025-08-15,2025-09-08,Dropped,63,Medium,70,Germany,Partial Scholarship
ST2636,David Pradhan,Male,19,Bangalore,Karnataka,BCom,Finance,9.02,8.0,UK,Finance,1867959,Yes,Website,New Lead,Sneha Jain,2025-05-12,2025-09-05,Active,93,Low,100,Canada,Merit Scholarship
ST2637,Vedika Guha,Female,22,Chennai,Tamil Nadu,BCom,Finance,8.09,6.2,Canada,MBA,1533140,No,WhatsApp,New Lead,Rohit Gupta,2024-07-27,2024-08-28,Inactive,78,Medium,77,Canada,Partial Scholarship
ST2638,Gunbir Reddy,Male,20,Jaipur,Rajasthan,BTech,ECE,7.18,7.8,Australia,MBA,803388,No,WhatsApp,New Lead,Sneha Jain,2026-04-13,2026-07-09,Inactive,81,Low,84,Germany,Not Eligible
ST2639,Watika Kuruvilla,Male,25,Chennai,Tamil Nadu,BA,IT,9.45,7.1,USA,MBA,3301682,Yes,Website,Enrolled,Rahul Singh,2024-11-19,2024-11-22,Converted,96,Low,100,Canada,Merit Scholarship
ST2640,Kashvi Gopal,Male,26,Bhopal,Madhya Pradesh,BSc,Marketing,8.2,8.4,Canada,Computer Science,1660710,Yes,Seminar,Application,Amit Verma,2025-11-06,2025-11-25,Inactive,99,Low,100,Canada,Partial Scholarship
ST2641,Ekaraj Andra,Female,26,Hyderabad,Telangana,BTech,IT,8.71,7.0,Canada,Cyber Security,1503258,Yes,Instagram,New Lead,Amit Verma,2024-06-08,2024-08-21,Inactive,98,Low,92,Canada,Merit Scholarship
ST2642,Rachita Wable,Female,26,Bhopal,Madhya Pradesh,BCom,Biotechnology,8.63,6.1,Canada,Cyber Security,1215969,Yes,Seminar,Visa,Priya Sharma,2025-03-22,2025-05-18,Active,77,Low,81,Germany,Merit Scholarship
ST2643,Pranit More,Female,19,Mumbai,Maharashtra,BSc,Mechanical,9.24,8.5,Australia,Data Science,1006244,Yes,Seminar,Visa,Rohit Gupta,2026-04-14,2026-05-21,Active,91,Low,100,Germany,Merit Scholarship
ST2644,Zaitra Sarna,Female,18,Indore,Madhya Pradesh,BSc,Mechanical,7.13,5.8,Canada,Business Analytics,3126874,No,Seminar,Contacted,Amit Verma,2025-12-17,2026-03-17,Active,66,Medium,73,Canada,Not Eligible
ST2645,Bhavika Singhal,Male,23,Ahmedabad,Gujarat,BCom,Marketing,6.89,6.5,UK,MBA,1639180,No,Instagram,Contacted,Priya Sharma,2024-06-24,2024-10-04,Active,78,Medium,68,UK,Not Eligible
ST2646,Ikbal Chauhan,Female,19,Delhi,Delhi,BSc,Biotechnology,9.22,5.8,Canada,Computer Science,2869123,Yes,Seminar,Enrolled,Priya Sharma,2024-10-07,2025-01-31,Converted,84,Low,94,Canada,Merit Scholarship
ST2647,Wridesh Iyer,Female,21,Ahmedabad,Gujarat,BBA,Mechanical,7.39,6.6,UK,Cyber Security,1873804,Yes,Website,Offer Letter,Amit Verma,2026-05-02,2026-08-24,Inactive,74,Medium,73,UK,Not Eligible
ST2648,Gabriel Bhardwaj,Male,24,Pune,Maharashtra,BSc,Finance,8.45,5.6,Canada,Finance,1531957,Yes,WhatsApp,Enrolled,Rohit Gupta,2025-09-17,2026-01-03,Converted,79,Medium,74,Canada,Partial Scholarship
ST2649,Zarna Peri,Female,27,Delhi,Delhi,BCom,Biotechnology,9.24,6.4,Germany,Data Science,805248,Yes,WhatsApp,Counseling,Priya Sharma,2026-05-22,2026-09-13,Inactive,94,Low,91,Germany,Merit Scholarship
ST2650,Jeevika Walia,Male,26,Hyderabad,Telangana,BBA,Marketing,6.12,6.0,Canada,Computer Science,2814705,No,Seminar,Documents,Priya Sharma,2025-03-03,2025-06-19,Active,59,Medium,66,Canada,Not Eligible
ST2651,Gaurangi Raghavan,Female,26,Indore,Madhya Pradesh,BBA,ECE,6.57,7.3,Germany,Finance,1472140,No,Referral,Visa,Rohit Gupta,2025-12-25,2026-01-31,Converted,88,Low,88,Germany,Not Eligible
ST2652,Qadim Dayal,Female,20,Pune,Maharashtra,BCom,Mechanical,8.69,7.5,UK,Artificial Intelligence,3313847,Yes,WhatsApp,Contacted,Rohit Gupta,2025-02-21,2025-04-18,Active,97,Low,100,Canada,Merit Scholarship
ST2653,Manthan Sangha,Female,28,Indore,Madhya Pradesh,BTech,IT,7.8,5.7,UK,Finance,2784123,No,Instagram,Contacted,Rohit Gupta,2025-11-21,2026-01-09,Active,83,Low,80,UK,Partial Scholarship
ST2654,Harrison Borah,Female,20,Jaipur,Rajasthan,BSc,Marketing,9.64,8.1,Australia,Computer Science,979975,Yes,WhatsApp,Documents,Priya Sharma,2025-07-05,2025-08-19,Inactive,99,Low,100,Germany,Merit Scholarship
ST2655,Sanaya Kalita,Female,23,Chennai,Tamil Nadu,BBA,CSE,9.55,8.3,Australia,Finance,2249633,Yes,WhatsApp,Visa,Sneha Jain,2024-09-29,2025-01-27,Converted,92,Low,100,Canada,Merit Scholarship
ST2656,Devansh Salvi,Male,20,Indore,Madhya Pradesh,BCom,Biotechnology,7.56,6.1,Australia,Computer Science,3312657,No,Referral,Contacted,Sneha Jain,2025-03-18,2025-03-29,Inactive,93,Low,95,Australia,Partial Scholarship
ST2657,Chasmum Kapur,Female,27,Delhi,Delhi,BTech,Mechanical,6.1,8.4,UK,Cyber Security,2968958,No,Seminar,New Lead,Rahul Singh,2024-08-29,2024-10-28,Inactive,93,Low,89,Canada,Not Eligible
ST2658,Neel Kohli,Male,26,Delhi,Delhi,BSc,Finance,7.33,7.2,Canada,Artificial Intelligence,2282645,Yes,Instagram,Enrolled,Rohit Gupta,2026-02-20,2026-05-12,Converted,90,Low,90,Canada,Not Eligible
ST2659,Peter Arora,Male,20,Indore,Madhya Pradesh,BSc,Marketing,7.46,6.1,Canada,Computer Science,2312312,No,Website,Documents,Amit Verma,2025-08-06,2025-09-03,Inactive,87,Medium,79,Canada,Not Eligible
ST2660,Rudra Mukherjee,Male,24,Hyderabad,Telangana,BCom,Marketing,6.33,5.7,Canada,Cyber Security,2541168,Yes,WhatsApp,Counseling,Sneha Jain,2025-10-06,2026-01-23,Dropped,75,Medium,65,Canada,Not Eligible
ST2661,Fitan Bath,Male,23,Ahmedabad,Gujarat,BCom,CSE,7.41,6.3,Germany,Artificial Intelligence,937786,No,Instagram,Offer Letter,Rohit Gupta,2024-07-31,2024-10-08,Dropped,68,Medium,71,Germany,Not Eligible
ST2662,Janaki Setty,Male,23,Delhi,Delhi,BTech,Biotechnology,8.9,8.2,Canada,MBA,1592108,Yes,Seminar,Offer Letter,Amit Verma,2025-04-25,2025-05-10,Inactive,99,Low,100,Canada,Merit Scholarship
ST2663,Saanvi Pant,Female,28,Jaipur,Rajasthan,BSc,Mechanical,6.99,8.2,Canada,Finance,2873186,Yes,Referral,Application,Rohit Gupta,2024-11-07,2025-02-27,Dropped,99,Low,100,Canada,Not Eligible
ST2664,Chatresh Pal,Male,28,Ahmedabad,Gujarat,BA,IT,7.71,6.7,Canada,Data Science,3178939,No,WhatsApp,Counseling,Rohit Gupta,2024-08-07,2024-08-31,Active,81,Low,89,Canada,Partial Scholarship
ST2665,Hemang Naik,Male,20,Ahmedabad,Gujarat,BA,Mechanical,8.33,8.0,Canada,Computer Science,2242726,Yes,Referral,Documents,Amit Verma,2025-02-16,2025-05-08,Active,96,Low,100,Canada,Partial Scholarship
ST2666,Patrick Singhal,Male,24,Indore,Madhya Pradesh,BBA,Marketing,7.19,6.3,Australia,Cyber Security,2368195,Yes,Seminar,Application,Rohit Gupta,2024-12-24,2025-01-13,Inactive,85,Medium,78,Australia,Not Eligible
ST2667,Anamika Zachariah,Female,24,Ahmedabad,Gujarat,BCom,ECE,7.85,6.5,Canada,Computer Science,1729509,No,Instagram,New Lead,Amit Verma,2024-11-07,2024-12-11,Active,68,Medium,78,Canada,Partial Scholarship
ST2668,Naksh Jain,Male,26,Indore,Madhya Pradesh,BSc,Biotechnology,7.46,5.8,Germany,Business Analytics,1295936,No,Referral,Enrolled,Rohit Gupta,2026-02-23,2026-06-13,Converted,79,Low,81,Germany,Not Eligible
ST2669,Girik Khare,Male,24,Indore,Madhya Pradesh,BSc,CSE,7.36,7.9,Canada,Artificial Intelligence,2397213,Yes,Seminar,Application,Priya Sharma,2024-11-10,2024-12-12,Dropped,87,Low,97,Canada,Not Eligible
ST2670,Oni Gara,Female,27,Chennai,Tamil Nadu,BBA,ECE,7.37,7.9,Australia,Cyber Security,2475997,Yes,Instagram,Contacted,Rohit Gupta,2026-02-16,2026-02-24,Inactive,99,Low,97,Canada,Not Eligible
ST2671,Alka Amble,Female,28,Delhi,Delhi,BA,Biotechnology,6.69,6.8,UK,Finance,2370823,Yes,Website,New Lead,Amit Verma,2024-10-20,2024-11-22,Active,87,Medium,78,UK,Not Eligible
ST2672,Urishilla Atwal,Male,27,Bangalore,Karnataka,BSc,ECE,6.66,7.0,Germany,Data Science,888645,No,Referral,Offer Letter,Amit Verma,2025-03-27,2025-04-26,Active,91,Low,86,Germany,Not Eligible
ST2673,Ayushman Gola,Male,19,Indore,Madhya Pradesh,BBA,Mechanical,6.89,6.0,UK,Cyber Security,1881666,No,Referral,Counseling,Sneha Jain,2026-05-02,2026-05-05,Dropped,80,Medium,78,UK,Not Eligible
ST2674,Ranveer Tak,Male,26,Pune,Maharashtra,BCom,Biotechnology,8.08,6.0,Canada,Cyber Security,2117798,Yes,Seminar,Visa,Rahul Singh,2026-04-18,2026-05-05,Converted,86,Low,85,Canada,Partial Scholarship
ST2675,Liam Zacharia,Female,18,Pune,Maharashtra,BSc,Mechanical,8.88,8.3,UK,Business Analytics,3290107,Yes,Seminar,Visa,Rohit Gupta,2025-03-17,2025-05-04,Converted,99,Low,100,Canada,Merit Scholarship
ST2676,Edhitha Kata,Male,28,Chennai,Tamil Nadu,BBA,Mechanical,9.76,5.6,USA,MBA,3122211,Yes,Seminar,Contacted,Amit Verma,2024-12-01,2024-12-05,Inactive,99,Low,97,USA,Merit Scholarship
ST2677,Thomas Magar,Female,21,Hyderabad,Telangana,BTech,Finance,9.76,7.0,UK,Finance,2320824,Yes,Instagram,Visa,Priya Sharma,2026-03-27,2026-06-26,Active,99,Low,100,Canada,Merit Scholarship
ST2678,Janaki Murthy,Female,20,Mumbai,Maharashtra,BBA,CSE,9.23,6.0,UK,Artificial Intelligence,2318059,Yes,Website,Counseling,Sneha Jain,2024-12-31,2025-04-16,Inactive,96,Low,97,UK,Merit Scholarship
ST2679,Nisha Golla,Female,28,Indore,Madhya Pradesh,BTech,CSE,9.43,8.4,UK,Data Science,3078861,Yes,Seminar,Contacted,Rohit Gupta,2025-06-17,2025-06-27,Inactive,93,Low,100,Canada,Merit Scholarship
ST2680,Gautam Sandal,Male,23,Chennai,Tamil Nadu,BBA,Marketing,9.05,7.4,UK,Business Analytics,2127430,Yes,Seminar,Visa,Priya Sharma,2025-10-31,2025-11-09,Converted,99,Low,100,Canada,Merit Scholarship
ST2681,Indira Dixit,Female,27,Bangalore,Karnataka,BA,Finance,7.84,6.4,UK,Cyber Security,2530850,No,Referral,New Lead,Sneha Jain,2025-09-01,2025-09-12,Active,93,Low,100,UK,Partial Scholarship
ST2682,Anamika Mistry,Female,26,Mumbai,Maharashtra,BBA,IT,9.4,7.4,Germany,Finance,1467128,Yes,Instagram,Counseling,Sneha Jain,2026-01-22,2026-01-31,Inactive,99,Low,100,Germany,Merit Scholarship
ST2683,Veer Choudhury,Male,27,Ahmedabad,Gujarat,BTech,CSE,8.4,7.3,Australia,Cyber Security,3430348,Yes,Website,Offer Letter,Amit Verma,2024-07-16,2024-09-22,Inactive,90,Low,100,Canada,Partial Scholarship
ST2684,Anmol Swamy,Male,19,Pune,Maharashtra,BCom,IT,7.04,6.8,Canada,Cyber Security,1188602,No,WhatsApp,Offer Letter,Priya Sharma,2025-09-02,2025-11-25,Inactive,68,Medium,72,Germany,Not Eligible
ST2685,Ekta Kapadia,Female,20,Bhopal,Madhya Pradesh,BTech,ECE,8.62,8.0,Canada,Artificial Intelligence,2369405,Yes,Instagram,Documents,Priya Sharma,2025-09-28,2026-01-01,Active,99,Low,100,Canada,Merit Scholarship
ST2686,Shaurya Chand,Male,19,Bangalore,Karnataka,BBA,CSE,7.15,6.2,Australia,MBA,2860696,No,WhatsApp,Counseling,Priya Sharma,2024-08-03,2024-09-03,Active,71,Medium,78,Australia,Not Eligible
ST2687,Bhanumati Arora,Male,20,Hyderabad,Telangana,BTech,Biotechnology,6.85,8.1,Canada,MBA,3218510,Yes,Website,Offer Letter,Rahul Singh,2026-01-15,2026-04-01,Inactive,90,Low,93,Canada,Not Eligible
ST2688,Nathan Prabhakar,Male,23,Chennai,Tamil Nadu,BCom,Finance,7.4,7.0,USA,Business Analytics,2720656,Yes,WhatsApp,Offer Letter,Sneha Jain,2024-12-02,2025-03-21,Active,87,Low,89,Canada,Not Eligible
ST2689,Mason Comar,Female,24,Delhi,Delhi,BSc,Marketing,7.96,6.3,Australia,Cyber Security,3070558,No,Referral,New Lead,Amit Verma,2025-10-02,2025-11-26,Active,93,Low,100,Australia,Partial Scholarship
ST2690,Nathaniel Pillai,Male,20,Pune,Maharashtra,BCom,Mechanical,8.64,8.1,UK,Data Science,2305714,Yes,Seminar,Documents,Rahul Singh,2024-12-04,2025-03-21,Active,99,Low,100,Canada,Merit Scholarship
ST2691,Adya Tiwari,Female,22,Bangalore,Karnataka,BCom,Marketing,9.42,5.9,Canada,Artificial Intelligence,3325900,Yes,WhatsApp,Offer Letter,Amit Verma,2025-02-02,2025-04-06,Inactive,99,Low,98,Canada,Merit Scholarship
ST2692,Upadhriti Gara,Female,28,Pune,Maharashtra,BSc,CSE,7.39,5.9,Germany,Data Science,1163495,Yes,Website,Enrolled,Rahul Singh,2024-08-28,2024-09-27,Converted,73,Medium,67,Germany,Not Eligible
ST2693,Lekha Mammen,Female,24,Hyderabad,Telangana,BSc,CSE,7.92,7.9,UK,MBA,3074820,Yes,Website,Counseling,Sneha Jain,2025-09-27,2025-10-13,Active,92,Low,100,Canada,Partial Scholarship
ST2694,Gauri Sant,Female,19,Bhopal,Madhya Pradesh,BSc,IT,9.13,7.8,Canada,Artificial Intelligence,2885219,Yes,Referral,Application,Sneha Jain,2024-09-09,2024-09-13,Active,99,Low,100,Canada,Merit Scholarship
ST2695,Chakradev Dugal,Male,22,Indore,Madhya Pradesh,BTech,Finance,6.73,7.1,Australia,Cyber Security,2453771,No,WhatsApp,Enrolled,Priya Sharma,2024-08-06,2024-11-06,Converted,82,Low,82,Canada,Not Eligible
ST2696,Yachana Garde,Male,28,Jaipur,Rajasthan,BTech,CSE,9.13,7.3,Australia,Business Analytics,2252904,Yes,Instagram,Application,Priya Sharma,2025-07-04,2025-07-14,Dropped,93,Low,100,Canada,Merit Scholarship
ST2697,Ojas Dey,Male,20,Mumbai,Maharashtra,BSc,Biotechnology,7.28,8.0,Canada,Finance,2701028,No,Website,Contacted,Rohit Gupta,2024-09-25,2024-10-03,Inactive,96,Low,97,Canada,Not Eligible
ST2698,Sathvik Pandey,Male,19,Indore,Madhya Pradesh,BBA,Biotechnology,6.11,7.9,Australia,Data Science,1679569,No,Instagram,Offer Letter,Amit Verma,2026-06-01,2026-08-21,Inactive,77,Medium,75,Canada,Not Eligible
ST2699,Gauri Kashyap,Female,22,Pune,Maharashtra,BSc,Finance,7.93,8.2,Canada,Computer Science,3335371,Yes,Website,Counseling,Amit Verma,2025-04-09,2025-04-16,Inactive,99,Low,100,Canada,Partial Scholarship
ST2700,Xalak Baral,Male,23,Bangalore,Karnataka,BBA,CSE,9.78,8.1,Canada,Cyber Security,3398945,Yes,WhatsApp,Offer Letter,Priya Sharma,2026-03-14,2026-05-21,Active,94,Low,100,Canada,Merit Scholarship
ST2701,Alexander Bir,Female,21,Bangalore,Karnataka,BTech,ECE,6.68,5.5,Canada,MBA,1395551,Yes,Website,Application,Priya Sharma,2025-09-12,2025-09-18,Dropped,46,High,56,Germany,Not Eligible
ST2702,Baljiwan Chopra,Female,18,Ahmedabad,Gujarat,BTech,ECE,9.23,6.0,Germany,Cyber Security,1329340,Yes,WhatsApp,Offer Letter,Priya Sharma,2024-12-16,2025-02-16,Active,94,Low,87,Germany,Merit Scholarship
ST2703,William Mallick,Female,25,Jaipur,Rajasthan,BSc,ECE,9.22,7.4,Canada,Business Analytics,1369476,Yes,WhatsApp,Contacted,Amit Verma,2025-12-28,2026-03-30,Inactive,99,Low,100,Germany,Merit Scholarship
ST2704,Maanav Mishra,Male,18,Pune,Maharashtra,BA,Finance,7.34,7.0,Canada,Cyber Security,1142829,No,Referral,Offer Letter,Rohit Gupta,2024-11-06,2025-01-03,Active,87,Low,93,Germany,Not Eligible
ST2705,Rishi Divan,Female,24,Indore,Madhya Pradesh,BCom,Mechanical,8.92,7.0,Australia,Cyber Security,3163490,Yes,Instagram,Documents,Amit Verma,2025-11-02,2026-01-01,Active,99,Low,100,Canada,Merit Scholarship
ST2706,Adya Swaminathan,Female,21,Bhopal,Madhya Pradesh,BSc,Finance,7.49,8.3,Australia,Data Science,2420543,No,WhatsApp,Offer Letter,Rohit Gupta,2026-01-29,2026-03-18,Inactive,92,Low,100,Canada,Not Eligible
ST2707,Damini Pathak,Female,22,Ahmedabad,Gujarat,BTech,Biotechnology,6.41,8.5,Australia,MBA,1929084,No,Instagram,New Lead,Rohit Gupta,2024-09-19,2025-01-05,Inactive,77,Low,84,Canada,Not Eligible
ST2708,Unnati Deshmukh,Male,24,Ahmedabad,Gujarat,BSc,ECE,8.27,7.9,Canada,Computer Science,885154,Yes,Website,Counseling,Rohit Gupta,2025-02-23,2025-02-27,Dropped,99,Low,96,Germany,Partial Scholarship
ST2709,Xavier Peri,Female,23,Delhi,Delhi,BBA,Finance,9.29,6.1,Canada,MBA,1048562,Yes,Referral,Offer Letter,Priya Sharma,2024-10-02,2024-12-12,Active,99,Low,100,Germany,Merit Scholarship
ST2710,Yachana Brahmbhatt,Female,23,Indore,Madhya Pradesh,BTech,CSE,7.89,7.5,UK,Business Analytics,1684353,No,Seminar,Offer Letter,Priya Sharma,2025-05-13,2025-06-12,Dropped,98,Low,88,Canada,Partial Scholarship
ST2711,Wahab Nayak,Female,18,Indore,Madhya Pradesh,BSc,Biotechnology,9.33,7.7,Australia,Finance,3241418,Yes,Referral,Contacted,Priya Sharma,2026-01-27,2026-05-06,Active,99,Low,100,Canada,Merit Scholarship
ST2712,Nitara Chaudhry,Male,18,Pune,Maharashtra,BTech,ECE,9.08,6.1,Australia,Business Analytics,2345798,Yes,Seminar,Enrolled,Priya Sharma,2025-01-20,2025-03-24,Converted,99,Low,95,Australia,Merit Scholarship
ST2713,Januja Venkatesh,Female,26,Chennai,Tamil Nadu,BA,Mechanical,7.78,7.2,USA,Finance,3479212,Yes,Referral,Documents,Amit Verma,2025-05-03,2025-07-24,Inactive,96,Low,100,Canada,Partial Scholarship
ST2714,Oliver Mangal,Male,28,Indore,Madhya Pradesh,BA,CSE,9.13,7.1,UK,MBA,1561266,Yes,Website,Visa,Sneha Jain,2024-11-29,2025-02-13,Active,99,Low,96,Canada,Merit Scholarship
ST2715,Nimrat Koshy,Male,27,Mumbai,Maharashtra,BA,Finance,6.36,6.6,UK,Computer Science,3469186,No,Instagram,Application,Amit Verma,2025-03-02,2025-03-12,Dropped,81,Medium,73,UK,Not Eligible
ST2716,Laksh Keer,Female,28,Chennai,Tamil Nadu,BSc,ECE,9.02,7.7,Canada,MBA,2480230,Yes,Referral,Counseling,Priya Sharma,2025-11-01,2026-01-31,Dropped,99,Low,100,Canada,Merit Scholarship
ST2717,Ishita Din,Male,24,Mumbai,Maharashtra,BCom,Marketing,6.84,8.1,Australia,Artificial Intelligence,1851206,No,Website,Application,Amit Verma,2025-11-15,2026-03-10,Dropped,83,Low,83,Canada,Not Eligible
ST2718,Dipta Kuruvilla,Male,21,Delhi,Delhi,BCom,Finance,6.97,8.4,UK,MBA,2115478,Yes,Seminar,Visa,Sneha Jain,2025-02-17,2025-04-20,Converted,99,Low,98,Canada,Not Eligible
ST2719,Vasatika Kalla,Female,21,Pune,Maharashtra,BTech,ECE,7.53,7.5,Canada,Computer Science,2553240,No,Referral,New Lead,Sneha Jain,2024-07-19,2024-07-23,Active,99,Low,100,Canada,Partial Scholarship
ST2720,Triya Lall,Male,18,Pune,Maharashtra,BBA,Biotechnology,6.7,7.0,USA,Data Science,2914942,Yes,Referral,Offer Letter,Amit Verma,2025-05-10,2025-08-25,Inactive,95,Low,97,Canada,Not Eligible
ST2721,Ekapad Bhattacharyya,Female,28,Jaipur,Rajasthan,BA,Finance,7.34,7.7,Australia,Computer Science,3463915,Yes,WhatsApp,Documents,Priya Sharma,2024-07-30,2024-08-27,Inactive,99,Low,95,Canada,Not Eligible
ST2722,Wridesh Issac,Male,18,Ahmedabad,Gujarat,BCom,Mechanical,6.28,6.6,UK,Artificial Intelligence,1578142,Yes,Seminar,New Lead,Priya Sharma,2025-01-01,2025-04-19,Dropped,56,Medium,62,UK,Not Eligible
ST2723,Shivani Kari,Male,23,Ahmedabad,Gujarat,BSc,IT,8.05,7.0,Canada,Finance,3111866,Yes,Referral,Visa,Priya Sharma,2026-05-10,2026-07-27,Converted,99,Low,100,Canada,Partial Scholarship
ST2724,Abeer Iyengar,Male,28,Bangalore,Karnataka,BSc,ECE,7.59,8.3,Australia,Data Science,2841948,No,Seminar,New Lead,Priya Sharma,2024-08-19,2024-09-25,Active,99,Low,100,Canada,Partial Scholarship
ST2725,Ishani Mody,Female,20,Bangalore,Karnataka,BBA,CSE,7.2,5.5,Canada,Data Science,1845762,Yes,Referral,Visa,Rohit Gupta,2025-08-10,2025-11-12,Active,71,Medium,77,Canada,Not Eligible
ST2726,Zilmil Bhatti,Female,28,Jaipur,Rajasthan,BSc,ECE,6.42,7.1,UK,MBA,2310227,No,Referral,Contacted,Amit Verma,2025-02-27,2025-04-14,Inactive,90,Low,94,Canada,Not Eligible
ST2727,Devika Pai,Female,19,Jaipur,Rajasthan,BTech,IT,9.42,6.8,USA,Finance,2527287,Yes,Referral,Documents,Priya Sharma,2024-09-29,2024-10-06,Active,96,Low,100,USA,Merit Scholarship
ST2728,Ekta Swaminathan,Female,27,Jaipur,Rajasthan,BCom,Marketing,7.24,5.6,UK,Business Analytics,3173519,Yes,Website,Application,Sneha Jain,2025-10-04,2025-10-06,Inactive,67,Medium,72,UK,Not Eligible
ST2729,Chaaya Arya,Male,27,Jaipur,Rajasthan,BSc,Mechanical,9.72,7.7,UK,Finance,1060822,Yes,Instagram,Application,Sneha Jain,2024-07-28,2024-09-20,Inactive,90,Low,100,Germany,Merit Scholarship
ST2730,Sai Kibe,Male,26,Mumbai,Maharashtra,BCom,CSE,9.48,8.3,UK,Artificial Intelligence,1245544,Yes,Referral,Documents,Rohit Gupta,2024-10-10,2024-12-30,Active,99,Low,100,Germany,Merit Scholarship
ST2731,Rudra Johal,Male,23,Ahmedabad,Gujarat,BA,Marketing,7.28,8.2,UK,Cyber Security,817039,Yes,Referral,Offer Letter,Priya Sharma,2025-07-15,2025-09-30,Active,99,Low,100,Germany,Not Eligible
ST2732,Aayush Verma,Male,24,Pune,Maharashtra,BTech,Mechanical,7.8,7.8,Canada,Finance,1196357,No,Instagram,Counseling,Rohit Gupta,2024-11-20,2025-01-12,Active,91,Low,91,Germany,Partial Scholarship
ST2733,Nicholas Datta,Female,27,Jaipur,Rajasthan,BCom,Mechanical,7.32,7.9,Canada,Artificial Intelligence,2299570,No,Referral,Application,Amit Verma,2025-07-11,2025-10-05,Inactive,99,Low,100,Canada,Not Eligible
ST2734,Karan Narula,Female,22,Delhi,Delhi,BCom,Mechanical,7.7,7.3,Canada,Cyber Security,3391758,No,Referral,Enrolled,Sneha Jain,2025-10-26,2025-11-08,Converted,99,Low,100,Canada,Partial Scholarship
ST2735,Hemang Kohli,Female,25,Pune,Maharashtra,BCom,Mechanical,7.86,6.3,Australia,MBA,1821457,No,WhatsApp,Enrolled,Priya Sharma,2026-03-23,2026-04-03,Converted,81,Medium,75,Australia,Partial Scholarship
ST2736,Charita Vig,Male,19,Bhopal,Madhya Pradesh,BSc,Biotechnology,9.01,6.7,Australia,Cyber Security,1745064,Yes,Website,Enrolled,Priya Sharma,2025-07-20,2025-09-01,Converted,99,Low,92,Australia,Merit Scholarship
ST2737,Udyati Dasgupta,Female,18,Bangalore,Karnataka,BTech,ECE,7.14,8.0,UK,Cyber Security,3378908,Yes,Instagram,Visa,Rahul Singh,2024-08-19,2024-11-12,Converted,88,Low,96,Canada,Not Eligible
ST2738,Guneet Goda,Female,28,Bhopal,Madhya Pradesh,BCom,IT,7.92,7.7,Australia,Finance,1508193,Yes,Referral,New Lead,Priya Sharma,2026-02-18,2026-03-30,Inactive,99,Low,100,Canada,Partial Scholarship
ST2739,Tanvi Singhal,Male,20,Jaipur,Rajasthan,BTech,ECE,7.45,6.3,Australia,Cyber Security,2658011,Yes,WhatsApp,Counseling,Rahul Singh,2025-05-24,2025-06-14,Inactive,74,Low,81,Australia,Not Eligible
ST2740,Ishanvi Sarna,Male,23,Ahmedabad,Gujarat,BCom,ECE,9.15,7.4,Canada,Computer Science,2035581,Yes,Seminar,Documents,Rahul Singh,2025-05-29,2025-09-06,Active,93,Low,100,Canada,Merit Scholarship
ST2741,Eta Khosla,Male,23,Hyderabad,Telangana,BA,Mechanical,9.75,6.9,UK,Finance,2731511,Yes,Seminar,Offer Letter,Rohit Gupta,2025-12-20,2026-03-15,Dropped,93,Low,100,UK,Merit Scholarship
ST2742,Alexander Mukhopadhyay,Female,25,Chennai,Tamil Nadu,BTech,Marketing,7.21,6.4,Australia,Finance,1853019,Yes,Seminar,Application,Sneha Jain,2026-02-14,2026-05-24,Dropped,69,Medium,71,Australia,Not Eligible
ST2743,Lucky Chokshi,Male,26,Pune,Maharashtra,BSc,Biotechnology,6.83,6.1,Australia,Finance,1594548,Yes,Referral,Contacted,Sneha Jain,2025-01-11,2025-03-26,Inactive,78,Medium,78,Australia,Not Eligible
ST2744,Theodore Bhat,Female,25,Chennai,Tamil Nadu,BSc,ECE,9.25,8.3,UK,Artificial Intelligence,2664853,Yes,Seminar,Application,Rohit Gupta,2026-05-20,2026-09-07,Dropped,99,Low,100,Canada,Merit Scholarship
ST2745,Tristan Dubey,Male,24,Bangalore,Karnataka,BCom,CSE,8.04,7.5,Australia,Cyber Security,1412511,Yes,Website,Counseling,Priya Sharma,2025-10-17,2026-01-23,Inactive,90,Low,90,Germany,Partial Scholarship
ST2746,Charita Sarin,Female,27,Indore,Madhya Pradesh,BCom,Marketing,7.28,7.1,Australia,MBA,1787977,Yes,Website,Application,Priya Sharma,2024-06-11,2024-09-04,Active,76,Medium,77,Canada,Not Eligible
ST2747,Adya Shukla,Male,24,Hyderabad,Telangana,BA,Biotechnology,8.59,6.7,UK,Artificial Intelligence,2052950,Yes,Instagram,Counseling,Sneha Jain,2026-01-22,2026-04-25,Active,97,Low,97,UK,Merit Scholarship
ST2748,Nakul Suri,Male,25,Delhi,Delhi,BTech,Marketing,9.66,8.3,Australia,Computer Science,3453656,Yes,Website,Offer Letter,Rahul Singh,2026-05-31,2026-07-18,Dropped,90,Low,100,Canada,Merit Scholarship
ST2749,Anvi Bose,Female,22,Chennai,Tamil Nadu,BA,Biotechnology,6.97,7.4,Canada,Cyber Security,2025169,No,Referral,Enrolled,Rahul Singh,2026-02-23,2026-06-08,Converted,99,Low,100,Canada,Not Eligible
ST2750,Avi Kanda,Female,27,Chennai,Tamil Nadu,BCom,Finance,7.19,8.3,Australia,Computer Science,974680,No,Website,Application,Amit Verma,2025-12-23,2026-03-24,Inactive,90,Low,89,Germany,Not Eligible
ST2751,Nicholas Chaudhary,Male,25,Bangalore,Karnataka,BA,Biotechnology,7.34,7.5,Canada,Artificial Intelligence,1216071,Yes,Instagram,Enrolled,Priya Sharma,2025-09-28,2025-10-11,Converted,74,Low,83,Germany,Not Eligible
ST2752,Panini Gola,Female,20,Hyderabad,Telangana,BBA,ECE,6.22,7.2,Canada,Finance,1704424,Yes,Referral,New Lead,Rohit Gupta,2024-08-25,2024-10-17,Dropped,82,Low,84,Canada,Not Eligible
ST2753,Watika Sem,Female,18,Indore,Madhya Pradesh,BTech,Mechanical,8.35,8.2,Canada,Computer Science,1549588,No,Seminar,Contacted,Rahul Singh,2026-03-30,2026-04-04,Active,93,Low,99,Canada,Partial Scholarship
ST2754,Widisha Srinivasan,Female,19,Chennai,Tamil Nadu,BTech,ECE,7.5,6.2,Canada,Finance,1002018,Yes,WhatsApp,Contacted,Rohit Gupta,2025-08-19,2025-11-03,Inactive,73,Medium,72,Germany,Partial Scholarship
ST2755,Vamakshi Manne,Male,21,Chennai,Tamil Nadu,BTech,ECE,7.27,6.1,Canada,Computer Science,1870083,No,Instagram,Offer Letter,Priya Sharma,2025-06-04,2025-07-27,Dropped,59,Medium,67,Canada,Not Eligible
ST2756,Vritti Puri,Female,22,Bangalore,Karnataka,BA,Marketing,6.6,5.9,UK,Business Analytics,1520232,Yes,Referral,Contacted,Sneha Jain,2024-06-22,2024-08-17,Active,71,Medium,74,UK,Not Eligible
ST2757,Sudiksha Murthy,Male,28,Chennai,Tamil Nadu,BTech,Finance,7.99,7.6,Canada,Finance,2623428,Yes,Seminar,Offer Letter,Rahul Singh,2025-01-02,2025-01-09,Dropped,89,Low,99,Canada,Partial Scholarship
ST2758,Anvi Anne,Male,21,Bhopal,Madhya Pradesh,BTech,Mechanical,9.49,5.6,UK,Finance,1527419,Yes,Seminar,Counseling,Amit Verma,2025-09-23,2025-11-16,Inactive,79,Low,84,UK,Merit Scholarship
ST2759,Max Shan,Male,21,Indore,Madhya Pradesh,BA,Marketing,8.94,8.1,Canada,MBA,1772747,Yes,Instagram,Enrolled,Rohit Gupta,2025-05-31,2025-09-15,Converted,93,Low,100,Canada,Merit Scholarship
ST2760,Nathaniel Bhatt,Female,20,Pune,Maharashtra,BCom,IT,8.91,5.6,Canada,Data Science,2360963,Yes,Seminar,Contacted,Priya Sharma,2025-07-11,2025-08-27,Inactive,94,Low,89,Canada,Merit Scholarship
ST2761,Osha Bawa,Male,24,Chennai,Tamil Nadu,BTech,Marketing,7.69,7.2,Germany,Business Analytics,1354823,No,Seminar,Contacted,Sneha Jain,2024-09-12,2024-11-25,Active,91,Low,83,Germany,Partial Scholarship
ST2762,Yauvani Palan,Male,18,Bangalore,Karnataka,BCom,Marketing,7.11,5.7,Germany,Data Science,1234458,Yes,Instagram,Enrolled,Priya Sharma,2024-07-09,2024-08-06,Converted,67,Medium,63,Germany,Not Eligible
ST2763,Udarsh Tata,Female,25,Pune,Maharashtra,BA,Mechanical,9.22,5.7,Canada,Data Science,1831487,Yes,Instagram,Offer Letter,Rahul Singh,2024-12-23,2025-02-12,Inactive,75,Low,84,Canada,Merit Scholarship
ST2764,Aarini Sastry,Male,25,Jaipur,Rajasthan,BSc,ECE,8.34,7.6,Australia,Data Science,1949520,Yes,Instagram,Counseling,Sneha Jain,2026-01-15,2026-02-17,Inactive,83,Low,93,Canada,Partial Scholarship
ST2765,Riya Mistry,Male,25,Jaipur,Rajasthan,BCom,CSE,6.97,8.1,Canada,Data Science,3324589,No,WhatsApp,Application,Rohit Gupta,2024-09-17,2025-01-10,Dropped,93,Low,94,Canada,Not Eligible
ST2766,Michael Kara,Female,19,Hyderabad,Telangana,BBA,CSE,9.44,8.2,Australia,Computer Science,1878226,Yes,Website,Contacted,Rohit Gupta,2025-11-13,2026-02-01,Inactive,99,Low,100,Canada,Merit Scholarship
ST2767,Max Mani,Male,23,Chennai,Tamil Nadu,BTech,Biotechnology,7.91,6.4,UK,MBA,3306418,No,Website,Offer Letter,Rahul Singh,2026-05-23,2026-07-27,Dropped,84,Low,88,UK,Partial Scholarship
ST2768,Inaya Mitter,Female,25,Pune,Maharashtra,BA,Biotechnology,6.99,6.1,Germany,Cyber Security,1456787,Yes,Website,Application,Amit Verma,2026-02-10,2026-04-27,Active,69,Medium,64,Germany,Not Eligible
ST2769,Yatin Manda,Female,22,Pune,Maharashtra,BBA,CSE,8.78,6.2,UK,Data Science,2852837,Yes,Seminar,Documents,Sneha Jain,2025-04-30,2025-05-15,Active,93,Low,94,UK,Merit Scholarship
ST2770,Aashi Raval,Male,28,Mumbai,Maharashtra,BSc,Marketing,6.61,6.4,UK,MBA,3174902,No,Seminar,Counseling,Rohit Gupta,2025-05-05,2025-05-12,Dropped,78,Medium,75,UK,Not Eligible
ST2771,Advika Mittal,Female,26,Ahmedabad,Gujarat,BBA,CSE,6.16,7.1,Canada,Cyber Security,2098860,Yes,WhatsApp,Enrolled,Sneha Jain,2025-01-27,2025-04-18,Converted,70,Medium,76,Canada,Not Eligible
ST2772,Atharv Bhakta,Male,19,Jaipur,Rajasthan,BBA,IT,7.28,8.0,Canada,Cyber Security,1398545,Yes,Referral,Visa,Rahul Singh,2026-05-26,2026-08-10,Converted,99,Low,100,Germany,Not Eligible
ST2773,Eesha Pandit,Male,28,Chennai,Tamil Nadu,BBA,ECE,7.41,6.2,UK,MBA,3230091,No,Instagram,Application,Sneha Jain,2024-10-09,2024-12-03,Active,79,Low,81,UK,Not Eligible
ST2774,Henry Hayer,Male,28,Pune,Maharashtra,BA,CSE,8.44,7.6,Canada,Computer Science,1149918,No,Referral,Contacted,Rahul Singh,2026-01-31,2026-04-12,Active,99,Low,100,Germany,Partial Scholarship
ST2775,Simon Sami,Male,19,Indore,Madhya Pradesh,BBA,Finance,8.2,7.3,Canada,MBA,2725988,No,Seminar,Enrolled,Rahul Singh,2025-01-16,2025-05-09,Converted,93,Low,99,Canada,Partial Scholarship
ST2776,Urvi Nadkarni,Female,23,Pune,Maharashtra,BA,Biotechnology,6.98,6.6,Australia,Business Analytics,1810627,No,Referral,Enrolled,Priya Sharma,2026-02-02,2026-04-11,Converted,81,Low,84,Australia,Not Eligible
ST2777,Sanaya Sachdeva,Female,24,Pune,Maharashtra,BSc,Marketing,7.21,6.9,Germany,Finance,959213,No,Referral,Documents,Sneha Jain,2026-02-11,2026-04-16,Dropped,94,Low,91,Germany,Not Eligible
ST2778,Udyati Lall,Female,18,Bangalore,Karnataka,BTech,IT,6.62,6.4,Germany,Artificial Intelligence,1041512,No,Referral,Contacted,Sneha Jain,2025-09-21,2026-01-17,Dropped,71,Low,80,Germany,Not Eligible
ST2779,Gaurika Bajaj,Male,21,Chennai,Tamil Nadu,BBA,Biotechnology,7.64,6.6,Canada,Cyber Security,2162393,Yes,Seminar,Visa,Priya Sharma,2025-10-22,2025-11-08,Active,77,Low,86,Canada,Partial Scholarship
ST2780,Bachittar Seth,Male,23,Bhopal,Madhya Pradesh,BSc,Marketing,7.16,5.6,Germany,Finance,1047060,Yes,WhatsApp,Counseling,Priya Sharma,2025-01-03,2025-02-18,Active,62,Medium,61,Germany,Not Eligible
ST2781,Jagat Varughese,Male,20,Ahmedabad,Gujarat,BSc,Marketing,7.91,7.2,UK,Cyber Security,1921063,Yes,Seminar,Documents,Amit Verma,2026-05-19,2026-08-02,Dropped,80,Low,86,Canada,Partial Scholarship
ST2782,Yahvi Chand,Female,20,Chennai,Tamil Nadu,BTech,Biotechnology,6.03,6.9,Australia,Data Science,3473848,Yes,Seminar,Contacted,Priya Sharma,2024-10-04,2024-11-26,Inactive,65,Medium,74,Australia,Not Eligible
ST2783,Shivansh Hora,Female,26,Bangalore,Karnataka,BSc,Biotechnology,7.5,7.7,UK,Business Analytics,2963315,Yes,WhatsApp,Offer Letter,Sneha Jain,2024-10-11,2025-01-10,Active,94,Low,97,Canada,Partial Scholarship
ST2784,Chasmum D’Alia,Female,28,Delhi,Delhi,BTech,Mechanical,7.7,7.5,Australia,Business Analytics,2359869,No,WhatsApp,Application,Sneha Jain,2025-11-14,2026-03-06,Inactive,99,Low,97,Canada,Partial Scholarship
ST2785,Qasim Mallick,Male,26,Jaipur,Rajasthan,BSc,ECE,7.64,6.1,Australia,MBA,1700156,No,Referral,Visa,Rohit Gupta,2025-12-07,2026-04-06,Converted,78,Low,86,Australia,Partial Scholarship
ST2786,Vanya Sibal,Male,22,Ahmedabad,Gujarat,BSc,Mechanical,6.49,6.7,Canada,Data Science,2525567,Yes,WhatsApp,New Lead,Rohit Gupta,2025-08-26,2025-11-03,Inactive,84,Medium,76,Canada,Not Eligible
ST2787,Barkha Varughese,Female,19,Bhopal,Madhya Pradesh,BA,Mechanical,9.49,8.2,UK,MBA,1522911,Yes,Website,Offer Letter,Rahul Singh,2024-12-01,2025-01-11,Dropped,90,Low,100,Canada,Merit Scholarship
ST2788,Anthony Wali,Female,24,Delhi,Delhi,BSc,Marketing,9.35,6.8,Germany,Computer Science,1355864,Yes,Website,Visa,Amit Verma,2026-02-18,2026-03-25,Converted,86,Low,95,Germany,Merit Scholarship
ST2789,Nimrat Dhar,Female,23,Jaipur,Rajasthan,BBA,Biotechnology,7.93,7.8,Australia,Finance,2153474,No,Referral,Visa,Rohit Gupta,2026-02-27,2026-03-16,Converted,99,Low,100,Canada,Partial Scholarship
ST2790,Reyansh Lad,Female,20,Bangalore,Karnataka,BCom,ECE,8.28,7.8,Australia,Finance,2980844,Yes,Seminar,Application,Sneha Jain,2025-04-25,2025-07-01,Inactive,97,Low,100,Canada,Partial Scholarship
ST2791,Faqid Venkataraman,Female,20,Bangalore,Karnataka,BSc,Marketing,6.05,6.5,Australia,Finance,1859611,No,Instagram,Application,Sneha Jain,2024-10-03,2025-01-25,Inactive,50,Medium,60,Australia,Not Eligible
ST2792,Vedhika Reddy,Male,22,Ahmedabad,Gujarat,BBA,Finance,7.23,8.2,Canada,Business Analytics,2383320,No,Seminar,Contacted,Amit Verma,2024-08-17,2024-10-06,Active,99,Low,98,Canada,Not Eligible
ST2793,Rajeshri Bhalla,Male,27,Mumbai,Maharashtra,BA,ECE,9.18,6.8,Australia,Business Analytics,3400077,Yes,WhatsApp,New Lead,Priya Sharma,2026-05-08,2026-08-29,Dropped,94,Low,100,Australia,Merit Scholarship
ST2794,Ishwar Halder,Male,24,Bhopal,Madhya Pradesh,BTech,Marketing,9.68,8.3,UK,Business Analytics,822717,Yes,Website,Counseling,Amit Verma,2024-11-18,2025-01-09,Inactive,99,Low,100,Germany,Merit Scholarship
ST2795,Indira Dutta,Male,26,Hyderabad,Telangana,BSc,Marketing,7.8,6.1,Canada,Computer Science,2136085,No,WhatsApp,Contacted,Rohit Gupta,2024-12-24,2025-04-08,Dropped,83,Low,83,Canada,Partial Scholarship
ST2796,Saksham Kanda,Male,20,Delhi,Delhi,BCom,IT,6.46,8.2,Australia,Business Analytics,1021238,No,Referral,Offer Letter,Rahul Singh,2024-06-29,2024-07-14,Active,90,Low,95,Germany,Not Eligible
ST2797,Harshil Shenoy,Female,22,Ahmedabad,Gujarat,BSc,ECE,9.12,7.9,Australia,Artificial Intelligence,1839296,Yes,Website,Offer Letter,Priya Sharma,2026-01-08,2026-04-16,Active,98,Low,100,Canada,Merit Scholarship
ST2798,Chatura Mutti,Male,28,Bhopal,Madhya Pradesh,BSc,CSE,6.71,7.7,Canada,Business Analytics,1133946,Yes,WhatsApp,Counseling,Rahul Singh,2024-07-12,2024-07-19,Dropped,74,Medium,79,Germany,Not Eligible
ST2799,Yochana Ray,Female,20,Bangalore,Karnataka,BCom,IT,8.02,5.9,UK,Computer Science,2037335,No,Seminar,Documents,Rohit Gupta,2025-12-30,2026-03-14,Inactive,75,Low,84,UK,Partial Scholarship
ST2800,Megha Jaggi,Male,21,Pune,Maharashtra,BBA,Marketing,8.28,7.4,UK,Artificial Intelligence,3405755,Yes,WhatsApp,New Lead,Rahul Singh,2024-12-29,2025-03-09,Active,99,Low,100,Canada,Partial Scholarship
ST2801,Ekanta Wagle,Male,27,Delhi,Delhi,BCom,Biotechnology,8.38,7.2,Australia,Data Science,2036646,No,WhatsApp,Offer Letter,Rahul Singh,2025-01-19,2025-05-02,Active,96,Low,100,Canada,Partial Scholarship
ST2802,Balveer Agarwal,Male,28,Indore,Madhya Pradesh,BBA,ECE,6.75,8.0,UK,Finance,1524455,Yes,Seminar,Offer Letter,Rahul Singh,2026-03-24,2026-07-02,Inactive,85,Low,82,Canada,Not Eligible
ST2803,Andrew Bera,Female,22,Bangalore,Karnataka,BCom,Mechanical,8.23,7.8,UK,Cyber Security,985828,Yes,Referral,Application,Amit Verma,2024-06-15,2024-06-20,Inactive,99,Low,100,Germany,Partial Scholarship
ST2804,Mahika Warrior,Female,20,Jaipur,Rajasthan,BCom,Mechanical,8.08,5.9,UK,Business Analytics,2373370,No,WhatsApp,Documents,Rohit Gupta,2024-08-26,2024-12-05,Inactive,78,Low,84,UK,Partial Scholarship
ST2805,Yash Virk,Male,26,Bangalore,Karnataka,BSc,CSE,7.06,7.6,Australia,Finance,2881523,No,Referral,Visa,Rahul Singh,2026-03-30,2026-05-26,Converted,99,Low,100,Canada,Not Eligible
ST2806,Isaiah Buch,Male,28,Pune,Maharashtra,BSc,ECE,8.6,6.8,Canada,Computer Science,2432300,Yes,Instagram,Counseling,Rahul Singh,2024-09-13,2024-12-23,Dropped,90,Low,97,Canada,Merit Scholarship
ST2807,Bishakha Bakshi,Male,18,Hyderabad,Telangana,BSc,IT,9.12,6.3,UK,Finance,2697560,Yes,WhatsApp,Application,Priya Sharma,2026-01-19,2026-01-30,Dropped,90,Low,98,UK,Merit Scholarship
ST2808,Jeet Rajan,Male,24,Chennai,Tamil Nadu,BTech,CSE,8.41,6.0,Canada,Finance,1583015,Yes,Website,Visa,Rohit Gupta,2025-07-03,2025-09-02,Converted,86,Medium,79,Canada,Partial Scholarship
ST2809,Kashvi Tella,Female,22,Mumbai,Maharashtra,BA,Finance,7.04,7.1,UK,Artificial Intelligence,3492158,Yes,Website,Documents,Rohit Gupta,2024-09-18,2024-10-10,Inactive,89,Low,85,Canada,Not Eligible
ST2810,Irya Khare,Male,25,Hyderabad,Telangana,BBA,ECE,9.64,5.6,UK,Artificial Intelligence,2992896,Yes,Instagram,New Lead,Amit Verma,2025-09-26,2025-10-14,Dropped,99,Low,96,UK,Merit Scholarship
ST2811,Kamya Dhawan,Female,27,Mumbai,Maharashtra,BA,Finance,8.27,7.7,Australia,Artificial Intelligence,2070166,Yes,Seminar,Counseling,Amit Verma,2025-09-10,2025-12-04,Dropped,98,Low,100,Canada,Partial Scholarship
ST2812,Lakshmi Grover,Male,26,Bhopal,Madhya Pradesh,BCom,Marketing,9.74,8.2,Australia,Business Analytics,2866238,Yes,Instagram,Counseling,Sneha Jain,2024-12-18,2025-01-13,Dropped,99,Low,100,Canada,Merit Scholarship
ST2813,Krisha Puri,Male,23,Chennai,Tamil Nadu,BTech,Mechanical,8.52,8.0,Canada,Cyber Security,3151324,Yes,Referral,Contacted,Amit Verma,2024-09-14,2024-12-12,Active,98,Low,100,Canada,Merit Scholarship
ST2814,Mohammed Dara,Male,25,Jaipur,Rajasthan,BSc,CSE,6.84,7.8,Australia,Finance,2274464,Yes,Website,Application,Sneha Jain,2026-03-26,2026-06-25,Dropped,81,Low,91,Canada,Not Eligible
ST2815,Advaith Keer,Male,22,Mumbai,Maharashtra,BCom,CSE,9.53,7.1,UK,Data Science,1806823,Yes,Website,Contacted,Sneha Jain,2025-03-08,2025-07-04,Active,99,Low,100,Canada,Merit Scholarship
ST2816,Radha Shankar,Female,28,Jaipur,Rajasthan,BSc,Biotechnology,9.11,5.9,UK,MBA,2995331,Yes,Website,Offer Letter,Amit Verma,2025-04-22,2025-08-02,Dropped,99,Low,95,UK,Merit Scholarship
ST2817,Balveer Wason,Male,25,Chennai,Tamil Nadu,BBA,CSE,6.42,7.8,Canada,Artificial Intelligence,1173480,Yes,Instagram,Visa,Amit Verma,2024-12-06,2025-02-18,Converted,78,Medium,77,Germany,Not Eligible
ST2818,Vivaan Sabharwal,Female,24,Mumbai,Maharashtra,BSc,Finance,8.38,6.8,Canada,Computer Science,2700425,No,WhatsApp,Enrolled,Rohit Gupta,2025-04-02,2025-05-07,Converted,90,Low,95,Canada,Partial Scholarship
ST2819,Omkaar Sachdev,Female,24,Delhi,Delhi,BA,Biotechnology,6.28,6.6,Canada,Business Analytics,2000288,Yes,WhatsApp,Documents,Rohit Gupta,2026-04-21,2026-05-06,Active,65,Medium,72,Canada,Not Eligible
ST2820,Chakradev Sarma,Female,22,Bhopal,Madhya Pradesh,BTech,ECE,9.5,5.8,Canada,Business Analytics,2733358,Yes,WhatsApp,Offer Letter,Rahul Singh,2025-10-16,2025-11-13,Active,99,Low,97,Canada,Merit Scholarship
ST2821,Azad Dua,Male,27,Pune,Maharashtra,BTech,ECE,7.06,5.9,Germany,Cyber Security,1480430,Yes,Referral,New Lead,Rahul Singh,2025-07-12,2025-09-01,Dropped,85,Medium,79,Germany,Not Eligible
ST2822,Gaurika Kadakia,Male,26,Bhopal,Madhya Pradesh,BTech,Finance,6.36,5.9,UK,Cyber Security,3258684,Yes,WhatsApp,Documents,Priya Sharma,2024-09-03,2024-11-23,Dropped,71,Medium,67,UK,Not Eligible
ST2823,Yashawini Lata,Female,20,Pune,Maharashtra,BTech,ECE,6.55,7.4,Canada,Artificial Intelligence,1727568,Yes,Seminar,Contacted,Amit Verma,2024-06-11,2024-08-08,Inactive,76,Medium,74,Canada,Not Eligible
ST2824,Rohan Balasubramanian,Female,24,Bhopal,Madhya Pradesh,BTech,Finance,9.57,6.3,Germany,Business Analytics,848408,Yes,Instagram,New Lead,Rahul Singh,2024-08-09,2024-09-24,Active,82,Low,92,Germany,Merit Scholarship
ST2825,Aayush Sarkar,Female,27,Bhopal,Madhya Pradesh,BTech,IT,8.69,5.9,Australia,Business Analytics,2194835,Yes,Website,Contacted,Priya Sharma,2025-03-20,2025-06-18,Inactive,81,Low,90,Australia,Merit Scholarship
ST2826,Manan Purohit,Female,22,Chennai,Tamil Nadu,BCom,Biotechnology,7.83,8.2,Canada,MBA,1596786,No,Seminar,Documents,Rahul Singh,2024-09-09,2024-12-23,Dropped,87,Low,94,Canada,Partial Scholarship
ST2827,Oscar Uppal,Male,27,Chennai,Tamil Nadu,BCom,Finance,6.75,6.6,Canada,Business Analytics,3491093,Yes,WhatsApp,Visa,Rohit Gupta,2025-01-29,2025-05-26,Converted,71,Medium,77,Canada,Not Eligible
ST2828,Ekapad Randhawa,Male,18,Chennai,Tamil Nadu,BTech,CSE,7.73,6.5,Germany,Artificial Intelligence,984242,No,WhatsApp,Offer Letter,Rahul Singh,2026-04-27,2026-08-22,Inactive,69,Medium,77,Germany,Partial Scholarship
ST2829,Leena Sabharwal,Male,28,Bhopal,Madhya Pradesh,BCom,Finance,7.58,6.1,Australia,MBA,3419866,Yes,Seminar,Documents,Rahul Singh,2024-06-20,2024-06-21,Inactive,89,Low,80,Australia,Partial Scholarship
ST2830,Ranbir Anne,Female,21,Indore,Madhya Pradesh,BBA,ECE,6.79,8.1,Canada,Cyber Security,1016460,Yes,Instagram,Offer Letter,Rahul Singh,2026-05-31,2026-06-06,Inactive,88,Low,82,Germany,Not Eligible
ST2831,Zarna Chopra,Female,19,Indore,Madhya Pradesh,BCom,CSE,7.36,8.1,Canada,MBA,2063114,Yes,WhatsApp,Visa,Amit Verma,2025-07-12,2025-10-03,Converted,88,Low,98,Canada,Not Eligible
ST2832,Bhavika Balakrishnan,Male,27,Delhi,Delhi,BA,Mechanical,8.49,5.6,UK,Computer Science,2019073,Yes,Website,Offer Letter,Rohit Gupta,2026-03-23,2026-05-04,Dropped,77,Low,84,UK,Partial Scholarship
ST2833,Ishita Bhatt,Female,19,Hyderabad,Telangana,BA,CSE,7.36,7.5,Canada,Cyber Security,3320165,Yes,Website,Documents,Priya Sharma,2026-02-04,2026-03-30,Active,91,Low,93,Canada,Not Eligible
ST2834,Ansh Jaggi,Male,22,Jaipur,Rajasthan,BTech,Biotechnology,9.37,6.0,Germany,Data Science,1400083,Yes,Instagram,Contacted,Rahul Singh,2024-09-07,2024-12-07,Active,95,Low,88,Germany,Merit Scholarship
ST2835,Anvi Dada,Male,20,Jaipur,Rajasthan,BA,Mechanical,6.44,7.7,UK,Data Science,1864355,Yes,Seminar,Counseling,Priya Sharma,2025-10-15,2025-11-03,Dropped,67,Medium,76,Canada,Not Eligible
ST2836,Vaishnavi Gole,Male,21,Jaipur,Rajasthan,BBA,Finance,7.43,6.1,Canada,Data Science,3465987,No,Seminar,Contacted,Rohit Gupta,2025-04-18,2025-05-14,Inactive,82,Medium,79,Canada,Not Eligible
ST2837,Priya Bhattacharyya,Female,28,Bangalore,Karnataka,BCom,ECE,7.47,8.1,Canada,Finance,1613650,No,Instagram,Visa,Amit Verma,2024-06-18,2024-10-05,Active,93,Low,89,Canada,Not Eligible
ST2838,Benjamin Sachdeva,Female,27,Indore,Madhya Pradesh,BCom,Mechanical,8.01,8.1,UK,Finance,2210907,Yes,Referral,Application,Amit Verma,2025-12-17,2026-01-05,Active,99,Low,100,Canada,Partial Scholarship
ST2839,Janani Oommen,Female,26,Ahmedabad,Gujarat,BCom,CSE,8.9,6.0,UK,Artificial Intelligence,2439226,Yes,Referral,Counseling,Priya Sharma,2026-04-24,2026-06-30,Inactive,95,Low,100,UK,Merit Scholarship
ST2840,Rachit Dugal,Female,18,Delhi,Delhi,BA,IT,7.95,7.5,UK,MBA,822461,No,Referral,Visa,Sneha Jain,2026-02-20,2026-03-05,Converted,92,Low,100,Germany,Partial Scholarship
ST2841,Nikita Chahal,Female,19,Mumbai,Maharashtra,BBA,Marketing,6.3,8.2,Canada,Data Science,3100471,Yes,WhatsApp,Offer Letter,Rohit Gupta,2025-04-07,2025-06-25,Dropped,88,Low,88,Canada,Not Eligible
ST2842,Aadhya Basak,Female,19,Indore,Madhya Pradesh,BCom,Finance,7.62,5.6,Canada,Finance,1392641,No,Website,Contacted,Rahul Singh,2024-07-19,2024-08-03,Dropped,70,Medium,66,Germany,Partial Scholarship
ST2843,Samaksh Mangal,Male,26,Bangalore,Karnataka,BTech,Finance,7.62,7.8,UK,MBA,1709654,No,WhatsApp,New Lead,Sneha Jain,2025-01-14,2025-04-30,Active,96,Low,89,Canada,Partial Scholarship
ST2844,Nilima Deol,Female,28,Bangalore,Karnataka,BSc,Mechanical,8.4,7.0,Germany,Computer Science,1066700,No,WhatsApp,Application,Rohit Gupta,2025-11-13,2026-03-10,Active,85,Low,89,Germany,Partial Scholarship
ST2845,Noah Shanker,Male,23,Chennai,Tamil Nadu,BTech,Finance,6.99,5.9,Canada,Finance,1729166,No,Referral,Visa,Sneha Jain,2025-12-02,2026-01-15,Converted,85,Medium,78,Canada,Not Eligible
ST2846,Ekapad Nazareth,Female,28,Jaipur,Rajasthan,BA,ECE,8.29,5.6,Germany,Cyber Security,1152697,No,WhatsApp,Enrolled,Amit Verma,2024-09-20,2024-11-03,Converted,82,Medium,72,Germany,Partial Scholarship
ST2847,Tara Kant,Male,20,Mumbai,Maharashtra,BCom,CSE,9.06,6.3,Australia,Artificial Intelligence,1940635,Yes,Instagram,Visa,Rohit Gupta,2025-09-14,2025-12-30,Converted,84,Low,87,Australia,Merit Scholarship
ST2848,Fiyaz Gandhi,Female,18,Hyderabad,Telangana,BTech,ECE,6.51,6.0,Canada,Business Analytics,2792587,No,Seminar,New Lead,Priya Sharma,2024-06-11,2024-08-03,Inactive,62,Medium,70,Canada,Not Eligible
ST2849,Madhavi Palla,Male,21,Bangalore,Karnataka,BTech,Marketing,6.64,5.9,Canada,Business Analytics,2924618,No,Website,Offer Letter,Rahul Singh,2024-09-05,2024-11-28,Active,69,Medium,70,Canada,Not Eligible
ST2850,Aarini Baral,Female,21,Chennai,Tamil Nadu,BSc,Biotechnology,6.08,8.2,Canada,Finance,1489656,No,WhatsApp,Offer Letter,Rahul Singh,2026-02-07,2026-04-27,Dropped,75,Medium,76,Germany,Not Eligible
ST2851,Hredhaan Chandran,Male,26,Hyderabad,Telangana,BBA,Finance,7.68,5.9,UK,MBA,3428716,Yes,Website,Visa,Sneha Jain,2025-01-01,2025-01-24,Converted,74,Low,80,UK,Partial Scholarship
ST2852,Libni Kala,Male,23,Bhopal,Madhya Pradesh,BCom,CSE,6.81,6.5,Australia,Data Science,3001687,No,Website,Enrolled,Priya Sharma,2024-11-02,2025-02-25,Converted,88,Medium,78,Australia,Not Eligible
ST2853,Ikbal Srinivasan,Female,20,Hyderabad,Telangana,BTech,Mechanical,6.97,8.3,Canada,Cyber Security,2951694,Yes,Instagram,Counseling,Rohit Gupta,2025-07-27,2025-10-25,Dropped,99,Low,97,Canada,Not Eligible
ST2854,Aarini Rout,Male,26,Indore,Madhya Pradesh,BCom,CSE,7.24,6.8,Australia,Data Science,2662507,Yes,Referral,Offer Letter,Sneha Jain,2024-10-12,2024-11-27,Dropped,95,Low,99,Australia,Not Eligible
ST2855,Ekavir Murthy,Male,22,Bangalore,Karnataka,BSc,ECE,8.2,7.8,Australia,Cyber Security,2229331,Yes,Referral,Visa,Rohit Gupta,2024-11-29,2024-12-30,Active,99,Low,100,Canada,Partial Scholarship
ST2856,Finn Dhawan,Male,22,Hyderabad,Telangana,BCom,IT,6.81,5.9,Germany,Cyber Security,960530,No,WhatsApp,Documents,Rahul Singh,2024-09-30,2024-12-24,Active,66,Medium,62,Germany,Not Eligible
ST2857,Aashi Apte,Male,27,Mumbai,Maharashtra,BCom,Mechanical,8.32,6.0,Canada,Finance,2053571,Yes,Referral,Documents,Priya Sharma,2025-01-25,2025-02-20,Active,99,Low,100,Canada,Partial Scholarship
ST2858,Triya Ganesh,Female,23,Jaipur,Rajasthan,BA,Biotechnology,7.95,5.7,Australia,Finance,1687536,No,WhatsApp,Contacted,Rohit Gupta,2024-09-14,2024-11-12,Inactive,73,Medium,71,Australia,Partial Scholarship
ST2859,Geetika Keer,Male,28,Ahmedabad,Gujarat,BBA,Biotechnology,6.37,6.5,Canada,Computer Science,2905350,Yes,Instagram,Offer Letter,Rohit Gupta,2024-10-12,2025-01-30,Inactive,76,Medium,73,Canada,Not Eligible
ST2860,Zilmil Venkatesh,Female,20,Delhi,Delhi,BCom,Finance,8.86,5.8,Australia,Cyber Security,2055462,Yes,Instagram,Counseling,Rohit Gupta,2024-12-04,2025-03-25,Dropped,91,Low,90,Australia,Merit Scholarship
ST2861,Bhavika Pau,Female,25,Hyderabad,Telangana,BA,Marketing,6.9,6.9,Canada,MBA,1047081,Yes,Instagram,Contacted,Rohit Gupta,2025-11-10,2026-01-22,Inactive,64,Medium,73,Germany,Not Eligible
ST2862,Chakradev Sharma,Female,20,Mumbai,Maharashtra,BCom,Finance,7.61,6.6,Australia,MBA,2805844,Yes,Seminar,Offer Letter,Sneha Jain,2024-12-13,2025-03-10,Dropped,87,Low,86,Australia,Partial Scholarship
ST2863,Triveni Chanda,Male,24,Pune,Maharashtra,BCom,ECE,7.14,5.9,UK,Finance,1659947,No,Seminar,Documents,Amit Verma,2025-03-10,2025-05-16,Inactive,74,Medium,65,UK,Not Eligible
ST2864,Bhavani Deshpande,Male,19,Jaipur,Rajasthan,BBA,ECE,8.93,6.8,Germany,Computer Science,1160965,Yes,Instagram,Counseling,Amit Verma,2024-07-13,2024-10-27,Inactive,87,Low,91,Germany,Merit Scholarship
ST2865,Divya Goswami,Male,25,Delhi,Delhi,BA,Mechanical,7.93,7.3,Germany,Artificial Intelligence,1339633,Yes,Instagram,Offer Letter,Priya Sharma,2024-06-03,2024-09-28,Dropped,96,Low,87,Germany,Partial Scholarship
ST2866,Chandresh Virk,Male,25,Jaipur,Rajasthan,BCom,IT,7.33,8.5,Canada,Computer Science,1438344,No,Referral,Contacted,Sneha Jain,2026-05-06,2026-07-26,Inactive,99,Low,100,Germany,Not Eligible
ST2867,Garima Sandal,Female,25,Bhopal,Madhya Pradesh,BBA,Biotechnology,7.9,6.3,USA,Business Analytics,2863100,Yes,Website,Documents,Sneha Jain,2024-12-05,2025-01-08,Inactive,81,Low,86,USA,Partial Scholarship
ST2868,Manan Varughese,Female,22,Bhopal,Madhya Pradesh,BCom,ECE,9.33,8.5,Canada,Business Analytics,2187022,Yes,WhatsApp,Counseling,Priya Sharma,2024-12-08,2025-02-13,Active,95,Low,100,Canada,Merit Scholarship
ST2869,Unni Aggarwal,Female,26,Bhopal,Madhya Pradesh,BCom,Marketing,9.38,6.1,Canada,Artificial Intelligence,2678872,Yes,Website,Visa,Priya Sharma,2024-08-05,2024-11-28,Converted,99,Low,98,Canada,Merit Scholarship
ST2870,Chaitanya Dada,Female,22,Bhopal,Madhya Pradesh,BCom,Biotechnology,9.19,8.0,Australia,Cyber Security,1954916,Yes,Referral,Counseling,Priya Sharma,2025-10-28,2025-11-23,Active,99,Low,100,Canada,Merit Scholarship
ST2871,Noah Gokhale,Female,21,Bhopal,Madhya Pradesh,BBA,IT,8.38,6.7,Australia,MBA,2213896,Yes,Seminar,Visa,Rohit Gupta,2024-11-15,2024-12-03,Converted,99,Low,95,Australia,Partial Scholarship
ST2872,Christopher Shankar,Female,25,Bangalore,Karnataka,BSc,Marketing,9.36,6.5,UK,MBA,2040607,Yes,Instagram,Application,Sneha Jain,2024-09-19,2024-09-29,Active,93,Low,100,UK,Merit Scholarship
ST2873,Hemani Sawhney,Male,20,Hyderabad,Telangana,BSc,Marketing,8.01,6.3,Australia,Data Science,3118539,Yes,Referral,New Lead,Amit Verma,2025-06-06,2025-07-31,Dropped,95,Low,100,Australia,Partial Scholarship
ST2874,Yadavi Batra,Female,25,Pune,Maharashtra,BA,CSE,6.95,6.2,Germany,Cyber Security,888903,Yes,Instagram,Counseling,Amit Verma,2025-08-30,2025-09-05,Active,59,Medium,66,Germany,Not Eligible
ST2875,Arin Raju,Female,24,Bhopal,Madhya Pradesh,BSc,CSE,8.19,5.6,UK,Cyber Security,3428775,No,Seminar,Contacted,Amit Verma,2025-07-17,2025-10-30,Inactive,74,Low,81,UK,Partial Scholarship
ST2876,Ishita Dass,Male,27,Hyderabad,Telangana,BBA,CSE,6.51,8.3,Australia,Computer Science,1835817,Yes,Instagram,Visa,Sneha Jain,2024-10-01,2024-12-23,Converted,87,Low,83,Canada,Not Eligible
ST2877,Vinaya Borde,Female,26,Jaipur,Rajasthan,BCom,Biotechnology,9.79,7.4,USA,Finance,3488629,Yes,Referral,Enrolled,Priya Sharma,2026-04-21,2026-08-02,Converted,99,Low,100,Canada,Merit Scholarship
ST2878,Dhriti Minhas,Male,25,Bhopal,Madhya Pradesh,BTech,Biotechnology,7.69,8.1,UK,MBA,2826073,No,Seminar,Offer Letter,Amit Verma,2024-11-01,2025-01-02,Active,99,Low,100,Canada,Partial Scholarship
ST2879,Frado Kalita,Female,28,Bangalore,Karnataka,BBA,Finance,8.91,5.9,Canada,MBA,2192866,Yes,Website,Counseling,Amit Verma,2024-10-26,2024-11-04,Dropped,87,Low,93,Canada,Merit Scholarship
ST2880,Quincy Sekhon,Male,21,Chennai,Tamil Nadu,BTech,Marketing,9.53,7.3,USA,Artificial Intelligence,3449307,Yes,Website,Offer Letter,Sneha Jain,2024-12-24,2025-02-10,Inactive,99,Low,100,Canada,Merit Scholarship
ST2881,Aashi Hayre,Male,21,Ahmedabad,Gujarat,BSc,Marketing,8.85,6.2,Germany,Cyber Security,1325291,Yes,Seminar,Documents,Sneha Jain,2025-11-23,2026-01-17,Inactive,81,Low,85,Germany,Merit Scholarship
ST2882,Yahvi Bhalla,Female,23,Jaipur,Rajasthan,BSc,CSE,7.0,5.7,USA,MBA,3061116,Yes,Referral,New Lead,Rahul Singh,2024-07-13,2024-07-19,Active,88,Low,87,USA,Not Eligible
ST2883,Upasna Bala,Male,24,Bhopal,Madhya Pradesh,BCom,CSE,8.95,8.3,UK,Artificial Intelligence,1553186,Yes,Website,Enrolled,Sneha Jain,2024-09-22,2025-01-15,Converted,99,Low,100,Canada,Merit Scholarship
ST2884,Abha Narasimhan,Female,23,Mumbai,Maharashtra,BCom,Biotechnology,9.51,6.5,Germany,Artificial Intelligence,854264,Yes,Instagram,Counseling,Rohit Gupta,2025-11-04,2026-02-11,Dropped,95,Low,95,Germany,Merit Scholarship
ST2885,Daniel Sami,Male,22,Mumbai,Maharashtra,BA,Mechanical,8.37,6.2,UK,Business Analytics,3038613,Yes,Website,Enrolled,Priya Sharma,2025-06-08,2025-07-15,Converted,91,Low,90,UK,Partial Scholarship
ST2886,Amaira Mall,Male,24,Jaipur,Rajasthan,BA,Biotechnology,6.01,8.3,Canada,Finance,1242622,Yes,Website,Application,Sneha Jain,2024-10-30,2024-12-08,Active,76,Medium,78,Germany,Not Eligible
ST2887,Lila Pant,Male,23,Bangalore,Karnataka,BSc,CSE,9.13,7.1,UK,Artificial Intelligence,3118879,Yes,WhatsApp,New Lead,Amit Verma,2025-07-20,2025-10-30,Inactive,98,Low,100,Canada,Merit Scholarship
ST2888,Hemangini Gaba,Female,23,Delhi,Delhi,BCom,Finance,6.39,7.0,USA,Computer Science,3224006,Yes,Referral,Enrolled,Amit Verma,2024-06-16,2024-08-17,Converted,96,Low,93,Canada,Not Eligible
ST2889,Chaitanya Varughese,Female,20,Mumbai,Maharashtra,BBA,Biotechnology,7.03,5.6,Canada,Computer Science,2063463,No,Referral,Offer Letter,Rahul Singh,2025-06-02,2025-06-16,Inactive,95,Low,85,Canada,Not Eligible
ST2890,Akshay Kade,Male,20,Pune,Maharashtra,BA,Finance,7.45,7.1,Canada,Finance,1144090,Yes,Seminar,Counseling,Rahul Singh,2025-12-02,2026-03-19,Dropped,75,Medium,79,Germany,Not Eligible
ST2891,Yagnesh Sagar,Female,20,Delhi,Delhi,BCom,Biotechnology,8.02,7.7,Canada,Business Analytics,1158636,Yes,Referral,New Lead,Sneha Jain,2024-12-03,2025-03-20,Inactive,92,Low,100,Germany,Partial Scholarship
ST2892,Deepa Swamy,Male,26,Jaipur,Rajasthan,BTech,IT,6.69,8.3,UK,Finance,2647375,Yes,Seminar,Visa,Sneha Jain,2024-08-25,2024-11-12,Active,98,Low,94,Canada,Not Eligible
ST2893,Luke Saraf,Female,22,Jaipur,Rajasthan,BBA,Marketing,9.73,7.3,Germany,Cyber Security,1405777,Yes,Referral,Visa,Rahul Singh,2024-06-15,2024-07-29,Converted,92,Low,100,Germany,Merit Scholarship
ST2894,Ladli Raval,Male,24,Chennai,Tamil Nadu,BCom,CSE,8.38,7.9,UK,Artificial Intelligence,1362948,Yes,WhatsApp,New Lead,Rohit Gupta,2025-08-15,2025-11-20,Inactive,93,Low,97,Germany,Partial Scholarship
ST2895,Leena Swaminathan,Female,27,Bangalore,Karnataka,BA,Biotechnology,8.55,6.0,Canada,Cyber Security,1621793,Yes,WhatsApp,Visa,Rahul Singh,2024-08-19,2024-09-05,Converted,88,Low,80,Canada,Merit Scholarship
ST2896,Om Pandya,Male,22,Ahmedabad,Gujarat,BSc,IT,6.16,6.7,USA,Business Analytics,3272569,Yes,WhatsApp,New Lead,Sneha Jain,2024-07-17,2024-09-14,Inactive,78,Medium,73,USA,Not Eligible
ST2897,Qarin Morar,Female,22,Delhi,Delhi,BTech,Mechanical,7.53,7.4,UK,Business Analytics,1754097,Yes,WhatsApp,Application,Rohit Gupta,2024-10-08,2024-12-04,Active,94,Low,84,Canada,Partial Scholarship
ST2898,Wahab Yogi,Male,28,Hyderabad,Telangana,BA,Marketing,8.58,7.6,UK,Artificial Intelligence,2580623,Yes,WhatsApp,Offer Letter,Rohit Gupta,2026-01-08,2026-01-09,Dropped,91,Low,100,Canada,Merit Scholarship
ST2899,Diya Mangal,Female,19,Bhopal,Madhya Pradesh,BSc,Finance,6.8,7.9,Canada,Artificial Intelligence,1733717,Yes,Seminar,Contacted,Sneha Jain,2025-10-29,2025-11-22,Dropped,76,Low,81,Canada,Not Eligible
ST2900,Kai Apte,Male,22,Mumbai,Maharashtra,BCom,ECE,8.16,5.7,Australia,Computer Science,2425975,Yes,WhatsApp,Application,Rahul Singh,2025-08-11,2025-11-21,Inactive,91,Low,83,Australia,Partial Scholarship
ST2901,Jackson Sura,Female,26,Hyderabad,Telangana,BTech,Finance,7.03,7.7,Canada,Finance,1669148,No,Referral,Counseling,Rahul Singh,2024-11-20,2025-03-10,Inactive,97,Low,97,Canada,Not Eligible
ST2902,Madhavi Dara,Female,18,Hyderabad,Telangana,BSc,Finance,9.55,6.5,UK,Cyber Security,2391591,Yes,Referral,Offer Letter,Rahul Singh,2025-03-07,2025-03-16,Active,97,Low,100,UK,Merit Scholarship
ST2903,Anya Bobal,Female,26,Bangalore,Karnataka,BA,ECE,9.02,8.2,Australia,Cyber Security,1559478,Yes,Seminar,New Lead,Rohit Gupta,2025-08-22,2025-12-15,Active,96,Low,100,Canada,Merit Scholarship
ST2904,Bishakha Shukla,Female,28,Chennai,Tamil Nadu,BBA,Biotechnology,6.07,7.5,Canada,Data Science,864776,Yes,Seminar,Visa,Rohit Gupta,2024-12-28,2025-01-08,Converted,80,Medium,70,Germany,Not Eligible
ST2905,Balhaar Buch,Male,19,Pune,Maharashtra,BA,Biotechnology,7.18,7.1,Australia,Cyber Security,1554524,Yes,Website,Counseling,Priya Sharma,2025-11-29,2026-01-16,Dropped,84,Medium,76,Canada,Not Eligible
ST2906,Wridesh Basu,Female,24,Mumbai,Maharashtra,BSc,Mechanical,7.64,6.2,UK,Data Science,1679670,Yes,Seminar,Enrolled,Priya Sharma,2024-12-15,2025-01-15,Converted,79,Medium,73,UK,Partial Scholarship
ST2907,Gautami Sant,Female,22,Delhi,Delhi,BBA,Finance,8.6,7.4,Australia,Finance,2690062,Yes,Seminar,Contacted,Amit Verma,2025-10-17,2026-02-08,Active,99,Low,100,Canada,Merit Scholarship
ST2908,Lucky Zacharia,Male,24,Ahmedabad,Gujarat,BCom,Biotechnology,7.35,7.6,Australia,Business Analytics,1225683,Yes,Referral,Documents,Rahul Singh,2025-07-23,2025-10-26,Dropped,90,Low,98,Germany,Not Eligible
ST2909,Ranbir Manda,Female,19,Bangalore,Karnataka,BA,ECE,8.71,7.4,Canada,Business Analytics,1593393,Yes,Referral,Enrolled,Sneha Jain,2026-04-13,2026-05-06,Converted,96,Low,100,Canada,Merit Scholarship
ST2910,Ekaja Srivastava,Female,27,Pune,Maharashtra,BBA,ECE,8.8,7.5,UK,Computer Science,1063410,Yes,WhatsApp,Contacted,Amit Verma,2025-08-28,2025-09-10,Inactive,90,Low,98,Germany,Merit Scholarship
ST2911,Libni Dutta,Male,22,Delhi,Delhi,BCom,Finance,8.36,8.3,Australia,Data Science,2915893,Yes,WhatsApp,Application,Rahul Singh,2025-04-12,2025-07-28,Dropped,94,Low,100,Canada,Partial Scholarship
ST2912,Hemangini Saha,Male,25,Ahmedabad,Gujarat,BA,CSE,7.1,7.8,UK,Artificial Intelligence,3454678,Yes,WhatsApp,Visa,Sneha Jain,2026-03-11,2026-04-06,Converted,94,Low,93,Canada,Not Eligible
ST2913,Kai Mannan,Female,26,Mumbai,Maharashtra,BA,IT,9.28,8.4,UK,Computer Science,1190008,Yes,Seminar,New Lead,Sneha Jain,2025-01-16,2025-05-12,Dropped,99,Low,100,Germany,Merit Scholarship
ST2914,Mugdha Salvi,Female,18,Mumbai,Maharashtra,BCom,CSE,6.47,7.2,Canada,Business Analytics,991726,Yes,Instagram,Counseling,Amit Verma,2025-02-21,2025-05-21,Dropped,62,Medium,71,Germany,Not Eligible
ST2915,Irya Chopra,Male,19,Bhopal,Madhya Pradesh,BCom,Marketing,9.79,6.2,Australia,Artificial Intelligence,1712262,Yes,Seminar,Application,Priya Sharma,2024-12-07,2025-03-10,Dropped,99,Low,94,Australia,Merit Scholarship
ST2916,Chaman Sha,Female,21,Mumbai,Maharashtra,BCom,Biotechnology,7.85,6.7,Canada,Finance,3101469,No,WhatsApp,Enrolled,Sneha Jain,2026-01-21,2026-04-19,Converted,88,Low,90,Canada,Partial Scholarship
ST2917,Riya Varma,Female,18,Hyderabad,Telangana,BA,Finance,7.79,7.8,Australia,Artificial Intelligence,2685833,No,Seminar,Counseling,Rohit Gupta,2026-04-01,2026-04-14,Inactive,99,Low,100,Canada,Partial Scholarship
ST2918,Hamsini Vig,Female,23,Hyderabad,Telangana,BA,IT,8.12,6.1,Australia,MBA,2849440,No,Seminar,Visa,Rahul Singh,2025-01-21,2025-04-02,Converted,95,Low,86,Australia,Partial Scholarship
ST2919,Zansi Wali,Male,25,Delhi,Delhi,BSc,ECE,8.98,6.1,Canada,Finance,1912482,Yes,Referral,Counseling,Sneha Jain,2025-09-20,2025-10-10,Active,94,Low,99,Canada,Merit Scholarship
ST2920,Zayan Dhaliwal,Male,23,Bhopal,Madhya Pradesh,BCom,IT,7.47,6.7,Canada,MBA,1036603,No,WhatsApp,Visa,Rahul Singh,2025-12-12,2026-02-03,Converted,73,Medium,76,Germany,Not Eligible
ST2921,Manan Rastogi,Female,20,Mumbai,Maharashtra,BCom,IT,7.25,6.3,UK,Data Science,1844201,Yes,Referral,Contacted,Sneha Jain,2025-05-22,2025-08-18,Inactive,92,Low,84,UK,Not Eligible
ST2922,Wishi Dugar,Male,19,Hyderabad,Telangana,BCom,IT,7.94,6.6,UK,Cyber Security,2366780,No,Seminar,New Lead,Amit Verma,2025-05-06,2025-06-03,Inactive,92,Low,89,UK,Partial Scholarship
ST2923,Rishi Sastry,Female,21,Ahmedabad,Gujarat,BA,ECE,6.88,7.8,Canada,Cyber Security,2606531,No,Referral,New Lead,Sneha Jain,2026-05-24,2026-06-07,Inactive,91,Low,100,Canada,Not Eligible
ST2924,Falak Shan,Female,28,Indore,Madhya Pradesh,BSc,IT,6.97,7.2,UK,Finance,2449887,No,Referral,Counseling,Rohit Gupta,2025-04-15,2025-04-30,Dropped,91,Low,100,Canada,Not Eligible
ST2925,Rohan Prabhu,Female,28,Ahmedabad,Gujarat,BTech,Biotechnology,7.21,7.4,Australia,Business Analytics,2253565,Yes,WhatsApp,Visa,Sneha Jain,2025-03-13,2025-05-21,Active,97,Low,91,Canada,Not Eligible
ST2926,Ishwar Sem,Male,26,Ahmedabad,Gujarat,BA,CSE,8.57,7.5,Canada,Computer Science,1783503,Yes,Seminar,Visa,Priya Sharma,2026-04-19,2026-07-16,Active,92,Low,95,Canada,Merit Scholarship
ST2927,Ranveer Manda,Male,19,Hyderabad,Telangana,BA,IT,8.29,6.6,Germany,Computer Science,1148011,Yes,Referral,Counseling,Amit Verma,2024-11-30,2025-01-24,Inactive,99,Low,97,Germany,Partial Scholarship
ST2928,Guneet Parikh,Male,26,Bhopal,Madhya Pradesh,BCom,Mechanical,7.87,5.8,Canada,Finance,1827899,Yes,Seminar,Counseling,Priya Sharma,2026-03-05,2026-05-24,Active,66,Medium,70,Canada,Partial Scholarship
ST2929,Raksha Dixit,Male,20,Mumbai,Maharashtra,BSc,CSE,9.23,8.2,Australia,Cyber Security,1785790,Yes,Referral,Counseling,Amit Verma,2024-11-15,2024-11-28,Inactive,99,Low,100,Canada,Merit Scholarship
ST2930,Yasti Mani,Male,27,Hyderabad,Telangana,BBA,Marketing,9.11,7.1,Australia,Computer Science,2244935,Yes,Seminar,Contacted,Amit Verma,2025-05-01,2025-07-30,Dropped,91,Low,100,Canada,Merit Scholarship
ST2931,Amol Bedi,Male,27,Delhi,Delhi,BSc,ECE,8.22,8.1,Canada,Business Analytics,3238122,No,Instagram,Contacted,Sneha Jain,2025-09-04,2025-09-05,Dropped,96,Low,100,Canada,Partial Scholarship
ST2932,Hiral Din,Female,19,Ahmedabad,Gujarat,BBA,Biotechnology,7.86,5.8,Australia,MBA,2381119,Yes,Referral,Application,Rohit Gupta,2025-03-06,2025-03-11,Dropped,86,Low,95,Australia,Partial Scholarship
ST2933,Bhavini Bora,Female,25,Chennai,Tamil Nadu,BBA,Marketing,9.19,7.7,Australia,MBA,1151230,Yes,WhatsApp,Visa,Priya Sharma,2024-09-25,2025-01-21,Converted,99,Low,100,Germany,Merit Scholarship
ST2934,Wridesh Mishra,Female,26,Indore,Madhya Pradesh,BCom,Mechanical,9.53,6.2,Canada,MBA,3361804,Yes,Instagram,Visa,Sneha Jain,2026-03-26,2026-07-23,Converted,99,Low,100,Canada,Merit Scholarship
ST2935,Vedika Sidhu,Female,23,Pune,Maharashtra,BCom,Marketing,7.75,6.9,Australia,Finance,1604058,Yes,WhatsApp,Counseling,Priya Sharma,2024-07-22,2024-07-31,Active,81,Low,81,Australia,Partial Scholarship
ST2936,Omaja Naik,Female,23,Pune,Maharashtra,BA,Finance,9.08,5.7,Australia,Artificial Intelligence,1598882,Yes,WhatsApp,Enrolled,Rohit Gupta,2025-09-17,2025-09-25,Converted,88,Low,82,Australia,Merit Scholarship
ST2937,Vihaan Kakar,Female,28,Pune,Maharashtra,BTech,Finance,7.36,7.7,Canada,Finance,2343431,Yes,Seminar,Enrolled,Rahul Singh,2025-09-16,2025-12-14,Converted,97,Low,95,Canada,Not Eligible
ST2938,Adweta Anne,Female,20,Delhi,Delhi,BTech,Biotechnology,6.18,6.7,Germany,Artificial Intelligence,1417887,No,Seminar,Contacted,Rohit Gupta,2024-06-07,2024-06-09,Active,72,Medium,63,Germany,Not Eligible
ST2939,Ladli Karpe,Male,27,Ahmedabad,Gujarat,BA,Biotechnology,7.59,6.2,Germany,Data Science,1036090,No,WhatsApp,Counseling,Amit Verma,2024-12-29,2025-03-15,Dropped,82,Medium,72,Germany,Partial Scholarship
ST2940,Vasana Ben,Female,23,Pune,Maharashtra,BTech,Mechanical,7.21,6.2,Australia,Business Analytics,3418168,No,Referral,Application,Rohit Gupta,2026-02-17,2026-04-23,Active,99,Low,94,Australia,Not Eligible
ST2941,Bahadurjit Sarraf,Male,22,Chennai,Tamil Nadu,BA,Mechanical,6.67,6.2,UK,Finance,2540274,Yes,Seminar,Documents,Rahul Singh,2025-05-04,2025-08-25,Dropped,64,Medium,73,UK,Not Eligible
ST2942,Aayush Manda,Male,23,Hyderabad,Telangana,BA,Marketing,6.52,7.9,Canada,Computer Science,2278400,No,Referral,Offer Letter,Priya Sharma,2025-02-01,2025-04-28,Active,99,Low,100,Canada,Not Eligible
ST2943,Oni Toor,Female,26,Ahmedabad,Gujarat,BA,ECE,8.81,6.9,USA,Cyber Security,2621851,Yes,Seminar,Offer Letter,Priya Sharma,2024-07-23,2024-08-06,Inactive,99,Low,100,USA,Merit Scholarship
ST2944,Balveer Walla,Female,21,Bangalore,Karnataka,BBA,Mechanical,9.52,6.9,Australia,Computer Science,2604884,Yes,Website,Enrolled,Rohit Gupta,2026-03-04,2026-04-27,Converted,99,Low,100,Australia,Merit Scholarship
ST2945,Zaitra Kothari,Female,21,Pune,Maharashtra,BCom,Biotechnology,6.29,6.7,UK,Finance,2249654,Yes,Seminar,Enrolled,Amit Verma,2025-03-19,2025-03-27,Converted,78,Medium,74,UK,Not Eligible
ST2946,Ekanta Radhakrishnan,Female,26,Chennai,Tamil Nadu,BBA,Marketing,6.45,7.9,UK,MBA,1173049,Yes,Seminar,Documents,Sneha Jain,2025-03-23,2025-05-25,Active,71,Medium,78,Germany,Not Eligible
ST2947,Bachittar Bhandari,Female,23,Ahmedabad,Gujarat,BCom,CSE,7.72,8.0,UK,Data Science,2374961,Yes,Website,Visa,Amit Verma,2025-05-01,2025-07-29,Converted,92,Low,100,Canada,Partial Scholarship
ST2948,Yatin Bhardwaj,Female,28,Delhi,Delhi,BCom,Mechanical,9.48,6.7,Australia,Computer Science,1600349,Yes,Instagram,Contacted,Rohit Gupta,2025-12-21,2026-04-01,Inactive,99,Low,96,Australia,Merit Scholarship
ST2949,Libni Ben,Female,25,Hyderabad,Telangana,BA,Mechanical,8.96,6.2,Australia,MBA,1659608,Yes,Referral,New Lead,Priya Sharma,2026-01-24,2026-02-07,Active,99,Low,100,Australia,Merit Scholarship
ST2950,Nathan Hora,Female,23,Ahmedabad,Gujarat,BBA,CSE,6.04,6.9,Germany,MBA,1263461,No,Seminar,Offer Letter,Rahul Singh,2025-04-07,2025-07-19,Active,69,Medium,64,Germany,Not Eligible
ST2951,Forum Varughese,Female,22,Hyderabad,Telangana,BBA,Biotechnology,7.33,5.9,Canada,Computer Science,3319372,Yes,Seminar,Offer Letter,Priya Sharma,2026-05-12,2026-08-16,Inactive,78,Medium,77,Canada,Not Eligible
ST2952,Ekta Vohra,Male,20,Pune,Maharashtra,BSc,IT,6.28,5.7,Canada,Data Science,986300,No,WhatsApp,Visa,Amit Verma,2026-03-07,2026-05-01,Converted,63,High,54,Germany,Not Eligible
ST2953,Dayamai Padmanabhan,Male,20,Hyderabad,Telangana,BA,Finance,6.68,8.0,UK,Data Science,3115945,No,Instagram,Contacted,Sneha Jain,2026-01-11,2026-02-24,Inactive,95,Low,91,Canada,Not Eligible
ST2954,Charvi Butala,Male,18,Chennai,Tamil Nadu,BA,CSE,8.83,6.4,Australia,Computer Science,3273121,Yes,Website,New Lead,Priya Sharma,2025-12-07,2026-02-20,Dropped,99,Low,97,Australia,Merit Scholarship
ST2955,Yatan Dalal,Male,19,Chennai,Tamil Nadu,BCom,CSE,9.47,7.0,Germany,Cyber Security,1467551,Yes,WhatsApp,Application,Amit Verma,2026-02-17,2026-04-28,Inactive,96,Low,99,Germany,Merit Scholarship
ST2956,Simon Bhat,Male,28,Chennai,Tamil Nadu,BCom,Biotechnology,8.61,5.6,Australia,Cyber Security,2535048,Yes,Website,New Lead,Priya Sharma,2025-11-16,2025-11-18,Active,94,Low,86,Australia,Merit Scholarship
ST2957,Agastya Kamdar,Female,25,Bhopal,Madhya Pradesh,BSc,CSE,7.67,6.5,Australia,Data Science,1646557,No,Website,Enrolled,Rahul Singh,2025-12-11,2026-02-19,Converted,81,Medium,76,Australia,Partial Scholarship
ST2958,Eta Patil,Female,20,Pune,Maharashtra,BA,Mechanical,8.54,6.0,USA,MBA,2999524,Yes,Referral,Visa,Rahul Singh,2024-07-17,2024-10-03,Converted,99,Low,100,USA,Merit Scholarship
ST2959,Yashodhara Khalsa,Female,25,Delhi,Delhi,BBA,Marketing,7.48,6.1,UK,Business Analytics,2736268,Yes,Instagram,Application,Priya Sharma,2026-04-24,2026-07-29,Dropped,73,Medium,79,UK,Not Eligible
ST2960,Dayita Dubey,Male,26,Ahmedabad,Gujarat,BA,ECE,9.67,5.9,Australia,Business Analytics,1731187,Yes,WhatsApp,Documents,Amit Verma,2024-07-27,2024-08-14,Dropped,92,Low,90,Australia,Merit Scholarship
ST2961,Rajata Hayre,Male,25,Bhopal,Madhya Pradesh,BSc,CSE,7.74,6.8,Australia,Finance,2017431,Yes,Seminar,Application,Priya Sharma,2024-11-30,2025-02-28,Inactive,80,Low,89,Australia,Partial Scholarship
ST2962,Sai Samra,Female,24,Pune,Maharashtra,BCom,Mechanical,9.53,5.9,USA,Data Science,2679113,Yes,Seminar,Counseling,Sneha Jain,2025-11-09,2025-11-12,Active,92,Low,99,USA,Merit Scholarship
ST2963,Ria Yohannan,Female,19,Chennai,Tamil Nadu,BBA,ECE,6.32,8.2,Canada,Computer Science,1964143,No,Instagram,Contacted,Sneha Jain,2026-01-28,2026-03-05,Inactive,89,Medium,79,Canada,Not Eligible
ST2964,Mahika Kapur,Female,22,Indore,Madhya Pradesh,BTech,Biotechnology,7.25,5.6,UK,Computer Science,3001368,No,Seminar,Application,Sneha Jain,2025-02-18,2025-04-25,Active,73,Medium,72,UK,Not Eligible
ST2965,Bhavika Kuruvilla,Male,21,Pune,Maharashtra,BBA,Biotechnology,7.64,6.7,Australia,MBA,1811766,No,Website,Contacted,Priya Sharma,2024-08-21,2024-11-07,Active,82,Medium,78,Australia,Partial Scholarship
ST2966,Warda Ramaswamy,Female,26,Pune,Maharashtra,BA,CSE,8.09,7.1,Canada,Business Analytics,1633888,No,Instagram,Visa,Rahul Singh,2025-09-21,2026-01-15,Active,80,Low,85,Canada,Partial Scholarship
ST2967,Ubika Mand,Female,23,Bhopal,Madhya Pradesh,BTech,Finance,6.61,6.2,Australia,Business Analytics,3017413,Yes,WhatsApp,Counseling,Priya Sharma,2024-06-21,2024-06-27,Inactive,68,Medium,73,Australia,Not Eligible
ST2968,Owen Dada,Male,20,Indore,Madhya Pradesh,BSc,ECE,9.34,8.1,UK,Business Analytics,2124870,Yes,Referral,Enrolled,Amit Verma,2025-09-27,2025-10-27,Converted,95,Low,100,Canada,Merit Scholarship
ST2969,Daksha Memon,Female,23,Jaipur,Rajasthan,BCom,Mechanical,8.62,8.4,UK,Finance,2908586,Yes,Instagram,Contacted,Priya Sharma,2024-09-22,2024-12-24,Dropped,94,Low,100,Canada,Merit Scholarship
ST2970,Jagat Ganesh,Male,28,Jaipur,Rajasthan,BA,CSE,8.21,7.7,Canada,Computer Science,3051927,No,Seminar,Enrolled,Amit Verma,2025-07-20,2025-08-03,Converted,99,Low,100,Canada,Partial Scholarship
ST2971,Gopal Boase,Female,18,Bhopal,Madhya Pradesh,BSc,Mechanical,6.81,7.9,Australia,Artificial Intelligence,2765243,No,Referral,New Lead,Amit Verma,2025-07-25,2025-08-06,Dropped,99,Low,100,Canada,Not Eligible
ST2972,Ubika Nadkarni,Male,22,Indore,Madhya Pradesh,BTech,Mechanical,8.16,6.0,Canada,Computer Science,1681145,Yes,WhatsApp,Counseling,Sneha Jain,2025-11-09,2025-11-14,Inactive,78,Medium,76,Canada,Partial Scholarship
ST2973,Wahab Tank,Female,21,Chennai,Tamil Nadu,BBA,IT,7.91,7.2,Canada,Finance,1201723,Yes,WhatsApp,Documents,Priya Sharma,2024-10-11,2024-12-31,Inactive,82,Low,86,Germany,Partial Scholarship
ST2974,Samesh Chopra,Male,24,Pune,Maharashtra,BTech,Biotechnology,8.47,7.3,Germany,MBA,1466402,No,WhatsApp,Counseling,Rahul Singh,2025-05-02,2025-07-17,Active,99,Low,92,Germany,Partial Scholarship
ST2975,Balveer Mitra,Male,18,Indore,Madhya Pradesh,BA,Mechanical,7.7,7.6,Canada,Data Science,2625389,Yes,Instagram,Enrolled,Rahul Singh,2024-11-27,2024-12-22,Converted,92,Low,97,Canada,Partial Scholarship
ST2976,Amara Mistry,Female,21,Hyderabad,Telangana,BSc,Marketing,8.62,5.7,Canada,Data Science,3493140,Yes,Seminar,Documents,Rahul Singh,2025-02-26,2025-06-25,Dropped,95,Low,88,Canada,Merit Scholarship
ST2977,Dhriti Khosla,Female,22,Mumbai,Maharashtra,BBA,Mechanical,8.6,7.8,Australia,Artificial Intelligence,3093038,Yes,Referral,Documents,Sneha Jain,2026-04-01,2026-04-10,Inactive,99,Low,100,Canada,Merit Scholarship
ST2978,Bhavna Sura,Female,22,Bangalore,Karnataka,BA,Biotechnology,8.59,5.7,Australia,Computer Science,2870313,Yes,Website,Visa,Sneha Jain,2025-01-06,2025-01-19,Converted,88,Low,87,Australia,Merit Scholarship
ST2979,Fitan Kurian,Female,19,Indore,Madhya Pradesh,BBA,ECE,6.98,8.5,Canada,Artificial Intelligence,1095089,Yes,Website,Documents,Priya Sharma,2025-07-26,2025-08-11,Active,86,Low,89,Germany,Not Eligible
ST2980,Lopa Kothari,Male,18,Bangalore,Karnataka,BTech,Biotechnology,6.15,7.1,Canada,Business Analytics,1011148,No,Referral,Visa,Amit Verma,2026-03-05,2026-04-24,Converted,80,Low,81,Germany,Not Eligible
ST2981,Maanav Mukhopadhyay,Female,25,Delhi,Delhi,BBA,CSE,6.61,7.5,Australia,Data Science,2382408,No,WhatsApp,Application,Amit Verma,2025-08-20,2025-09-07,Active,91,Low,86,Canada,Not Eligible
ST2982,Yug Gokhale,Male,25,Jaipur,Rajasthan,BTech,Biotechnology,6.94,6.2,USA,Business Analytics,2835034,Yes,Website,Application,Sneha Jain,2025-09-24,2025-12-26,Inactive,71,Medium,76,USA,Not Eligible
ST2983,Nidra Sethi,Female,18,Indore,Madhya Pradesh,BSc,Finance,8.03,6.6,Australia,Business Analytics,2330510,Yes,Referral,Contacted,Sneha Jain,2025-02-08,2025-02-11,Dropped,95,Low,100,Australia,Partial Scholarship
ST2984,Reyansh Balay,Female,18,Indore,Madhya Pradesh,BCom,Biotechnology,6.63,7.4,Canada,Artificial Intelligence,2984988,Yes,Website,Enrolled,Rohit Gupta,2024-09-03,2024-11-19,Converted,89,Low,85,Canada,Not Eligible
ST2985,Upasna Sura,Male,24,Bangalore,Karnataka,BTech,Marketing,7.2,6.8,Australia,MBA,1756627,Yes,Instagram,Visa,Rahul Singh,2026-03-18,2026-07-11,Converted,71,Medium,74,Australia,Not Eligible
ST2986,Chameli Raj,Female,20,Jaipur,Rajasthan,BSc,Finance,9.48,6.5,UK,Artificial Intelligence,2469237,Yes,WhatsApp,Offer Letter,Rohit Gupta,2025-08-18,2025-11-12,Dropped,99,Low,100,UK,Merit Scholarship
ST2987,Vihaan Pingle,Female,26,Mumbai,Maharashtra,BSc,Biotechnology,7.34,8.4,UK,Finance,2301580,No,Seminar,Offer Letter,Rahul Singh,2025-08-03,2025-08-09,Active,99,Low,100,Canada,Not Eligible
ST2988,Hemal Kapadia,Female,24,Ahmedabad,Gujarat,BTech,ECE,8.65,8.4,Canada,Cyber Security,825108,Yes,Referral,Application,Priya Sharma,2025-03-06,2025-03-19,Inactive,99,Low,100,Germany,Merit Scholarship
ST2989,Indira Khatri,Male,26,Mumbai,Maharashtra,BTech,ECE,8.79,8.2,Canada,Business Analytics,3181405,Yes,WhatsApp,Documents,Rohit Gupta,2025-05-07,2025-06-14,Active,99,Low,100,Canada,Merit Scholarship
ST2990,Simon Cheema,Female,24,Indore,Madhya Pradesh,BBA,IT,6.68,8.2,Australia,Finance,1530848,Yes,Instagram,Application,Sneha Jain,2025-04-14,2025-04-24,Active,90,Low,82,Canada,Not Eligible
ST2991,Odika Kumar,Male,19,Chennai,Tamil Nadu,BCom,Biotechnology,7.74,8.0,Australia,Artificial Intelligence,2858541,No,Seminar,Application,Amit Verma,2025-04-05,2025-04-30,Inactive,99,Low,100,Canada,Partial Scholarship
ST2992,Harrison Mammen,Female,18,Ahmedabad,Gujarat,BSc,Finance,9.3,5.7,Germany,MBA,1135424,Yes,Seminar,Offer Letter,Sneha Jain,2024-12-12,2025-03-05,Dropped,78,Low,85,Germany,Merit Scholarship
ST2993,Oscar Arora,Male,28,Mumbai,Maharashtra,BTech,Finance,9.39,6.9,UK,Data Science,3266379,Yes,WhatsApp,Visa,Amit Verma,2026-01-23,2026-01-25,Active,99,Low,100,UK,Merit Scholarship
ST2994,Onkar Bera,Male,26,Bhopal,Madhya Pradesh,BSc,Marketing,6.08,5.6,Australia,Finance,2418847,No,Seminar,Visa,Sneha Jain,2024-07-26,2024-10-12,Converted,69,Medium,60,Australia,Not Eligible
ST2995,Nilima Shetty,Male,20,Ahmedabad,Gujarat,BSc,CSE,8.17,8.1,Canada,MBA,2243473,Yes,Instagram,Enrolled,Rohit Gupta,2025-11-04,2025-12-10,Converted,99,Low,100,Canada,Partial Scholarship
ST2996,Ranbir Chakrabarti,Female,28,Jaipur,Rajasthan,BBA,Mechanical,7.71,7.3,UK,Computer Science,1668899,No,WhatsApp,Contacted,Priya Sharma,2025-03-12,2025-07-02,Inactive,91,Low,85,Canada,Partial Scholarship
ST2997,Waida Dada,Female,23,Delhi,Delhi,BSc,CSE,9.0,6.6,Canada,Business Analytics,1573148,Yes,Website,Visa,Priya Sharma,2025-11-22,2026-03-15,Active,87,Low,90,Canada,Merit Scholarship
ST2998,Yachana Prakash,Male,20,Chennai,Tamil Nadu,BSc,Biotechnology,9.79,5.8,UK,Cyber Security,1863949,Yes,Referral,Counseling,Amit Verma,2024-10-28,2025-02-09,Active,97,Low,100,UK,Merit Scholarship
ST2999,Luke Sarna,Male,20,Hyderabad,Telangana,BTech,Marketing,8.74,6.4,Germany,Finance,1125201,Yes,Seminar,Application,Priya Sharma,2024-12-30,2025-02-20,Active,87,Low,86,Germany,Merit Scholarship
ST3000,Ira Modi,Female,22,Indore,Madhya Pradesh,BTech,CSE,7.11,7.4,Germany,Artificial Intelligence,1051958,Yes,Website,Application,Sneha Jain,2024-06-03,2024-07-12,Active,74,Low,80,Germany,Not Eligible
ST3001,Zashil Mohanty,Female,22,Hyderabad,Telangana,BBA,IT,7.82,6.0,Germany,MBA,1184933,Yes,Referral,New Lead,Rohit Gupta,2025-07-10,2025-09-06,Dropped,84,Low,88,Germany,Partial Scholarship
ST3002,Oliver Chadha,Male,27,Mumbai,Maharashtra,BTech,Biotechnology,6.41,8.3,Australia,Data Science,3410147,Yes,WhatsApp,Enrolled,Rohit Gupta,2025-07-25,2025-11-02,Converted,89,Low,92,Canada,Not Eligible
ST3003,Kalpit Deshpande,Male,25,Hyderabad,Telangana,BTech,Finance,9.24,6.9,Australia,MBA,1797518,Yes,Referral,Visa,Rohit Gupta,2025-08-04,2025-09-02,Active,99,Low,100,Australia,Merit Scholarship
ST3004,Oeshi Narayan,Male,26,Ahmedabad,Gujarat,BBA,Marketing,8.13,6.5,UK,Computer Science,2748767,Yes,WhatsApp,Offer Letter,Rohit Gupta,2024-07-29,2024-10-01,Inactive,99,Low,91,UK,Partial Scholarship
ST3005,Gautam Kota,Female,25,Indore,Madhya Pradesh,BBA,Finance,6.21,6.9,Canada,Computer Science,1983800,No,Website,Visa,Priya Sharma,2025-02-01,2025-03-02,Converted,74,Medium,66,Canada,Not Eligible
ST3006,Rachita Magar,Female,26,Delhi,Delhi,BA,Biotechnology,8.0,7.6,UK,Computer Science,2697263,No,Seminar,Application,Priya Sharma,2026-02-02,2026-05-30,Inactive,99,Low,100,Canada,Partial Scholarship
ST3007,Rajata Bakshi,Male,23,Delhi,Delhi,BBA,CSE,8.15,8.0,UK,Business Analytics,815969,Yes,WhatsApp,Visa,Rohit Gupta,2025-01-20,2025-03-16,Converted,99,Low,96,Germany,Partial Scholarship
ST3008,Nathaniel Balan,Female,18,Bhopal,Madhya Pradesh,BBA,CSE,7.07,6.3,Canada,Computer Science,1183401,Yes,Seminar,New Lead,Amit Verma,2024-11-27,2025-01-06,Active,75,Medium,67,Germany,Not Eligible
ST3009,Onkar Guha,Female,26,Hyderabad,Telangana,BSc,Biotechnology,8.47,6.8,Canada,Computer Science,3035365,No,WhatsApp,Documents,Rohit Gupta,2025-11-08,2025-11-09,Active,96,Low,96,Canada,Partial Scholarship
ST3010,Raghav Chokshi,Female,26,Indore,Madhya Pradesh,BTech,ECE,8.06,6.4,Germany,Business Analytics,1453889,No,Seminar,Application,Sneha Jain,2025-02-11,2025-03-29,Inactive,83,Medium,79,Germany,Partial Scholarship
ST3011,Rajata Raja,Female,26,Delhi,Delhi,BSc,IT,6.16,7.1,Australia,Business Analytics,1897572,No,Seminar,Enrolled,Sneha Jain,2026-01-24,2026-02-24,Converted,63,Medium,66,Canada,Not Eligible
ST3012,Gautami Sarraf,Male,18,Bhopal,Madhya Pradesh,BTech,Finance,6.81,7.3,Australia,Computer Science,2719090,No,WhatsApp,Offer Letter,Priya Sharma,2024-09-16,2024-12-12,Active,83,Low,86,Canada,Not Eligible
ST3013,Hemani Khare,Female,20,Jaipur,Rajasthan,BTech,Mechanical,6.02,8.0,Australia,Computer Science,2538918,No,Seminar,Visa,Rahul Singh,2024-08-19,2024-09-02,Active,86,Low,85,Canada,Not Eligible
ST3014,Vrishti Gulati,Female,22,Bangalore,Karnataka,BSc,Mechanical,9.7,6.7,Australia,Computer Science,3123090,Yes,Referral,Offer Letter,Amit Verma,2025-04-26,2025-07-15,Active,96,Low,100,Australia,Merit Scholarship
ST3015,Kiaan Dutta,Female,19,Bangalore,Karnataka,BA,ECE,7.76,6.8,Canada,Computer Science,2237792,No,Website,Counseling,Rohit Gupta,2025-08-17,2025-10-13,Active,90,Low,89,Canada,Partial Scholarship
ST3016,Banjeet Sharma,Female,21,Bangalore,Karnataka,BA,IT,9.3,6.3,Australia,Cyber Security,1997405,Yes,Website,Counseling,Amit Verma,2024-09-03,2024-09-05,Active,86,Low,90,Australia,Merit Scholarship
ST3017,Ethan Kanda,Male,25,Bhopal,Madhya Pradesh,BA,CSE,6.34,5.5,Canada,Cyber Security,871643,Yes,Instagram,Visa,Rohit Gupta,2024-10-14,2024-10-18,Active,62,High,53,Germany,Not Eligible
ST3018,Upasna Baral,Female,22,Hyderabad,Telangana,BCom,Biotechnology,7.8,5.9,UK,Business Analytics,1752115,Yes,WhatsApp,New Lead,Amit Verma,2025-02-15,2025-03-20,Dropped,81,Medium,72,UK,Partial Scholarship
ST3019,Nicholas Lata,Male,21,Mumbai,Maharashtra,BBA,IT,8.89,5.7,UK,Business Analytics,1875087,Yes,Seminar,Offer Letter,Priya Sharma,2025-07-15,2025-10-20,Dropped,86,Low,80,UK,Merit Scholarship
ST3020,Zashil Sekhon,Male,27,Delhi,Delhi,BSc,Finance,8.44,7.5,Australia,Finance,2856565,No,WhatsApp,Enrolled,Amit Verma,2026-04-01,2026-04-02,Converted,90,Low,100,Canada,Partial Scholarship
ST3021,Jai Sant,Female,26,Bhopal,Madhya Pradesh,BSc,IT,8.91,6.3,Australia,Cyber Security,3329470,Yes,Seminar,Offer Letter,Sneha Jain,2026-01-17,2026-04-14,Dropped,86,Low,96,Australia,Merit Scholarship
ST3022,Jasmit Dora,Female,28,Bangalore,Karnataka,BA,ECE,8.32,7.4,UK,Data Science,2217563,No,Website,Counseling,Rahul Singh,2026-01-31,2026-03-28,Dropped,99,Low,100,Canada,Partial Scholarship
ST3023,Bhavani Chana,Male,21,Indore,Madhya Pradesh,BSc,Biotechnology,7.8,6.2,Australia,Computer Science,2972089,Yes,Seminar,Application,Amit Verma,2026-02-16,2026-05-20,Inactive,79,Low,85,Australia,Partial Scholarship
ST3024,Garima Maharaj,Male,21,Hyderabad,Telangana,BA,IT,9.02,7.9,Canada,Computer Science,2478359,Yes,WhatsApp,New Lead,Rohit Gupta,2025-04-03,2025-06-06,Dropped,99,Low,100,Canada,Merit Scholarship
ST3025,Kabir Ramakrishnan,Female,19,Delhi,Delhi,BBA,ECE,9.16,6.8,Australia,Business Analytics,3398206,Yes,Instagram,Enrolled,Priya Sharma,2025-08-20,2025-11-08,Converted,99,Low,100,Australia,Merit Scholarship
ST3026,Chandran Dhaliwal,Male,26,Hyderabad,Telangana,BSc,CSE,6.66,5.8,Germany,Artificial Intelligence,801386,Yes,Seminar,New Lead,Sneha Jain,2025-04-21,2025-08-09,Inactive,61,High,58,Germany,Not Eligible
ST3027,Anirudh Thakkar,Male,23,Ahmedabad,Gujarat,BTech,IT,7.05,7.0,Australia,Finance,2168096,Yes,Instagram,Counseling,Sneha Jain,2025-04-04,2025-04-12,Dropped,89,Low,85,Canada,Not Eligible
ST3028,Rehaan Kunda,Female,20,Delhi,Delhi,BBA,CSE,6.52,7.1,Germany,Artificial Intelligence,904900,No,WhatsApp,Enrolled,Priya Sharma,2025-08-26,2025-11-22,Converted,61,Medium,70,Germany,Not Eligible
ST3029,Gautami Bhatt,Female,20,Bhopal,Madhya Pradesh,BA,Finance,8.83,6.1,UK,MBA,1752996,Yes,WhatsApp,Enrolled,Rohit Gupta,2026-05-26,2026-06-14,Converted,82,Low,83,UK,Merit Scholarship
ST3030,Nathaniel Wadhwa,Female,28,Jaipur,Rajasthan,BA,Mechanical,9.1,7.0,Canada,Artificial Intelligence,2617826,Yes,Website,Offer Letter,Amit Verma,2026-04-03,2026-04-07,Dropped,99,Low,100,Canada,Merit Scholarship
ST3031,Vanya Pathak,Female,22,Pune,Maharashtra,BTech,Biotechnology,8.34,7.4,Canada,Computer Science,2145573,Yes,Seminar,Offer Letter,Priya Sharma,2025-03-04,2025-03-17,Active,95,Low,100,Canada,Partial Scholarship
ST3032,Aishani Dara,Male,23,Pune,Maharashtra,BCom,Marketing,7.8,5.6,Germany,Computer Science,899750,Yes,WhatsApp,New Lead,Sneha Jain,2025-06-15,2025-09-03,Inactive,63,Medium,68,Germany,Partial Scholarship
ST3033,Sudiksha Chahal,Female,19,Bangalore,Karnataka,BBA,Biotechnology,8.45,8.0,Canada,Finance,3489934,Yes,Website,Application,Rahul Singh,2025-01-08,2025-01-19,Dropped,91,Low,100,Canada,Partial Scholarship
ST3034,Radha Dugar,Female,23,Chennai,Tamil Nadu,BA,ECE,6.82,7.1,Canada,Finance,2498264,Yes,Website,New Lead,Rahul Singh,2025-03-28,2025-04-21,Active,91,Low,83,Canada,Not Eligible
ST3035,Wyatt De,Male,27,Mumbai,Maharashtra,BTech,Marketing,6.34,6.3,UK,Data Science,1607942,Yes,Website,Documents,Priya Sharma,2024-10-12,2024-11-08,Active,56,Medium,60,UK,Not Eligible
ST3036,Hemang Yohannan,Male,18,Indore,Madhya Pradesh,BA,Marketing,9.69,7.3,Canada,Computer Science,3214976,Yes,Website,New Lead,Sneha Jain,2024-06-21,2024-08-24,Active,99,Low,100,Canada,Merit Scholarship
ST3037,Chasmum Panchal,Female,27,Pune,Maharashtra,BA,IT,7.43,6.5,Australia,Data Science,1708643,No,Instagram,Counseling,Rahul Singh,2025-04-04,2025-07-07,Active,75,Medium,74,Australia,Not Eligible
ST3038,Anthony Srivastava,Female,23,Pune,Maharashtra,BTech,Biotechnology,8.34,6.5,UK,Computer Science,1672304,No,WhatsApp,Visa,Rohit Gupta,2025-02-17,2025-06-03,Converted,76,Low,83,UK,Partial Scholarship
ST3039,Ridhi Biswas,Male,20,Jaipur,Rajasthan,BTech,Marketing,7.2,6.4,Canada,Cyber Security,3445523,Yes,WhatsApp,Counseling,Priya Sharma,2025-05-28,2025-07-27,Dropped,71,Low,81,Canada,Not Eligible
ST3040,Girik Mane,Male,26,Ahmedabad,Gujarat,BTech,IT,8.28,7.6,Australia,Finance,2441226,Yes,Website,Counseling,Sneha Jain,2025-12-05,2026-03-18,Active,99,Low,100,Canada,Partial Scholarship
ST3041,Tanay Bahri,Male,19,Bangalore,Karnataka,BSc,Marketing,7.97,8.3,UK,Artificial Intelligence,2743495,No,Referral,Enrolled,Rohit Gupta,2025-11-13,2026-02-16,Converted,91,Low,100,Canada,Partial Scholarship
ST3042,Ishaan Rao,Male,18,Bhopal,Madhya Pradesh,BSc,CSE,9.19,6.5,Germany,Cyber Security,1464957,Yes,WhatsApp,Application,Rahul Singh,2024-09-05,2024-12-25,Active,86,Low,91,Germany,Merit Scholarship
ST3043,Christopher Mishra,Male,20,Pune,Maharashtra,BCom,Mechanical,8.63,7.8,Australia,Artificial Intelligence,3461498,Yes,WhatsApp,Application,Rohit Gupta,2025-11-27,2025-12-06,Dropped,93,Low,100,Canada,Merit Scholarship
ST3044,Bhavya Khanna,Male,26,Delhi,Delhi,BSc,CSE,9.5,7.3,UK,Data Science,3010764,Yes,Referral,Application,Priya Sharma,2025-03-07,2025-04-06,Dropped,93,Low,100,Canada,Merit Scholarship
ST3045,Om Desai,Male,21,Mumbai,Maharashtra,BBA,Finance,8.56,5.7,Australia,Cyber Security,1681716,Yes,Instagram,New Lead,Priya Sharma,2025-11-27,2025-12-31,Dropped,75,Medium,77,Australia,Merit Scholarship
ST3046,Dayita Saini,Male,22,Chennai,Tamil Nadu,BTech,Mechanical,8.25,8.3,Canada,Cyber Security,2435817,No,Instagram,Visa,Rahul Singh,2024-09-21,2024-11-30,Converted,95,Low,100,Canada,Partial Scholarship
ST3047,Saumya Dayal,Female,23,Ahmedabad,Gujarat,BTech,IT,8.67,7.7,Australia,Cyber Security,1306131,Yes,Instagram,Visa,Sneha Jain,2025-11-13,2026-01-11,Active,90,Low,98,Germany,Merit Scholarship
ST3048,Kashvi Mukhopadhyay,Male,21,Ahmedabad,Gujarat,BBA,IT,7.57,6.3,USA,Data Science,3275000,Yes,WhatsApp,Application,Rahul Singh,2025-08-14,2025-12-12,Inactive,90,Low,82,USA,Partial Scholarship
ST3049,Christopher Mukherjee,Female,25,Jaipur,Rajasthan,BBA,CSE,6.05,5.5,Australia,Business Analytics,2642491,Yes,Seminar,Enrolled,Priya Sharma,2025-11-09,2026-02-02,Converted,55,Medium,60,Australia,Not Eligible
ST3050,Timothy Keer,Female,28,Mumbai,Maharashtra,BCom,IT,8.03,7.1,Australia,Cyber Security,3225064,No,Instagram,Offer Letter,Sneha Jain,2025-11-10,2025-12-11,Inactive,97,Low,95,Canada,Partial Scholarship
ST3051,Onveer Babu,Male,25,Mumbai,Maharashtra,BA,IT,7.41,7.0,UK,Computer Science,1664442,No,Website,Counseling,Rohit Gupta,2026-01-29,2026-05-01,Active,85,Medium,79,Canada,Not Eligible
ST3052,Gautam Sarna,Male,20,Mumbai,Maharashtra,BTech,CSE,6.18,5.7,UK,MBA,3479580,Yes,WhatsApp,Counseling,Rahul Singh,2024-09-02,2024-11-07,Active,66,Medium,63,UK,Not Eligible
ST3053,Anusha Morar,Female,22,Hyderabad,Telangana,BBA,Finance,9.22,7.4,Canada,Cyber Security,3260353,Yes,Referral,Counseling,Rahul Singh,2024-10-01,2024-12-04,Dropped,94,Low,100,Canada,Merit Scholarship
ST3054,Naveen Chowdhury,Female,23,Delhi,Delhi,BCom,Finance,9.0,6.5,Germany,Cyber Security,1211383,Yes,Instagram,Visa,Priya Sharma,2026-05-08,2026-05-24,Converted,99,Low,90,Germany,Merit Scholarship
ST3055,Yashvi Nayar,Female,20,Jaipur,Rajasthan,BA,Biotechnology,7.61,7.9,Australia,Cyber Security,2826840,Yes,Seminar,Contacted,Priya Sharma,2025-07-29,2025-11-15,Dropped,99,Low,100,Canada,Partial Scholarship
ST3056,Arya Subramanian,Female,22,Bhopal,Madhya Pradesh,BTech,ECE,9.27,8.1,Australia,Business Analytics,2287476,Yes,Instagram,Application,Sneha Jain,2025-05-24,2025-08-16,Inactive,95,Low,100,Canada,Merit Scholarship
ST3057,Maanav Patil,Female,28,Chennai,Tamil Nadu,BBA,IT,9.02,8.4,UK,Finance,1932596,Yes,Referral,Offer Letter,Rohit Gupta,2025-08-30,2025-09-05,Inactive,99,Low,100,Canada,Merit Scholarship
ST3058,Ansh Prakash,Female,23,Chennai,Tamil Nadu,BBA,Mechanical,7.79,6.5,USA,Data Science,2955314,No,Website,Visa,Rahul Singh,2025-04-15,2025-06-19,Converted,77,Low,87,USA,Partial Scholarship
ST3059,Bakhshi Prabhakar,Female,19,Bhopal,Madhya Pradesh,BBA,Mechanical,6.31,5.9,Canada,Business Analytics,2387222,Yes,Website,Contacted,Rohit Gupta,2025-11-06,2026-02-10,Dropped,75,Medium,67,Canada,Not Eligible
ST3060,Harsh Gokhale,Male,18,Chennai,Tamil Nadu,BCom,ECE,7.61,6.0,UK,Artificial Intelligence,3061255,Yes,Referral,Offer Letter,Rohit Gupta,2026-02-12,2026-05-27,Inactive,91,Low,96,UK,Partial Scholarship
ST3061,Nathaniel Ratta,Female,21,Indore,Madhya Pradesh,BSc,ECE,6.69,7.9,UK,Data Science,2660985,No,Seminar,Enrolled,Priya Sharma,2026-03-23,2026-03-31,Converted,89,Low,90,Canada,Not Eligible
ST3062,Kamala Hans,Male,18,Jaipur,Rajasthan,BA,Marketing,9.5,6.6,Canada,Data Science,1605100,Yes,Referral,Contacted,Amit Verma,2026-03-10,2026-06-28,Active,99,Low,100,Canada,Merit Scholarship
ST3063,Balendra Natarajan,Male,18,Ahmedabad,Gujarat,BBA,Mechanical,9.72,6.2,Australia,Artificial Intelligence,1852055,Yes,Referral,Application,Sneha Jain,2026-01-15,2026-05-14,Dropped,91,Low,100,Australia,Merit Scholarship
ST3064,Oeshi Kadakia,Male,23,Chennai,Tamil Nadu,BBA,Mechanical,7.0,6.5,UK,Artificial Intelligence,2303255,Yes,Referral,Enrolled,Rahul Singh,2025-11-30,2025-12-25,Converted,97,Low,95,UK,Not Eligible
ST3065,Praneel Kapoor,Male,26,Chennai,Tamil Nadu,BBA,Mechanical,7.18,5.5,Canada,Business Analytics,2330418,Yes,Instagram,Application,Priya Sharma,2025-05-11,2025-09-03,Inactive,68,Medium,71,Canada,Not Eligible
ST3066,Patrick Halder,Male,21,Jaipur,Rajasthan,BBA,IT,8.26,7.7,Canada,Business Analytics,1193267,Yes,Seminar,Offer Letter,Rohit Gupta,2024-07-03,2024-10-23,Active,88,Low,94,Germany,Partial Scholarship
ST3067,Urvi Vohra,Female,26,Bhopal,Madhya Pradesh,BA,CSE,7.1,7.3,Germany,Business Analytics,1013097,Yes,Website,Offer Letter,Rohit Gupta,2024-07-02,2024-09-17,Inactive,82,Medium,78,Germany,Not Eligible
ST3068,Chaitaly Gole,Female,23,Ahmedabad,Gujarat,BSc,Biotechnology,6.94,5.9,Australia,Artificial Intelligence,2674851,Yes,Referral,Offer Letter,Priya Sharma,2025-06-14,2025-06-27,Active,89,Low,88,Australia,Not Eligible
ST3069,Warjas Natarajan,Female,23,Ahmedabad,Gujarat,BBA,Finance,9.21,7.1,Germany,Data Science,1356588,Yes,WhatsApp,Visa,Rahul Singh,2024-09-25,2024-10-25,Active,99,Low,97,Germany,Merit Scholarship
ST3070,Ekaja De,Male,20,Bangalore,Karnataka,BTech,Biotechnology,6.26,6.9,Canada,Data Science,2571961,Yes,Instagram,Visa,Rahul Singh,2025-09-06,2025-12-08,Converted,85,Medium,76,Canada,Not Eligible
ST3071,Tarak Chhabra,Male,18,Mumbai,Maharashtra,BTech,CSE,6.3,6.6,Canada,Cyber Security,3400234,Yes,Referral,Contacted,Amit Verma,2024-07-09,2024-10-06,Active,81,Low,87,Canada,Not Eligible
ST3072,Gagan Chawla,Male,27,Chennai,Tamil Nadu,BBA,Marketing,8.21,6.4,Australia,MBA,3021259,Yes,Referral,New Lead,Rohit Gupta,2025-06-09,2025-07-15,Inactive,96,Low,100,Australia,Partial Scholarship
ST3073,Lavanya Banik,Female,19,Pune,Maharashtra,BTech,Marketing,7.08,7.6,UK,Business Analytics,3395123,No,Referral,Application,Sneha Jain,2025-03-12,2025-04-17,Inactive,99,Low,100,Canada,Not Eligible
ST3074,Eta Hayer,Female,19,Mumbai,Maharashtra,BTech,ECE,6.25,6.3,Germany,Business Analytics,828448,Yes,Referral,Application,Priya Sharma,2025-07-13,2025-08-01,Dropped,75,Medium,74,Germany,Not Eligible
ST3075,Reyansh Bhargava,Female,20,Indore,Madhya Pradesh,BSc,Biotechnology,9.33,7.5,UK,Data Science,958930,Yes,WhatsApp,Documents,Amit Verma,2024-07-07,2024-09-10,Inactive,99,Low,100,Germany,Merit Scholarship
ST3076,Hiral Nagy,Male,19,Ahmedabad,Gujarat,BTech,IT,6.1,6.8,Germany,Finance,1307652,Yes,Website,Counseling,Sneha Jain,2025-01-06,2025-05-03,Dropped,68,Medium,62,Germany,Not Eligible
ST3077,Krishna Borra,Male,27,Bhopal,Madhya Pradesh,BSc,Mechanical,6.32,7.9,Canada,Data Science,1162560,Yes,WhatsApp,Contacted,Amit Verma,2025-09-02,2025-09-11,Inactive,82,Medium,77,Germany,Not Eligible
ST3078,Abdul Bail,Male,23,Indore,Madhya Pradesh,BA,Marketing,7.39,7.5,Australia,Finance,1240102,Yes,Referral,Contacted,Amit Verma,2024-06-01,2024-07-16,Inactive,95,Low,98,Germany,Not Eligible
ST3079,Samaksh Pandya,Male,28,Bangalore,Karnataka,BA,IT,9.4,6.2,Germany,Artificial Intelligence,991169,Yes,WhatsApp,Offer Letter,Rohit Gupta,2024-10-10,2024-11-01,Inactive,92,Low,91,Germany,Merit Scholarship
ST3080,Hemal Pandya,Female,20,Bhopal,Madhya Pradesh,BSc,IT,9.34,7.0,Canada,Business Analytics,3308100,Yes,Website,Counseling,Amit Verma,2025-02-09,2025-05-20,Inactive,95,Low,100,Canada,Merit Scholarship
ST3081,Isaac Kota,Male,26,Mumbai,Maharashtra,BTech,IT,9.61,7.3,Canada,Artificial Intelligence,3005621,Yes,Instagram,Visa,Sneha Jain,2024-08-02,2024-11-08,Active,99,Low,100,Canada,Merit Scholarship
ST3082,Aarush Sura,Female,20,Indore,Madhya Pradesh,BSc,ECE,6.48,7.9,Australia,MBA,2807038,Yes,Website,Offer Letter,Rohit Gupta,2025-10-22,2025-12-17,Dropped,96,Low,88,Canada,Not Eligible
ST3083,Ekantika Hayer,Female,20,Bangalore,Karnataka,BBA,Finance,9.39,7.0,UK,Artificial Intelligence,2407028,Yes,WhatsApp,Application,Amit Verma,2024-07-10,2024-07-17,Active,96,Low,100,Canada,Merit Scholarship
ST3084,Owen Rai,Female,20,Chennai,Tamil Nadu,BA,CSE,8.7,5.8,Canada,MBA,3047204,Yes,Website,Offer Letter,Rohit Gupta,2025-01-21,2025-04-14,Inactive,83,Low,88,Canada,Merit Scholarship
ST3085,Radhika Sarna,Male,27,Pune,Maharashtra,BBA,Biotechnology,9.57,5.6,Canada,Finance,2011936,Yes,Instagram,Counseling,Amit Verma,2026-01-13,2026-04-20,Dropped,89,Low,95,Canada,Merit Scholarship
ST3086,Baghyawati Majumdar,Male,26,Mumbai,Maharashtra,BCom,Mechanical,8.91,5.5,Canada,Business Analytics,2957349,Yes,Seminar,Application,Sneha Jain,2024-07-26,2024-09-02,Inactive,87,Low,89,Canada,Merit Scholarship
ST3087,Irya Nanda,Female,25,Hyderabad,Telangana,BSc,Mechanical,6.84,5.6,Canada,Artificial Intelligence,3380345,Yes,Website,New Lead,Sneha Jain,2025-05-02,2025-05-23,Dropped,67,Medium,68,Canada,Not Eligible
ST3088,Aahana Madan,Male,25,Mumbai,Maharashtra,BCom,Finance,9.03,7.7,Australia,Finance,2006492,Yes,Website,Application,Amit Verma,2026-02-14,2026-04-26,Active,95,Low,100,Canada,Merit Scholarship
ST3089,Warjas Goel,Female,19,Bhopal,Madhya Pradesh,BTech,Mechanical,7.19,8.3,Australia,MBA,1502977,Yes,Referral,Visa,Rohit Gupta,2025-06-04,2025-06-21,Converted,94,Low,100,Canada,Not Eligible
ST3090,Tristan Narula,Female,28,Delhi,Delhi,BTech,Mechanical,6.24,7.0,UK,Data Science,2777082,Yes,Referral,New Lead,Sneha Jain,2026-02-03,2026-04-04,Inactive,83,Low,92,Canada,Not Eligible
ST3091,Balendra Narula,Male,28,Delhi,Delhi,BA,CSE,8.65,7.7,Canada,Artificial Intelligence,1542244,Yes,Instagram,Contacted,Rahul Singh,2024-06-21,2024-09-05,Inactive,97,Low,98,Canada,Merit Scholarship
ST3092,Luke Jani,Female,25,Ahmedabad,Gujarat,BBA,IT,8.6,6.6,Australia,Cyber Security,2353852,Yes,Instagram,Visa,Rahul Singh,2025-06-01,2025-08-23,Converted,96,Low,95,Australia,Merit Scholarship
ST3093,Reyansh Sachdev,Male,25,Jaipur,Rajasthan,BTech,Mechanical,7.4,7.6,Australia,Finance,1364132,No,Seminar,Counseling,Amit Verma,2025-11-09,2025-11-13,Active,86,Low,84,Germany,Not Eligible
ST3094,Jasmit Rastogi,Female,21,Bhopal,Madhya Pradesh,BBA,Biotechnology,7.01,6.8,Australia,Computer Science,1764244,No,WhatsApp,Visa,Priya Sharma,2024-07-13,2024-09-06,Converted,62,Medium,72,Australia,Not Eligible
ST3095,Xiti Vyas,Male,24,Jaipur,Rajasthan,BBA,Mechanical,8.2,5.9,Canada,Finance,2182779,No,Website,Counseling,Sneha Jain,2026-05-05,2026-07-10,Dropped,79,Low,85,Canada,Partial Scholarship
ST3096,Sarthak Majumdar,Male,28,Hyderabad,Telangana,BTech,Mechanical,8.52,6.2,Germany,Computer Science,1364449,Yes,Seminar,Contacted,Rohit Gupta,2024-10-27,2024-11-05,Dropped,74,Low,82,Germany,Merit Scholarship
ST3097,Gautam Jani,Male,24,Indore,Madhya Pradesh,BA,Mechanical,7.86,8.3,Canada,Finance,3037118,Yes,Instagram,Offer Letter,Rahul Singh,2025-11-23,2026-01-04,Active,95,Low,100,Canada,Partial Scholarship
ST3098,Henry Varghese,Male,18,Mumbai,Maharashtra,BSc,Marketing,9.51,6.0,Germany,Finance,801724,Yes,Instagram,Contacted,Sneha Jain,2026-02-01,2026-03-27,Active,95,Low,90,Germany,Merit Scholarship
ST3099,Tejas Anand,Male,28,Bhopal,Madhya Pradesh,BA,Mechanical,8.38,8.2,UK,Business Analytics,1663635,Yes,Instagram,Enrolled,Rahul Singh,2025-04-09,2025-07-31,Converted,99,Low,99,Canada,Partial Scholarship
ST3100,Aradhana Jha,Male,28,Mumbai,Maharashtra,BBA,Mechanical,9.07,7.8,Australia,Artificial Intelligence,803401,Yes,Referral,Visa,Priya Sharma,2025-05-30,2025-06-09,Converted,92,Low,100,Germany,Merit Scholarship
ST3101,Tarak Balay,Female,26,Indore,Madhya Pradesh,BA,Mechanical,7.6,7.5,Canada,Finance,1258684,Yes,Website,Enrolled,Rahul Singh,2025-04-23,2025-05-20,Converted,75,Low,85,Germany,Partial Scholarship
ST3102,Nidra Jhaveri,Female,25,Mumbai,Maharashtra,BCom,Biotechnology,9.55,6.1,UK,Artificial Intelligence,1985097,Yes,Referral,Enrolled,Rahul Singh,2026-05-25,2026-07-02,Converted,93,Low,100,UK,Merit Scholarship
ST3103,Hamsini Kota,Male,27,Jaipur,Rajasthan,BCom,Mechanical,9.61,6.1,USA,Data Science,2935638,Yes,Seminar,New Lead,Rahul Singh,2024-07-15,2024-09-30,Inactive,99,Low,100,USA,Merit Scholarship
ST3104,Arya Singh,Female,27,Bhopal,Madhya Pradesh,BTech,IT,9.22,5.7,Canada,MBA,2956971,Yes,Website,Visa,Priya Sharma,2024-09-17,2024-10-04,Converted,99,Low,94,Canada,Merit Scholarship
ST3105,Veer Jain,Female,20,Ahmedabad,Gujarat,BSc,Mechanical,6.52,7.0,UK,Finance,2907267,No,Website,Contacted,Sneha Jain,2025-04-15,2025-08-10,Active,90,Low,80,Canada,Not Eligible
ST3106,Ayushman Suresh,Female,25,Bhopal,Madhya Pradesh,BCom,Biotechnology,9.39,5.8,UK,Data Science,3388298,Yes,Seminar,Contacted,Rohit Gupta,2025-03-25,2025-05-01,Active,99,Low,95,UK,Merit Scholarship
ST3107,Yadavi Roy,Male,27,Indore,Madhya Pradesh,BTech,CSE,8.35,8.0,Australia,Finance,2845984,No,Instagram,Counseling,Sneha Jain,2025-11-02,2025-12-05,Dropped,96,Low,100,Canada,Partial Scholarship
ST3108,George Oak,Male,26,Bangalore,Karnataka,BCom,IT,9.38,7.9,Canada,Artificial Intelligence,1234485,Yes,Seminar,Counseling,Rohit Gupta,2025-02-01,2025-05-05,Dropped,93,Low,100,Germany,Merit Scholarship
ST3109,Krishna Misra,Female,27,Chennai,Tamil Nadu,BCom,CSE,7.38,6.7,Canada,Artificial Intelligence,2331652,Yes,WhatsApp,Documents,Rahul Singh,2024-07-30,2024-08-13,Dropped,75,Low,85,Canada,Not Eligible
ST3110,Orinder Raju,Male,26,Pune,Maharashtra,BA,Finance,7.54,8.1,UK,Artificial Intelligence,2682086,Yes,Instagram,Contacted,Rohit Gupta,2025-09-18,2025-10-15,Dropped,97,Low,100,Canada,Partial Scholarship
ST3111,Lucky Chandra,Male,18,Bhopal,Madhya Pradesh,BTech,ECE,6.67,8.1,Australia,Cyber Security,1757476,Yes,WhatsApp,Documents,Rahul Singh,2025-10-21,2026-02-03,Dropped,89,Low,81,Canada,Not Eligible
ST3112,Rudra Barad,Male,18,Pune,Maharashtra,BTech,Marketing,8.46,6.5,Canada,Business Analytics,1072565,Yes,Seminar,Contacted,Rahul Singh,2024-09-01,2024-12-21,Inactive,78,Low,84,Germany,Partial Scholarship
ST3113,Harrison Shan,Female,19,Delhi,Delhi,BSc,Marketing,7.16,5.8,Germany,MBA,1339749,No,Seminar,Enrolled,Priya Sharma,2025-09-11,2025-09-28,Converted,64,Medium,63,Germany,Not Eligible
ST3114,Jeevika Morar,Female,21,Bangalore,Karnataka,BSc,Marketing,8.72,7.7,Canada,Data Science,811911,Yes,Seminar,Contacted,Rohit Gupta,2025-07-22,2025-10-06,Dropped,99,Low,99,Germany,Merit Scholarship
ST3115,Aashi Patla,Male,27,Ahmedabad,Gujarat,BSc,Marketing,8.6,8.0,Canada,Computer Science,3058894,Yes,Seminar,Enrolled,Sneha Jain,2024-06-21,2024-09-03,Converted,96,Low,100,Canada,Merit Scholarship
ST3116,Odika Varughese,Male,26,Delhi,Delhi,BBA,Mechanical,6.85,8.2,UK,Artificial Intelligence,2834550,Yes,Seminar,New Lead,Rahul Singh,2026-04-10,2026-05-31,Active,99,Low,94,Canada,Not Eligible
ST3117,Yamini Luthra,Male,24,Bangalore,Karnataka,BBA,ECE,7.69,8.5,Australia,Finance,1808285,No,WhatsApp,Offer Letter,Sneha Jain,2025-03-24,2025-06-16,Inactive,99,Low,96,Canada,Partial Scholarship
ST3118,Abhimanyu Bal,Female,18,Ahmedabad,Gujarat,BSc,Biotechnology,6.13,6.4,USA,Artificial Intelligence,2571348,No,Instagram,Offer Letter,Amit Verma,2026-02-23,2026-04-02,Inactive,79,Medium,70,USA,Not Eligible
ST3119,Udant Ganguly,Male,21,Indore,Madhya Pradesh,BBA,IT,6.2,7.5,UK,Cyber Security,2922465,No,WhatsApp,Application,Priya Sharma,2025-11-15,2025-11-25,Active,80,Low,82,Canada,Not Eligible
ST3120,Gaurav Om,Female,18,Jaipur,Rajasthan,BSc,Biotechnology,7.77,7.8,Australia,Finance,893740,Yes,Website,Contacted,Sneha Jain,2025-02-19,2025-04-09,Active,99,Low,90,Germany,Partial Scholarship
ST3121,Chaman Dube,Female,24,Delhi,Delhi,BCom,ECE,7.11,6.5,Canada,Finance,2418323,Yes,WhatsApp,New Lead,Priya Sharma,2025-04-02,2025-04-13,Dropped,84,Low,81,Canada,Not Eligible
ST3122,Upasna Raja,Male,25,Bangalore,Karnataka,BSc,IT,6.59,5.6,Canada,Finance,1001137,Yes,WhatsApp,New Lead,Sneha Jain,2024-09-22,2024-12-25,Active,60,High,55,Germany,Not Eligible
ST3123,Upkaar Basu,Male,25,Bhopal,Madhya Pradesh,BTech,Biotechnology,7.9,7.8,Canada,Artificial Intelligence,3467091,No,Referral,Enrolled,Rahul Singh,2024-12-21,2025-03-09,Converted,99,Low,100,Canada,Partial Scholarship
ST3124,Jagat Sandhu,Female,25,Chennai,Tamil Nadu,BTech,Marketing,6.81,7.1,Canada,MBA,1519131,Yes,Seminar,New Lead,Sneha Jain,2025-03-28,2025-07-21,Inactive,76,Medium,73,Canada,Not Eligible
ST3125,Anmol Tiwari,Male,28,Delhi,Delhi,BTech,CSE,7.91,7.5,UK,Data Science,2858105,Yes,Instagram,Documents,Priya Sharma,2025-12-02,2025-12-06,Dropped,99,Low,99,Canada,Partial Scholarship
ST3126,Robert Rajagopal,Female,24,Jaipur,Rajasthan,BTech,IT,6.85,7.4,UK,Finance,3070042,No,Website,Enrolled,Amit Verma,2025-06-19,2025-09-13,Converted,80,Low,87,Canada,Not Eligible
ST3127,Rohan Shah,Female,27,Bangalore,Karnataka,BA,Biotechnology,9.38,7.0,Canada,Data Science,3096797,Yes,Instagram,Visa,Rohit Gupta,2026-02-27,2026-03-11,Converted,95,Low,100,Canada,Merit Scholarship
ST3128,Ishaan Merchant,Male,23,Delhi,Delhi,BCom,IT,6.55,6.6,UK,Finance,2322202,No,WhatsApp,Counseling,Priya Sharma,2025-02-12,2025-04-22,Inactive,78,Medium,75,UK,Not Eligible
ST3129,Priya Dhingra,Male,22,Hyderabad,Telangana,BTech,IT,9.66,7.7,UK,Data Science,3013878,Yes,Website,New Lead,Priya Sharma,2026-04-13,2026-05-30,Inactive,99,Low,100,Canada,Merit Scholarship
ST3130,Abhimanyu Verma,Female,28,Indore,Madhya Pradesh,BBA,Mechanical,6.6,8.5,UK,Cyber Security,2958213,Yes,Website,Documents,Rahul Singh,2026-05-21,2026-07-08,Inactive,91,Low,95,Canada,Not Eligible
ST3131,Vasana Suresh,Female,26,Bhopal,Madhya Pradesh,BCom,Mechanical,7.78,6.1,UK,Finance,1832640,Yes,Referral,Offer Letter,Rahul Singh,2025-09-10,2025-09-17,Inactive,93,Low,87,UK,Partial Scholarship
ST3132,Amara Ravi,Female,27,Jaipur,Rajasthan,BSc,Mechanical,8.75,6.5,Canada,Data Science,2273805,Yes,Seminar,Enrolled,Rahul Singh,2026-01-22,2026-02-07,Converted,93,Low,97,Canada,Merit Scholarship
ST3133,Pranav Bahl,Female,25,Pune,Maharashtra,BCom,ECE,7.9,7.7,Australia,Finance,2806935,No,Website,Documents,Rahul Singh,2025-04-06,2025-06-28,Active,98,Low,100,Canada,Partial Scholarship
ST3134,Onkar Barad,Male,25,Hyderabad,Telangana,BA,IT,6.33,7.8,Australia,Data Science,1275173,No,WhatsApp,Documents,Amit Verma,2026-03-17,2026-04-09,Dropped,73,Medium,76,Germany,Not Eligible
ST3135,Dipta Bhatnagar,Male,22,Bangalore,Karnataka,BTech,CSE,6.7,8.1,UK,MBA,2522524,No,Seminar,Offer Letter,Sneha Jain,2024-10-31,2025-02-11,Inactive,97,Low,92,Canada,Not Eligible
ST3136,Wridesh Chander,Female,19,Mumbai,Maharashtra,BBA,Biotechnology,7.46,6.2,USA,Computer Science,3169790,No,WhatsApp,Counseling,Rahul Singh,2024-11-16,2024-12-02,Dropped,76,Low,81,USA,Not Eligible
ST3137,Gaurang Dora,Male,27,Indore,Madhya Pradesh,BTech,Marketing,7.96,7.1,Germany,Finance,1235178,Yes,Website,New Lead,Priya Sharma,2025-01-20,2025-03-30,Active,92,Low,84,Germany,Partial Scholarship
ST3138,Gautam Dhar,Male,21,Bangalore,Karnataka,BBA,ECE,6.99,6.9,Germany,Cyber Security,958945,Yes,Referral,Documents,Sneha Jain,2024-07-10,2024-08-23,Active,81,Low,88,Germany,Not Eligible
ST3139,Logan Verma,Female,21,Mumbai,Maharashtra,BSc,Mechanical,7.1,8.0,Australia,Data Science,1877280,No,Referral,Contacted,Sneha Jain,2026-04-24,2026-07-16,Dropped,99,Low,100,Canada,Not Eligible
ST3140,Harini Sundaram,Male,18,Chennai,Tamil Nadu,BTech,CSE,8.38,6.2,Canada,Finance,3442875,Yes,Website,Offer Letter,Priya Sharma,2025-06-27,2025-07-27,Active,81,Low,90,Canada,Partial Scholarship
ST3141,Oviya Reddy,Female,20,Mumbai,Maharashtra,BA,Marketing,7.91,6.6,UK,MBA,2404281,No,Referral,Documents,Rahul Singh,2025-03-27,2025-07-12,Active,95,Low,100,UK,Partial Scholarship
ST3142,Mitesh Mangat,Female,25,Ahmedabad,Gujarat,BCom,Biotechnology,7.02,5.5,UK,Finance,1865774,No,Instagram,Documents,Amit Verma,2025-04-05,2025-06-11,Dropped,55,Medium,60,UK,Not Eligible
ST3143,Yug Bhargava,Male,27,Hyderabad,Telangana,BA,Finance,9.29,7.9,UK,Computer Science,2201549,Yes,Seminar,Visa,Amit Verma,2025-01-30,2025-03-31,Active,99,Low,100,Canada,Merit Scholarship
ST3144,Nihal Gill,Male,18,Hyderabad,Telangana,BTech,Mechanical,7.99,6.1,Canada,Finance,984226,No,Instagram,Documents,Priya Sharma,2026-01-23,2026-02-11,Dropped,71,Medium,74,Germany,Partial Scholarship
ST3145,Watika Bains,Male,23,Mumbai,Maharashtra,BCom,Mechanical,6.32,8.0,UK,MBA,2947261,No,Website,Application,Priya Sharma,2025-11-01,2026-02-23,Active,89,Low,88,Canada,Not Eligible
ST3146,Gayathri Amble,Female,19,Ahmedabad,Gujarat,BA,Finance,7.12,7.0,UK,Cyber Security,3084637,No,Referral,Offer Letter,Rahul Singh,2024-09-29,2024-11-29,Active,96,Low,100,Canada,Not Eligible
ST3147,Matthew Kapadia,Male,27,Bangalore,Karnataka,BBA,ECE,9.49,5.6,Germany,Finance,825634,Yes,WhatsApp,Offer Letter,Sneha Jain,2025-07-14,2025-08-31,Active,78,Low,84,Germany,Merit Scholarship
ST3148,Rishi Dhaliwal,Female,23,Mumbai,Maharashtra,BBA,Mechanical,7.59,8.4,Canada,Business Analytics,2245216,No,Instagram,Counseling,Sneha Jain,2026-05-24,2026-08-13,Dropped,99,Low,100,Canada,Partial Scholarship
ST3149,Chaman Kulkarni,Male,21,Pune,Maharashtra,BTech,Biotechnology,7.64,6.4,UK,Artificial Intelligence,1962294,Yes,Seminar,Application,Rahul Singh,2025-07-26,2025-09-28,Active,78,Medium,75,UK,Partial Scholarship
ST3150,Neha Bedi,Female,27,Mumbai,Maharashtra,BCom,ECE,9.43,8.4,Australia,Cyber Security,1489804,Yes,Instagram,New Lead,Priya Sharma,2024-12-22,2025-04-09,Dropped,99,Low,100,Germany,Merit Scholarship
ST3151,Dev Kale,Male,24,Mumbai,Maharashtra,BSc,Mechanical,8.15,7.2,Australia,Finance,1507892,No,Referral,Counseling,Amit Verma,2024-07-26,2024-08-30,Inactive,99,Low,100,Canada,Partial Scholarship
ST3152,Ira Gera,Female,27,Chennai,Tamil Nadu,BSc,IT,6.0,6.2,UK,MBA,2238434,No,Seminar,Application,Sneha Jain,2026-03-04,2026-06-01,Active,61,Medium,67,UK,Not Eligible
ST3153,Harinakshi Majumdar,Female,25,Pune,Maharashtra,BCom,Finance,8.33,6.1,UK,Cyber Security,1945935,No,Referral,New Lead,Priya Sharma,2026-03-16,2026-06-28,Active,95,Low,93,UK,Partial Scholarship
ST3154,Oviya Malhotra,Male,21,Bangalore,Karnataka,BCom,ECE,8.77,5.5,Australia,Data Science,1817111,Yes,Referral,New Lead,Amit Verma,2025-09-27,2025-10-03,Dropped,97,Low,92,Australia,Merit Scholarship
ST3155,Mitali Soman,Female,21,Jaipur,Rajasthan,BBA,Mechanical,7.29,7.6,Canada,Finance,880311,Yes,Referral,Enrolled,Sneha Jain,2024-12-12,2025-04-04,Converted,88,Low,97,Germany,Not Eligible
ST3156,Daksha Sarkar,Male,25,Bangalore,Karnataka,BSc,Biotechnology,6.91,6.9,Germany,Data Science,1103878,No,Website,Offer Letter,Sneha Jain,2025-02-03,2025-02-23,Active,77,Medium,73,Germany,Not Eligible
ST3157,Damyanti Rastogi,Male,18,Indore,Madhya Pradesh,BSc,Biotechnology,6.67,7.7,Canada,MBA,1102611,No,Instagram,Visa,Priya Sharma,2025-05-31,2025-09-13,Converted,69,Medium,78,Germany,Not Eligible
ST3158,Henry Buch,Male,21,Chennai,Tamil Nadu,BSc,Marketing,7.1,8.5,Canada,Data Science,2167332,No,Seminar,Visa,Rahul Singh,2025-02-02,2025-02-07,Converted,91,Low,100,Canada,Not Eligible
ST3159,Owen Bhalla,Male,18,Bangalore,Karnataka,BTech,Marketing,6.81,8.4,UK,Computer Science,3251245,Yes,Website,Enrolled,Amit Verma,2024-12-12,2025-02-28,Converted,91,Low,97,Canada,Not Eligible
ST3160,Odika Keer,Male,21,Bhopal,Madhya Pradesh,BSc,Marketing,6.42,7.4,UK,MBA,1848121,Yes,Seminar,Documents,Amit Verma,2025-07-30,2025-10-15,Active,80,Medium,73,Canada,Not Eligible
ST3161,Indrajit Rajagopal,Female,21,Delhi,Delhi,BA,IT,6.01,5.8,Australia,Finance,2916966,Yes,Website,Enrolled,Sneha Jain,2024-07-28,2024-10-22,Converted,70,Medium,62,Australia,Not Eligible
ST3162,Lucky Bedi,Female,25,Jaipur,Rajasthan,BCom,IT,7.12,8.1,Australia,MBA,1954625,No,Seminar,Offer Letter,Amit Verma,2025-11-15,2026-01-08,Active,90,Low,86,Canada,Not Eligible
ST3163,Dev Jain,Female,18,Pune,Maharashtra,BA,IT,9.48,5.5,Canada,Cyber Security,1519076,Yes,Instagram,Application,Rahul Singh,2024-10-28,2025-01-29,Inactive,94,Low,84,Canada,Merit Scholarship
ST3164,Frado Saran,Female,25,Hyderabad,Telangana,BBA,Marketing,6.4,8.3,UK,Business Analytics,1470290,Yes,Referral,Counseling,Rahul Singh,2026-03-30,2026-05-27,Inactive,97,Low,97,Germany,Not Eligible
ST3165,Max Wali,Female,24,Indore,Madhya Pradesh,BBA,Marketing,9.16,6.7,UK,Computer Science,1658177,Yes,WhatsApp,Contacted,Rahul Singh,2024-06-19,2024-07-03,Inactive,92,Low,93,UK,Merit Scholarship
ST3166,Jeevika Kata,Female,23,Jaipur,Rajasthan,BTech,Marketing,9.23,7.5,Canada,Business Analytics,1231799,Yes,Instagram,Counseling,Rohit Gupta,2025-11-23,2026-03-14,Active,99,Low,100,Germany,Merit Scholarship
ST3167,Aashi Sheth,Male,26,Jaipur,Rajasthan,BCom,Finance,7.17,8.1,Australia,Computer Science,2965551,Yes,WhatsApp,Counseling,Amit Verma,2026-02-01,2026-03-29,Dropped,88,Low,96,Canada,Not Eligible
ST3168,Pratyush Vaidya,Female,21,Hyderabad,Telangana,BTech,ECE,8.04,7.2,Canada,MBA,2143575,No,Instagram,Visa,Priya Sharma,2024-10-11,2024-11-22,Converted,98,Low,97,Canada,Partial Scholarship
ST3169,Niharika Ranganathan,Female,20,Jaipur,Rajasthan,BTech,IT,8.66,6.1,Australia,Artificial Intelligence,2468820,Yes,WhatsApp,New Lead,Rahul Singh,2024-09-18,2024-09-30,Active,94,Low,91,Australia,Merit Scholarship
ST3170,Henry Hora,Male,19,Indore,Madhya Pradesh,BCom,CSE,6.48,7.2,Canada,Computer Science,2108067,No,Referral,Visa,Sneha Jain,2025-10-10,2026-02-03,Active,87,Low,96,Canada,Not Eligible
ST3171,Shaurya Mangat,Female,24,Ahmedabad,Gujarat,BTech,Marketing,6.64,8.2,Australia,Cyber Security,3106554,No,WhatsApp,New Lead,Rahul Singh,2026-06-01,2026-06-15,Dropped,99,Low,92,Canada,Not Eligible
ST3172,Harini Sastry,Female,24,Pune,Maharashtra,BSc,Mechanical,6.92,7.0,USA,Cyber Security,3033770,Yes,Seminar,New Lead,Sneha Jain,2025-10-23,2025-11-25,Inactive,78,Low,84,Canada,Not Eligible
ST3173,Mason Kadakia,Female,25,Indore,Madhya Pradesh,BSc,ECE,7.31,7.4,USA,Business Analytics,3465013,Yes,WhatsApp,Application,Rahul Singh,2024-11-28,2025-01-07,Dropped,91,Low,92,Canada,Not Eligible
ST3174,Ekaraj Sarin,Female,26,Hyderabad,Telangana,BBA,CSE,7.72,7.6,UK,Cyber Security,805464,Yes,Website,Application,Sneha Jain,2024-07-22,2024-11-19,Inactive,77,Low,87,Germany,Partial Scholarship
ST3175,Daksha Johal,Male,22,Ahmedabad,Gujarat,BTech,IT,8.47,7.1,Canada,MBA,1508562,Yes,WhatsApp,Contacted,Amit Verma,2026-03-04,2026-06-26,Inactive,89,Low,89,Canada,Partial Scholarship
ST3176,Nidra Talwar,Female,24,Mumbai,Maharashtra,BSc,CSE,8.77,7.9,Canada,Artificial Intelligence,3279149,Yes,Instagram,Enrolled,Rohit Gupta,2026-04-02,2026-04-08,Converted,95,Low,100,Canada,Merit Scholarship
ST3177,Nicholas Bahl,Female,22,Ahmedabad,Gujarat,BCom,IT,9.77,7.5,Australia,MBA,2936213,Yes,WhatsApp,Counseling,Sneha Jain,2024-10-22,2024-11-10,Inactive,92,Low,100,Canada,Merit Scholarship
ST3178,Gaurika Kamdar,Female,23,Mumbai,Maharashtra,BCom,Marketing,8.17,6.8,USA,Business Analytics,3323853,Yes,WhatsApp,Documents,Sneha Jain,2025-08-27,2025-10-08,Active,99,Low,93,USA,Partial Scholarship
ST3179,Omya Dora,Male,28,Indore,Madhya Pradesh,BTech,ECE,8.29,6.6,Canada,MBA,2054752,No,WhatsApp,New Lead,Rohit Gupta,2024-11-12,2025-01-18,Dropped,86,Low,92,Canada,Partial Scholarship
ST3180,Faqid Bail,Female,26,Chennai,Tamil Nadu,BA,Marketing,9.49,8.5,Canada,Cyber Security,2740603,Yes,Website,Application,Amit Verma,2025-02-15,2025-05-31,Active,90,Low,100,Canada,Merit Scholarship
ST3181,Matthew Chadha,Female,24,Jaipur,Rajasthan,BCom,Finance,7.05,6.4,Canada,Cyber Security,819540,Yes,Website,Enrolled,Priya Sharma,2026-01-06,2026-04-21,Converted,74,Medium,69,Germany,Not Eligible
ST3182,Faras Jain,Female,25,Indore,Madhya Pradesh,BBA,IT,7.27,7.5,Canada,Computer Science,2137550,No,Seminar,New Lead,Priya Sharma,2026-01-07,2026-02-04,Inactive,97,Low,92,Canada,Not Eligible
ST3183,Amrita Sangha,Female,18,Pune,Maharashtra,BSc,ECE,7.57,6.2,UK,Artificial Intelligence,2026447,No,Website,Contacted,Rahul Singh,2025-01-17,2025-02-09,Dropped,85,Low,82,UK,Partial Scholarship
ST3184,Pranav Sarna,Female,23,Ahmedabad,Gujarat,BA,CSE,6.91,6.2,Australia,Data Science,2299913,Yes,WhatsApp,Counseling,Rahul Singh,2024-08-03,2024-08-12,Inactive,66,Medium,76,Australia,Not Eligible
ST3185,Qasim Raja,Male,21,Bhopal,Madhya Pradesh,BBA,Finance,9.39,8.3,Australia,Finance,886204,Yes,Seminar,Visa,Sneha Jain,2025-03-02,2025-03-17,Converted,99,Low,100,Germany,Merit Scholarship
ST3186,Libni Vora,Male,27,Delhi,Delhi,BA,Biotechnology,7.97,6.7,Canada,Finance,2233848,No,WhatsApp,Counseling,Sneha Jain,2026-04-03,2026-07-31,Active,96,Low,91,Canada,Partial Scholarship
ST3187,Widisha Barman,Male,25,Delhi,Delhi,BA,Biotechnology,9.08,7.5,UK,Business Analytics,1427813,Yes,Instagram,Contacted,Rohit Gupta,2025-10-29,2025-11-26,Dropped,93,Low,100,Germany,Merit Scholarship
ST3188,Vidhi Pillai,Male,22,Chennai,Tamil Nadu,BSc,IT,7.31,7.5,Canada,Finance,1845978,No,WhatsApp,New Lead,Amit Verma,2025-12-14,2026-01-03,Dropped,93,Low,83,Canada,Not Eligible
ST3189,Adya Naidu,Male,23,Bhopal,Madhya Pradesh,BCom,Mechanical,8.28,8.4,UK,MBA,2117536,Yes,WhatsApp,Contacted,Sneha Jain,2025-11-06,2026-01-14,Inactive,99,Low,100,Canada,Partial Scholarship
ST3190,Chandran Bhatt,Female,28,Pune,Maharashtra,BBA,Marketing,8.67,8.1,Australia,Computer Science,1325217,Yes,Website,New Lead,Priya Sharma,2025-07-22,2025-08-14,Active,97,Low,100,Germany,Merit Scholarship
ST3191,Harita Tella,Female,25,Bangalore,Karnataka,BTech,Biotechnology,7.22,6.5,Germany,Business Analytics,1153651,No,Seminar,Documents,Amit Verma,2026-05-10,2026-08-02,Inactive,71,Medium,72,Germany,Not Eligible
ST3192,Luke Maharaj,Female,18,Hyderabad,Telangana,BBA,Finance,6.62,7.9,Canada,MBA,3115031,Yes,Instagram,Enrolled,Rahul Singh,2025-12-31,2026-01-30,Converted,89,Low,90,Canada,Not Eligible
ST3193,Sachi Bhatti,Male,23,Mumbai,Maharashtra,BA,Biotechnology,8.31,5.7,UK,Computer Science,2868681,No,WhatsApp,Counseling,Sneha Jain,2025-10-05,2025-12-05,Inactive,85,Low,85,UK,Partial Scholarship
ST3194,Ekiya Dua,Female,23,Delhi,Delhi,BCom,Marketing,6.3,5.8,Canada,Artificial Intelligence,2311103,No,Instagram,Documents,Amit Verma,2025-07-14,2025-09-29,Dropped,63,Medium,64,Canada,Not Eligible
ST3195,Ishani Menon,Female,20,Chennai,Tamil Nadu,BA,IT,9.38,6.7,Canada,MBA,2281410,Yes,Website,New Lead,Rohit Gupta,2025-10-17,2025-11-07,Dropped,95,Low,100,Canada,Merit Scholarship
ST3196,Raksha Varty,Female,22,Delhi,Delhi,BCom,Finance,8.3,7.1,UK,Cyber Security,2905455,No,Referral,New Lead,Amit Verma,2025-07-29,2025-08-10,Active,95,Low,100,Canada,Partial Scholarship
ST3197,Praneel Dyal,Female,26,Chennai,Tamil Nadu,BSc,Finance,6.36,7.1,UK,MBA,2143176,No,Website,Offer Letter,Sneha Jain,2025-02-10,2025-04-23,Inactive,78,Medium,78,Canada,Not Eligible
ST3198,Zansi Seshadri,Male,23,Pune,Maharashtra,BBA,Biotechnology,9.04,8.1,UK,Cyber Security,1609204,Yes,Instagram,Documents,Amit Verma,2024-11-02,2024-11-12,Dropped,90,Low,100,Canada,Merit Scholarship
ST3199,Jagrati Saraf,Male,21,Bangalore,Karnataka,BSc,Biotechnology,9.66,6.8,Canada,Cyber Security,1487312,Yes,Instagram,Enrolled,Sneha Jain,2024-11-08,2024-12-10,Converted,99,Low,98,Germany,Merit Scholarship
ST3200,Anvi Luthra,Male,20,Bangalore,Karnataka,BA,Biotechnology,7.78,7.6,Australia,Computer Science,2974398,Yes,Instagram,Visa,Amit Verma,2025-06-21,2025-10-16,Active,99,Low,97,Canada,Partial Scholarship
ST3201,Saksham Malhotra,Female,27,Delhi,Delhi,BA,Finance,9.19,6.5,Canada,Artificial Intelligence,1389845,Yes,Website,Enrolled,Sneha Jain,2026-02-12,2026-06-06,Converted,91,Low,91,Germany,Merit Scholarship
ST3202,Anya Brahmbhatt,Female,20,Pune,Maharashtra,BBA,CSE,9.56,7.2,Germany,MBA,827711,Yes,Referral,Counseling,Rahul Singh,2024-06-16,2024-08-29,Dropped,98,Low,100,Germany,Merit Scholarship
ST3203,Agastya Korpal,Male,19,Delhi,Delhi,BBA,Mechanical,6.29,5.9,USA,MBA,3201742,No,Instagram,Offer Letter,Rahul Singh,2025-02-20,2025-05-10,Active,76,Medium,66,USA,Not Eligible
ST3204,Tanish Issac,Male,22,Jaipur,Rajasthan,BCom,IT,6.45,6.1,UK,MBA,1647940,No,WhatsApp,Documents,Amit Verma,2025-03-17,2025-05-09,Active,53,High,59,UK,Not Eligible
ST3205,Tarak D’Alia,Female,27,Jaipur,Rajasthan,BSc,Marketing,6.92,6.5,Canada,Artificial Intelligence,1447740,No,Seminar,Offer Letter,Rohit Gupta,2025-11-06,2026-03-02,Dropped,76,Medium,69,Germany,Not Eligible
ST3206,Anika Sandal,Female,18,Ahmedabad,Gujarat,BSc,Biotechnology,7.41,8.2,Australia,MBA,2591571,Yes,WhatsApp,Visa,Rohit Gupta,2024-07-08,2024-08-24,Converted,99,Low,100,Canada,Not Eligible
ST3207,Wridesh Borra,Male,18,Pune,Maharashtra,BBA,Mechanical,9.37,5.5,Canada,Finance,1879418,Yes,Referral,Counseling,Amit Verma,2025-06-29,2025-10-26,Dropped,99,Low,98,Canada,Merit Scholarship
ST3208,Fariq Sem,Male,19,Chennai,Tamil Nadu,BA,Marketing,6.14,7.9,UK,MBA,1857526,Yes,Seminar,Counseling,Rohit Gupta,2025-05-05,2025-08-24,Inactive,71,Medium,75,Canada,Not Eligible
ST3209,Zarna Choudhury,Male,18,Bangalore,Karnataka,BCom,IT,9.38,7.8,UK,Computer Science,1268550,Yes,Seminar,Visa,Sneha Jain,2025-10-28,2025-10-30,Active,99,Low,100,Germany,Merit Scholarship
ST3210,Widisha Palla,Female,24,Jaipur,Rajasthan,BSc,ECE,9.48,7.2,Germany,Business Analytics,928322,Yes,Referral,Application,Sneha Jain,2025-12-31,2026-04-08,Active,99,Low,100,Germany,Merit Scholarship
ST3211,Urvashi Grover,Female,23,Bangalore,Karnataka,BTech,IT,8.83,5.7,Canada,Artificial Intelligence,2292462,Yes,Instagram,Documents,Sneha Jain,2025-08-14,2025-10-25,Dropped,99,Low,90,Canada,Merit Scholarship
ST3212,Rudra Ravi,Female,27,Mumbai,Maharashtra,BTech,Biotechnology,7.65,7.6,Australia,Computer Science,3359543,No,Referral,Counseling,Rahul Singh,2025-11-24,2026-02-18,Inactive,92,Low,100,Canada,Partial Scholarship
ST3213,Max Chaudhari,Male,19,Mumbai,Maharashtra,BSc,CSE,7.67,7.6,UK,MBA,1952414,Yes,WhatsApp,Counseling,Priya Sharma,2024-07-29,2024-08-19,Inactive,77,Low,86,Canada,Partial Scholarship
ST3214,Zaitra Kala,Female,26,Pune,Maharashtra,BCom,Biotechnology,8.13,7.9,UK,Computer Science,2017880,Yes,Instagram,Application,Rahul Singh,2025-04-26,2025-06-09,Active,99,Low,100,Canada,Partial Scholarship
ST3215,Caleb Aurora,Male,18,Ahmedabad,Gujarat,BSc,CSE,6.9,8.4,Canada,MBA,1308481,Yes,Website,New Lead,Rahul Singh,2025-01-24,2025-05-16,Inactive,85,Low,88,Germany,Not Eligible
ST3216,Harish Rama,Female,21,Pune,Maharashtra,BTech,Marketing,7.87,5.8,Germany,Finance,1423784,Yes,Referral,Enrolled,Rahul Singh,2024-10-12,2024-10-13,Converted,85,Low,85,Germany,Partial Scholarship
ST3217,Liam Pal,Female,27,Delhi,Delhi,BSc,Finance,8.38,7.0,UK,Finance,1787136,Yes,WhatsApp,Offer Letter,Rahul Singh,2024-06-25,2024-10-06,Dropped,95,Low,88,Canada,Partial Scholarship
ST3218,Kashish Shukla,Female,24,Indore,Madhya Pradesh,BBA,Mechanical,7.22,6.0,Canada,MBA,2198782,No,Referral,Counseling,Amit Verma,2026-02-20,2026-04-02,Dropped,99,Low,92,Canada,Not Eligible
ST3219,Bachittar Mani,Male,25,Jaipur,Rajasthan,BBA,Marketing,8.83,8.2,UK,Business Analytics,1488449,Yes,WhatsApp,Counseling,Priya Sharma,2026-04-27,2026-05-15,Dropped,96,Low,100,Germany,Merit Scholarship
ST3220,Azad Bose,Male,26,Bhopal,Madhya Pradesh,BA,CSE,9.49,8.0,Australia,Computer Science,1209270,Yes,Instagram,Documents,Amit Verma,2025-06-15,2025-08-24,Dropped,98,Low,100,Germany,Merit Scholarship
ST3221,Anusha Nigam,Female,23,Mumbai,Maharashtra,BCom,ECE,8.56,8.5,Australia,Finance,1060286,Yes,Instagram,New Lead,Rohit Gupta,2025-10-06,2026-01-07,Dropped,99,Low,100,Germany,Merit Scholarship
ST3222,Finn Basu,Male,21,Delhi,Delhi,BCom,Finance,7.36,6.2,Canada,Computer Science,884556,No,Referral,Documents,Amit Verma,2026-01-21,2026-02-14,Inactive,77,Low,85,Germany,Not Eligible
ST3223,Isaac Bava,Male,26,Bangalore,Karnataka,BSc,IT,8.85,6.1,Australia,Cyber Security,1846031,Yes,Instagram,Visa,Rahul Singh,2026-05-13,2026-07-09,Converted,93,Low,83,Australia,Merit Scholarship
ST3224,Gauri Khosla,Female,22,Mumbai,Maharashtra,BCom,Biotechnology,6.44,5.8,USA,Data Science,3246260,No,Seminar,Application,Amit Verma,2025-01-29,2025-02-09,Inactive,64,Medium,66,USA,Not Eligible
ST3225,Parth Bhatnagar,Female,23,Bangalore,Karnataka,BA,Mechanical,7.6,7.4,UK,Business Analytics,3230423,No,Referral,Counseling,Sneha Jain,2025-03-30,2025-05-10,Dropped,99,Low,100,Canada,Partial Scholarship
ST3226,Abdul Parmer,Female,21,Jaipur,Rajasthan,BSc,Mechanical,8.93,6.6,Germany,Finance,1098413,Yes,Instagram,Counseling,Sneha Jain,2025-07-20,2025-10-22,Dropped,94,Low,89,Germany,Merit Scholarship
ST3227,Deepa Madan,Male,27,Jaipur,Rajasthan,BTech,Mechanical,8.62,8.1,UK,Data Science,1808129,Yes,WhatsApp,Application,Rohit Gupta,2024-06-23,2024-08-30,Active,99,Low,100,Canada,Merit Scholarship
ST3228,Brinda Panchal,Female,20,Delhi,Delhi,BCom,CSE,8.34,8.4,Australia,Business Analytics,1228228,Yes,Referral,Offer Letter,Priya Sharma,2024-08-20,2024-11-02,Inactive,99,Low,100,Germany,Partial Scholarship
ST3229,Zayyan Lanka,Male,25,Chennai,Tamil Nadu,BBA,Marketing,7.54,6.6,Australia,MBA,3094113,No,Website,Enrolled,Rahul Singh,2026-03-17,2026-03-19,Converted,90,Low,85,Australia,Partial Scholarship
ST3230,Wriddhish Vig,Female,26,Bhopal,Madhya Pradesh,BTech,CSE,8.11,6.8,Germany,MBA,1319722,No,Instagram,Offer Letter,Rohit Gupta,2025-06-16,2025-09-08,Inactive,90,Low,83,Germany,Partial Scholarship
ST3231,Azaan Thakur,Male,18,Mumbai,Maharashtra,BCom,ECE,7.53,8.5,Australia,Cyber Security,834182,Yes,Seminar,Application,Sneha Jain,2026-05-15,2026-08-26,Inactive,98,Low,95,Germany,Partial Scholarship
ST3232,Yahvi Dhingra,Male,18,Jaipur,Rajasthan,BTech,Biotechnology,7.59,6.5,Australia,Artificial Intelligence,2676238,Yes,WhatsApp,New Lead,Sneha Jain,2026-01-04,2026-03-15,Inactive,87,Low,85,Australia,Partial Scholarship
ST3233,Tara Muni,Female,21,Ahmedabad,Gujarat,BCom,Biotechnology,8.64,7.0,Australia,MBA,3160963,Yes,Website,New Lead,Priya Sharma,2024-07-21,2024-08-10,Inactive,99,Low,100,Canada,Merit Scholarship
ST3234,Gagan Pillai,Male,27,Pune,Maharashtra,BCom,Mechanical,9.36,7.8,Canada,Artificial Intelligence,2028801,Yes,Referral,New Lead,Amit Verma,2025-07-18,2025-08-25,Active,99,Low,100,Canada,Merit Scholarship
ST3235,Faras Sarraf,Female,19,Pune,Maharashtra,BSc,CSE,8.0,8.4,Canada,MBA,1555047,No,Instagram,Offer Letter,Rahul Singh,2025-06-29,2025-10-16,Dropped,93,Low,99,Canada,Partial Scholarship
ST3236,Riya Jain,Male,28,Bangalore,Karnataka,BSc,Marketing,6.3,7.2,UK,Business Analytics,2625061,No,WhatsApp,Enrolled,Sneha Jain,2025-03-28,2025-07-09,Converted,76,Medium,79,Canada,Not Eligible
ST3237,Rachita Dhaliwal,Male,22,Indore,Madhya Pradesh,BCom,Marketing,8.26,6.5,Australia,MBA,2837924,No,Seminar,Offer Letter,Rahul Singh,2026-01-11,2026-02-24,Inactive,84,Low,92,Australia,Partial Scholarship
ST3238,Siya Chanda,Female,25,Chennai,Tamil Nadu,BBA,ECE,7.83,7.1,Australia,MBA,3267322,Yes,Instagram,New Lead,Sneha Jain,2025-09-20,2025-10-01,Active,92,Low,93,Canada,Partial Scholarship
ST3239,Damyanti Varty,Female,26,Pune,Maharashtra,BCom,Mechanical,7.76,7.3,Germany,MBA,899396,Yes,Instagram,Documents,Amit Verma,2025-10-10,2025-11-28,Inactive,95,Low,85,Germany,Partial Scholarship
ST3240,Harrison Sood,Male,18,Jaipur,Rajasthan,BBA,Marketing,8.59,8.0,UK,MBA,922409,Yes,WhatsApp,Visa,Rahul Singh,2025-07-01,2025-09-08,Active,99,Low,100,Germany,Merit Scholarship
ST3241,Brijesh Goel,Female,19,Delhi,Delhi,BA,Marketing,9.57,6.6,UK,Cyber Security,2759444,Yes,Seminar,Counseling,Amit Verma,2025-04-24,2025-07-09,Active,96,Low,100,UK,Merit Scholarship
ST3242,Hema Seshadri,Female,24,Jaipur,Rajasthan,BTech,IT,6.09,7.9,Australia,Data Science,2565053,Yes,Instagram,Enrolled,Sneha Jain,2024-09-23,2024-12-15,Converted,79,Low,84,Canada,Not Eligible
ST3243,Shivani Keer,Male,20,Pune,Maharashtra,BA,Biotechnology,7.3,7.8,UK,Finance,3422108,No,Seminar,Application,Rohit Gupta,2026-01-03,2026-02-16,Inactive,93,Low,95,Canada,Not Eligible
ST3244,Gunbir Sidhu,Female,24,Bangalore,Karnataka,BCom,Finance,6.42,6.4,UK,MBA,1685785,No,Referral,Contacted,Amit Verma,2025-11-29,2025-12-22,Active,86,Medium,78,UK,Not Eligible
ST3245,Thomas Anand,Female,22,Bangalore,Karnataka,BTech,ECE,7.63,7.7,Canada,Finance,2116653,No,Referral,Contacted,Priya Sharma,2024-10-29,2024-11-20,Dropped,91,Low,100,Canada,Partial Scholarship
ST3246,Megha Patla,Male,24,Pune,Maharashtra,BSc,Marketing,6.24,6.2,Canada,Finance,1260860,No,Website,Application,Priya Sharma,2025-02-16,2025-05-21,Inactive,61,High,59,Germany,Not Eligible
ST3247,Omaja Dara,Female,21,Mumbai,Maharashtra,BTech,Mechanical,8.46,6.5,Germany,Business Analytics,1130654,No,Website,Documents,Rahul Singh,2026-05-19,2026-09-14,Active,86,Low,84,Germany,Partial Scholarship
ST3248,Chakrika Virk,Female,18,Delhi,Delhi,BA,IT,6.09,6.6,UK,Business Analytics,2050675,No,WhatsApp,Enrolled,Priya Sharma,2024-08-12,2024-11-04,Converted,60,Medium,70,UK,Not Eligible
ST3249,Pahal Chanda,Female,26,Bangalore,Karnataka,BCom,ECE,7.67,7.9,UK,Data Science,3240039,No,Referral,Counseling,Sneha Jain,2026-03-23,2026-07-17,Inactive,92,Low,100,Canada,Partial Scholarship
ST3250,Yashica Aggarwal,Male,26,Indore,Madhya Pradesh,BBA,Marketing,9.42,8.1,UK,Business Analytics,2297980,Yes,Website,Application,Sneha Jain,2025-04-21,2025-06-05,Active,99,Low,100,Canada,Merit Scholarship
ST3251,Meghana Mahal,Female,28,Indore,Madhya Pradesh,BSc,Finance,7.93,6.6,USA,Data Science,2659503,Yes,WhatsApp,New Lead,Rohit Gupta,2026-04-16,2026-05-31,Inactive,90,Low,89,USA,Partial Scholarship
ST3252,Yashvi Oommen,Male,25,Mumbai,Maharashtra,BTech,ECE,8.39,6.6,UK,Cyber Security,2021733,No,Referral,Application,Priya Sharma,2025-07-13,2025-09-02,Inactive,99,Low,100,UK,Partial Scholarship
ST3253,Zarna Sen,Male,21,Indore,Madhya Pradesh,BA,Finance,8.49,5.7,UK,Business Analytics,2780919,Yes,Website,Offer Letter,Amit Verma,2024-06-02,2024-09-18,Active,89,Low,86,UK,Partial Scholarship
ST3254,Unni Palla,Male,24,Bangalore,Karnataka,BCom,Biotechnology,9.54,8.2,Australia,Business Analytics,2211292,Yes,Instagram,Documents,Priya Sharma,2024-09-22,2024-11-15,Inactive,94,Low,100,Canada,Merit Scholarship
ST3255,Rishi Om,Female,25,Pune,Maharashtra,BCom,Biotechnology,7.54,7.7,Australia,Computer Science,1657285,No,Instagram,New Lead,Rahul Singh,2025-09-06,2025-09-07,Inactive,86,Low,87,Canada,Partial Scholarship
ST3256,Amaira Rana,Male,23,Indore,Madhya Pradesh,BA,Biotechnology,7.21,8.4,UK,Cyber Security,3102765,No,Instagram,Contacted,Rohit Gupta,2026-02-07,2026-02-19,Dropped,93,Low,100,Canada,Not Eligible
ST3257,Vedhika Krishnan,Female,27,Bangalore,Karnataka,BTech,IT,7.7,6.9,Australia,Business Analytics,3461095,No,Instagram,Offer Letter,Priya Sharma,2025-10-22,2026-01-12,Active,98,Low,91,Australia,Partial Scholarship
ST3258,Daksha Thakur,Female,18,Hyderabad,Telangana,BSc,IT,6.93,8.2,Australia,Computer Science,826886,Yes,Instagram,Enrolled,Sneha Jain,2025-12-12,2026-02-09,Converted,83,Low,85,Germany,Not Eligible
ST3259,Kritika Nadkarni,Female,19,Ahmedabad,Gujarat,BCom,Finance,9.54,7.0,Germany,Cyber Security,1185432,Yes,Instagram,Application,Sneha Jain,2024-08-10,2024-11-12,Dropped,99,Low,100,Germany,Merit Scholarship
ST3260,Anmol Suri,Female,21,Pune,Maharashtra,BA,Finance,6.46,6.4,Germany,Cyber Security,1151622,No,Instagram,Enrolled,Rahul Singh,2024-09-24,2024-12-21,Converted,61,Medium,63,Germany,Not Eligible
ST3261,Sai Khurana,Male,23,Delhi,Delhi,BA,CSE,6.14,7.6,UK,Cyber Security,3021726,Yes,Seminar,Contacted,Priya Sharma,2025-01-28,2025-05-02,Inactive,75,Low,81,Canada,Not Eligible
ST3262,Vedant Nigam,Male,27,Indore,Madhya Pradesh,BCom,Marketing,9.39,7.5,UK,Finance,1428017,Yes,Seminar,Contacted,Sneha Jain,2025-10-06,2025-12-16,Active,99,Low,100,Germany,Merit Scholarship
ST3263,Hamsini Jha,Female,19,Chennai,Tamil Nadu,BA,Finance,8.89,7.8,Canada,Artificial Intelligence,2916406,Yes,Referral,New Lead,Sneha Jain,2024-10-10,2024-12-03,Dropped,98,Low,100,Canada,Merit Scholarship
ST3264,Raagini Taneja,Female,23,Jaipur,Rajasthan,BBA,Finance,8.95,7.0,Australia,Data Science,2777196,Yes,Instagram,Contacted,Rohit Gupta,2025-03-05,2025-06-10,Dropped,96,Low,100,Canada,Merit Scholarship
ST3265,Urvi Bhargava,Male,19,Mumbai,Maharashtra,BTech,Marketing,8.72,6.4,Germany,Business Analytics,1175706,Yes,Seminar,Enrolled,Priya Sharma,2025-03-12,2025-07-02,Converted,77,Low,86,Germany,Merit Scholarship
ST3266,Urvashi Thakkar,Male,26,Bhopal,Madhya Pradesh,BTech,Mechanical,7.46,7.7,Canada,Computer Science,2548788,Yes,Seminar,Application,Rahul Singh,2024-08-06,2024-10-14,Inactive,99,Low,96,Canada,Not Eligible
ST3267,Leena Chakrabarti,Female,25,Indore,Madhya Pradesh,BBA,Finance,9.35,7.3,USA,MBA,3013224,Yes,Referral,Visa,Amit Verma,2026-03-07,2026-04-11,Converted,99,Low,100,Canada,Merit Scholarship
ST3268,Anirudh Nori,Female,27,Bangalore,Karnataka,BA,IT,7.02,5.8,Australia,Computer Science,3118964,No,WhatsApp,Visa,Rohit Gupta,2024-09-24,2025-01-21,Active,70,Medium,72,Australia,Not Eligible
ST3269,Chaitanya Saxena,Female,26,Ahmedabad,Gujarat,BBA,Mechanical,9.38,7.5,UK,Finance,1458093,Yes,Seminar,Offer Letter,Amit Verma,2025-02-26,2025-05-16,Active,92,Low,100,Germany,Merit Scholarship
ST3270,Niharika Virk,Male,28,Jaipur,Rajasthan,BCom,IT,8.25,5.7,Australia,MBA,2689322,Yes,WhatsApp,New Lead,Rohit Gupta,2025-06-16,2025-07-30,Inactive,79,Low,84,Australia,Partial Scholarship
ST3271,Frado Lad,Male,22,Mumbai,Maharashtra,BBA,CSE,7.14,8.4,UK,MBA,2032521,No,Website,Contacted,Sneha Jain,2026-05-03,2026-05-28,Dropped,98,Low,100,Canada,Not Eligible
ST3272,Eta Vig,Female,19,Bangalore,Karnataka,BSc,IT,7.78,7.3,Canada,Cyber Security,1977221,No,WhatsApp,New Lead,Rahul Singh,2024-08-26,2024-10-19,Inactive,91,Low,85,Canada,Partial Scholarship
ST3273,Meghana Wason,Female,21,Ahmedabad,Gujarat,BSc,IT,7.3,6.6,UK,Artificial Intelligence,3302082,No,WhatsApp,New Lead,Sneha Jain,2025-04-26,2025-06-24,Inactive,85,Low,82,UK,Not Eligible
ST3274,Yagnesh Malhotra,Female,27,Ahmedabad,Gujarat,BTech,ECE,7.79,8.2,Australia,Computer Science,2097084,Yes,Seminar,Documents,Rahul Singh,2025-09-16,2025-10-26,Active,99,Low,100,Canada,Partial Scholarship
ST3275,Eta Kala,Female,28,Bangalore,Karnataka,BBA,CSE,9.32,7.0,Germany,Artificial Intelligence,1079644,Yes,Seminar,Enrolled,Amit Verma,2025-10-01,2026-01-24,Converted,98,Low,98,Germany,Merit Scholarship
ST3276,Ayush Palla,Male,25,Bangalore,Karnataka,BA,Marketing,6.54,8.2,Australia,Finance,2802655,Yes,Referral,Enrolled,Rohit Gupta,2024-09-22,2024-11-05,Converted,99,Low,100,Canada,Not Eligible
ST3277,Anita Mittal,Female,25,Pune,Maharashtra,BBA,CSE,8.71,7.2,Canada,Cyber Security,2725113,Yes,Website,Documents,Rohit Gupta,2025-03-14,2025-05-19,Inactive,99,Low,100,Canada,Merit Scholarship
ST3278,Shravya Vasa,Male,24,Mumbai,Maharashtra,BCom,Marketing,8.78,6.0,UK,Cyber Security,1848116,Yes,Seminar,New Lead,Priya Sharma,2025-09-13,2025-10-23,Active,91,Low,82,UK,Merit Scholarship
ST3279,Vasana Jani,Male,28,Indore,Madhya Pradesh,BSc,ECE,6.29,8.3,Canada,MBA,3299769,Yes,Website,Counseling,Amit Verma,2026-05-03,2026-06-01,Inactive,92,Low,90,Canada,Not Eligible
ST3280,Tamanna Shukla,Male,24,Pune,Maharashtra,BA,CSE,8.84,6.7,Germany,Artificial Intelligence,1345495,Yes,Referral,Counseling,Rahul Singh,2024-11-28,2025-01-17,Dropped,99,Low,100,Germany,Merit Scholarship
ST3281,Ridhi Saha,Female,23,Hyderabad,Telangana,BTech,Mechanical,8.89,5.6,Australia,Computer Science,3325786,Yes,WhatsApp,Contacted,Sneha Jain,2024-11-09,2024-12-19,Dropped,81,Low,88,Australia,Merit Scholarship
ST3282,Arjun Anne,Female,18,Bangalore,Karnataka,BSc,Marketing,9.46,8.3,UK,Computer Science,1332526,Yes,Instagram,Visa,Amit Verma,2025-05-15,2025-06-21,Active,94,Low,100,Germany,Merit Scholarship
ST3283,Nikita Sule,Male,23,Indore,Madhya Pradesh,BCom,IT,6.58,8.2,Canada,Finance,1427971,Yes,Website,Enrolled,Rahul Singh,2024-10-08,2025-01-22,Converted,88,Low,81,Germany,Not Eligible
ST3284,Rajeshri Sami,Female,18,Bhopal,Madhya Pradesh,BSc,Finance,9.15,6.9,Germany,Artificial Intelligence,1242888,Yes,Website,Enrolled,Sneha Jain,2024-12-24,2025-03-06,Converted,86,Low,95,Germany,Merit Scholarship
ST3285,Ekaraj Sarna,Male,24,Indore,Madhya Pradesh,BCom,Biotechnology,8.63,7.6,Australia,Artificial Intelligence,2684974,Yes,Instagram,Offer Letter,Rohit Gupta,2026-05-01,2026-08-18,Inactive,97,Low,100,Canada,Merit Scholarship
ST3286,Ayaan Gara,Male,24,Jaipur,Rajasthan,BA,Mechanical,9.65,8.3,Australia,MBA,2042512,Yes,Instagram,Application,Priya Sharma,2025-04-30,2025-05-09,Inactive,99,Low,100,Canada,Merit Scholarship
ST3287,Anika Iyer,Female,24,Bhopal,Madhya Pradesh,BTech,Biotechnology,8.9,7.4,Canada,Data Science,1938245,Yes,Instagram,Application,Amit Verma,2026-01-27,2026-02-04,Active,99,Low,98,Canada,Merit Scholarship
ST3288,Harini Varty,Male,25,Mumbai,Maharashtra,BCom,IT,6.93,6.0,Australia,Data Science,3345448,Yes,Seminar,Visa,Sneha Jain,2025-05-18,2025-08-31,Converted,72,Medium,74,Australia,Not Eligible
ST3289,Yash Nagi,Male,21,Ahmedabad,Gujarat,BTech,Biotechnology,6.25,7.8,UK,Business Analytics,1823877,Yes,Website,Application,Amit Verma,2026-05-19,2026-09-14,Dropped,75,Medium,75,Canada,Not Eligible
ST3290,Siya Vig,Male,21,Bangalore,Karnataka,BTech,ECE,7.44,7.3,Canada,Finance,922801,No,WhatsApp,New Lead,Rahul Singh,2024-07-08,2024-09-25,Active,87,Low,82,Germany,Not Eligible
ST3291,Ekaja Barad,Female,25,Ahmedabad,Gujarat,BBA,ECE,6.93,8.0,UK,Cyber Security,2065789,Yes,Instagram,Counseling,Sneha Jain,2025-12-09,2026-01-11,Dropped,98,Low,94,Canada,Not Eligible
ST3292,Faraj Golla,Female,22,Mumbai,Maharashtra,BCom,IT,8.49,8.3,UK,MBA,2719708,No,Referral,Counseling,Amit Verma,2024-06-05,2024-09-06,Active,90,Low,100,Canada,Partial Scholarship
ST3293,Sanaya Jani,Female,19,Hyderabad,Telangana,BA,CSE,7.47,7.3,Canada,Computer Science,1282967,No,Instagram,Visa,Rahul Singh,2026-03-25,2026-07-06,Active,91,Low,82,Germany,Not Eligible
ST3294,Yatan Ganesan,Female,22,Chennai,Tamil Nadu,BCom,Finance,7.34,6.1,Canada,Artificial Intelligence,803558,No,Referral,Application,Rohit Gupta,2024-06-19,2024-10-10,Active,84,Low,83,Germany,Not Eligible
ST3295,Ekbal Sandal,Female,21,Delhi,Delhi,BTech,Marketing,7.98,6.8,Australia,Finance,1928694,No,Website,Documents,Rahul Singh,2024-10-28,2024-11-05,Active,90,Low,81,Australia,Partial Scholarship
ST3296,Qabil Bhalla,Female,23,Hyderabad,Telangana,BSc,IT,9.51,6.6,Germany,Finance,1044445,Yes,Instagram,Counseling,Rohit Gupta,2025-04-28,2025-06-30,Inactive,98,Low,95,Germany,Merit Scholarship
ST3297,Lakshmi Sanghvi,Male,22,Mumbai,Maharashtra,BSc,IT,8.38,8.0,UK,Data Science,3239034,No,Instagram,Offer Letter,Amit Verma,2025-06-19,2025-07-21,Active,93,Low,100,Canada,Partial Scholarship
ST3298,Avni Palan,Male,21,Hyderabad,Telangana,BCom,Biotechnology,7.93,6.9,Canada,Finance,946229,Yes,Seminar,Offer Letter,Sneha Jain,2025-11-17,2026-02-02,Dropped,73,Low,83,Germany,Partial Scholarship
ST3299,Tristan Mody,Female,20,Pune,Maharashtra,BTech,IT,9.46,6.2,Germany,MBA,1321733,Yes,Website,Visa,Priya Sharma,2025-01-12,2025-04-07,Converted,81,Low,91,Germany,Merit Scholarship
ST3300,Alka Varghese,Male,20,Ahmedabad,Gujarat,BCom,Finance,8.05,7.8,UK,MBA,3448192,No,Instagram,Counseling,Amit Verma,2026-04-08,2026-06-05,Inactive,99,Low,100,Canada,Partial Scholarship
ST3301,Baghyawati Iyengar,Female,26,Jaipur,Rajasthan,BTech,ECE,6.41,8.4,Canada,Business Analytics,2983288,Yes,Website,Contacted,Rahul Singh,2024-10-20,2024-10-22,Inactive,99,Low,93,Canada,Not Eligible
ST3302,Aishani Venkatesh,Female,24,Mumbai,Maharashtra,BTech,Marketing,7.15,5.5,Australia,Artificial Intelligence,2821134,Yes,Seminar,New Lead,Sneha Jain,2024-12-11,2025-02-10,Dropped,80,Medium,71,Australia,Not Eligible
ST3303,Udant Kohli,Male,19,Hyderabad,Telangana,BSc,ECE,8.5,6.6,USA,Data Science,2632123,No,Instagram,Contacted,Rohit Gupta,2026-02-15,2026-04-06,Active,85,Low,95,USA,Merit Scholarship
ST3304,Tanmayi Munshi,Female,22,Chennai,Tamil Nadu,BA,Marketing,7.48,6.0,Canada,Business Analytics,3404716,Yes,WhatsApp,Counseling,Sneha Jain,2025-09-16,2025-10-07,Active,88,Medium,79,Canada,Not Eligible
ST3305,Yashica Goel,Male,28,Bangalore,Karnataka,BTech,Mechanical,7.75,6.2,UK,MBA,1652334,No,Instagram,Documents,Rahul Singh,2025-05-25,2025-08-25,Dropped,67,Medium,74,UK,Partial Scholarship
ST3306,Warda Contractor,Female,28,Bhopal,Madhya Pradesh,BBA,ECE,7.47,5.9,Canada,Artificial Intelligence,1327611,No,Instagram,New Lead,Rahul Singh,2024-10-02,2024-10-07,Inactive,77,Medium,68,Germany,Not Eligible
ST3307,Brinda Yohannan,Male,26,Hyderabad,Telangana,BTech,Finance,7.43,6.6,Germany,Artificial Intelligence,1441363,Yes,Website,Visa,Rahul Singh,2025-08-12,2025-12-06,Converted,82,Medium,74,Germany,Not Eligible
ST3308,Ronith Kaur,Male,21,Mumbai,Maharashtra,BA,IT,6.87,7.0,Canada,Business Analytics,2555296,Yes,WhatsApp,Documents,Rohit Gupta,2025-09-29,2025-12-11,Inactive,76,Low,83,Canada,Not Eligible
ST3309,Kritika Ravi,Male,23,Pune,Maharashtra,BCom,ECE,8.06,7.6,Canada,MBA,1398690,No,Instagram,Visa,Rohit Gupta,2025-05-09,2025-07-10,Active,86,Low,90,Germany,Partial Scholarship
ST3310,Nilima Nigam,Female,18,Delhi,Delhi,BTech,CSE,6.89,7.0,Canada,Data Science,2661570,No,WhatsApp,Enrolled,Sneha Jain,2025-11-10,2026-02-04,Converted,93,Low,83,Canada,Not Eligible
ST3311,Tarak Tiwari,Male,22,Bangalore,Karnataka,BSc,ECE,6.88,8.2,Australia,Computer Science,2308737,Yes,WhatsApp,New Lead,Rohit Gupta,2026-03-22,2026-05-25,Active,93,Low,94,Canada,Not Eligible
ST3312,Kashish Baria,Female,19,Pune,Maharashtra,BTech,IT,8.78,5.9,Australia,Artificial Intelligence,3114197,Yes,Seminar,Visa,Rohit Gupta,2025-07-10,2025-08-16,Converted,92,Low,91,Australia,Merit Scholarship
ST3313,Gaurangi Bhalla,Male,19,Bhopal,Madhya Pradesh,BBA,Finance,8.52,7.0,UK,Business Analytics,1545650,Yes,WhatsApp,Application,Rohit Gupta,2024-06-16,2024-09-01,Active,89,Low,90,Canada,Merit Scholarship
ST3314,Chandresh Kade,Male,26,Jaipur,Rajasthan,BA,CSE,6.36,6.9,Germany,Artificial Intelligence,846619,Yes,Referral,New Lead,Sneha Jain,2024-12-02,2025-02-11,Dropped,89,Low,82,Germany,Not Eligible
ST3315,Gabriel Sidhu,Male,19,Bangalore,Karnataka,BTech,IT,6.08,6.4,Canada,Cyber Security,2244229,Yes,Instagram,Counseling,Rohit Gupta,2025-08-06,2025-10-29,Dropped,78,Medium,69,Canada,Not Eligible
ST3316,Samesh Shetty,Male,21,Hyderabad,Telangana,BSc,ECE,7.23,7.8,Australia,MBA,1135269,Yes,Instagram,Counseling,Sneha Jain,2026-05-23,2026-08-19,Inactive,84,Low,85,Germany,Not Eligible
ST3317,Yoshita Jani,Male,27,Mumbai,Maharashtra,BA,Marketing,7.76,7.2,Canada,Artificial Intelligence,2378720,Yes,Seminar,Application,Amit Verma,2025-11-01,2026-02-09,Active,87,Low,94,Canada,Partial Scholarship
ST3318,Upasna Kamdar,Female,27,Ahmedabad,Gujarat,BSc,Marketing,9.65,6.8,USA,Data Science,3412891,Yes,Seminar,Counseling,Rahul Singh,2024-11-15,2024-12-02,Inactive,96,Low,100,USA,Merit Scholarship
ST3319,Qasim Sagar,Female,23,Mumbai,Maharashtra,BCom,CSE,8.25,8.1,Canada,Computer Science,3213271,No,WhatsApp,Application,Amit Verma,2025-04-21,2025-04-22,Active,99,Low,100,Canada,Partial Scholarship
ST3320,Luke Nayak,Male,24,Pune,Maharashtra,BA,Finance,6.7,8.3,Australia,Business Analytics,1935938,Yes,Referral,Enrolled,Priya Sharma,2024-12-26,2025-03-13,Converted,99,Low,100,Canada,Not Eligible
ST3321,Chaaya Sem,Female,23,Jaipur,Rajasthan,BCom,Finance,7.68,7.6,UK,Computer Science,3230742,No,Seminar,New Lead,Sneha Jain,2024-09-23,2025-01-07,Dropped,86,Low,96,Canada,Partial Scholarship
ST3322,Chakradhar Raju,Female,27,Ahmedabad,Gujarat,BA,Finance,7.58,7.6,Australia,Artificial Intelligence,1587824,Yes,Seminar,Documents,Sneha Jain,2024-08-20,2024-11-23,Active,85,Low,85,Canada,Partial Scholarship
ST3323,Ubika Bandi,Male,23,Hyderabad,Telangana,BCom,IT,8.65,8.4,UK,Computer Science,3339829,Yes,Referral,Counseling,Sneha Jain,2026-01-12,2026-04-22,Inactive,99,Low,100,Canada,Merit Scholarship
ST3324,Dakshesh Warrior,Male,25,Pune,Maharashtra,BA,Mechanical,6.03,7.2,Australia,Data Science,1614373,Yes,Website,Documents,Priya Sharma,2026-03-11,2026-06-15,Dropped,74,Medium,67,Canada,Not Eligible
ST3325,Baghyawati Bir,Female,21,Pune,Maharashtra,BCom,Marketing,6.28,7.3,Germany,Artificial Intelligence,1110736,Yes,Website,Contacted,Rahul Singh,2025-10-19,2025-11-06,Dropped,65,Medium,70,Germany,Not Eligible
ST3326,Noah Pradhan,Male,20,Chennai,Tamil Nadu,BTech,Finance,9.05,5.8,Canada,Artificial Intelligence,2315738,Yes,Seminar,Counseling,Priya Sharma,2024-12-23,2025-01-18,Active,82,Low,92,Canada,Merit Scholarship
ST3327,Viraj Iyengar,Male,21,Ahmedabad,Gujarat,BTech,IT,8.83,7.4,Canada,Computer Science,2451060,Yes,Instagram,Documents,Rohit Gupta,2025-07-21,2025-09-29,Active,96,Low,100,Canada,Merit Scholarship
ST3328,Frado Khatri,Male,28,Indore,Madhya Pradesh,BBA,Mechanical,9.6,7.9,UK,Cyber Security,1834139,Yes,Website,Offer Letter,Sneha Jain,2025-02-09,2025-03-22,Active,98,Low,100,Canada,Merit Scholarship
ST3329,Widisha Walia,Female,21,Mumbai,Maharashtra,BSc,CSE,8.82,6.7,Australia,Computer Science,2093791,Yes,Instagram,Offer Letter,Rahul Singh,2026-01-18,2026-05-07,Dropped,99,Low,100,Australia,Merit Scholarship
ST3330,Ayush Pandya,Male,19,Ahmedabad,Gujarat,BTech,Biotechnology,9.06,8.0,Canada,Artificial Intelligence,1200728,Yes,Website,Application,Rohit Gupta,2024-12-28,2025-02-28,Dropped,92,Low,100,Germany,Merit Scholarship
ST3331,Wriddhish Karnik,Male,23,Bhopal,Madhya Pradesh,BBA,Finance,8.78,7.8,Australia,Data Science,1028084,Yes,WhatsApp,Offer Letter,Priya Sharma,2024-10-12,2025-01-11,Inactive,94,Low,100,Germany,Merit Scholarship
ST3332,Divya Sahni,Male,26,Hyderabad,Telangana,BTech,Biotechnology,6.39,8.5,UK,Data Science,916277,No,Referral,New Lead,Amit Verma,2026-01-26,2026-05-12,Active,95,Low,98,Germany,Not Eligible
ST3333,Sathvik Sankar,Male,21,Indore,Madhya Pradesh,BCom,Biotechnology,6.08,7.3,Canada,Finance,3458768,Yes,Instagram,New Lead,Sneha Jain,2025-06-30,2025-09-12,Active,72,Medium,78,Canada,Not Eligible
ST3334,Advika Om,Female,20,Mumbai,Maharashtra,BBA,IT,6.17,6.6,UK,Finance,2123302,Yes,Referral,Visa,Sneha Jain,2026-05-18,2026-07-29,Converted,82,Low,86,UK,Not Eligible
ST3335,Yashoda Dugar,Female,25,Pune,Maharashtra,BTech,Mechanical,6.84,5.7,UK,Data Science,1637064,Yes,Seminar,Visa,Amit Verma,2025-02-06,2025-05-26,Converted,50,Medium,60,UK,Not Eligible
ST3336,Chaitanya Bansal,Female,24,Mumbai,Maharashtra,BTech,Biotechnology,9.36,6.1,USA,Business Analytics,2544325,Yes,Instagram,Documents,Amit Verma,2024-09-18,2025-01-12,Dropped,99,Low,98,USA,Merit Scholarship
ST3337,Gayathri Dar,Male,27,Delhi,Delhi,BSc,Marketing,9.35,8.0,Canada,Cyber Security,1863481,Yes,Website,Documents,Amit Verma,2025-02-18,2025-03-07,Inactive,99,Low,100,Canada,Merit Scholarship
ST3338,Anjali Chandran,Female,22,Indore,Madhya Pradesh,BBA,IT,7.44,6.4,Canada,MBA,2129564,No,Instagram,Application,Rahul Singh,2024-10-12,2025-01-24,Inactive,81,Low,83,Canada,Not Eligible
ST3339,Zashil Mutti,Male,27,Hyderabad,Telangana,BBA,Marketing,7.83,7.8,UK,Data Science,2706520,No,Instagram,Visa,Priya Sharma,2024-08-26,2024-10-24,Active,99,Low,100,Canada,Partial Scholarship
ST3340,Azad Sachar,Male,19,Pune,Maharashtra,BCom,Biotechnology,7.89,6.7,Germany,Finance,1470154,Yes,Referral,Application,Priya Sharma,2024-08-31,2024-11-14,Dropped,94,Low,95,Germany,Partial Scholarship
ST3341,Yashoda Deep,Female,26,Jaipur,Rajasthan,BA,Marketing,6.75,8.0,Canada,Business Analytics,3395201,Yes,Seminar,Contacted,Rohit Gupta,2025-06-09,2025-07-17,Dropped,87,Low,92,Canada,Not Eligible
ST3342,Chatura Badami,Male,27,Indore,Madhya Pradesh,BSc,IT,6.64,5.6,Germany,Artificial Intelligence,1051287,No,Referral,Counseling,Amit Verma,2026-05-05,2026-07-27,Dropped,62,Medium,71,Germany,Not Eligible
ST3343,Mohini Patel,Female,21,Hyderabad,Telangana,BBA,CSE,9.56,6.7,UK,Artificial Intelligence,3133918,Yes,Seminar,Offer Letter,Rahul Singh,2026-02-25,2026-06-22,Dropped,99,Low,100,UK,Merit Scholarship
ST3344,Rachit Deshmukh,Female,28,Hyderabad,Telangana,BCom,ECE,6.29,7.9,UK,Cyber Security,2003926,Yes,Referral,New Lead,Rohit Gupta,2024-09-06,2024-11-28,Active,96,Low,100,Canada,Not Eligible
ST3345,Vedhika Varughese,Female,18,Delhi,Delhi,BCom,Mechanical,6.17,6.0,Canada,Business Analytics,3096544,Yes,Instagram,Visa,Amit Verma,2025-11-24,2026-02-12,Converted,76,Medium,66,Canada,Not Eligible
ST3346,Libni Purohit,Female,18,Delhi,Delhi,BBA,ECE,8.13,6.8,Canada,Cyber Security,2431748,No,Seminar,New Lead,Rohit Gupta,2024-11-14,2025-01-27,Inactive,90,Low,93,Canada,Partial Scholarship
ST3347,Hredhaan Chhabra,Female,26,Ahmedabad,Gujarat,BA,Marketing,8.51,6.9,Canada,Business Analytics,3030246,Yes,WhatsApp,Counseling,Rahul Singh,2025-09-19,2025-11-03,Active,99,Low,99,Canada,Merit Scholarship
ST3348,Anusha Manda,Female,27,Ahmedabad,Gujarat,BSc,Finance,8.59,7.5,Canada,Finance,1802096,Yes,Instagram,Contacted,Priya Sharma,2025-04-05,2025-07-18,Dropped,87,Low,95,Canada,Merit Scholarship
ST3349,Wishi Narain,Female,21,Delhi,Delhi,BSc,ECE,9.38,6.9,Australia,Computer Science,2214049,Yes,Seminar,Contacted,Rohit Gupta,2025-02-22,2025-04-11,Inactive,93,Low,100,Australia,Merit Scholarship
ST3350,Simon Kale,Male,24,Bangalore,Karnataka,BSc,Biotechnology,9.0,7.2,Australia,Finance,2446230,Yes,Instagram,Offer Letter,Rohit Gupta,2025-10-25,2026-02-17,Active,99,Low,100,Canada,Merit Scholarship
ST3351,Mitesh Butala,Female,24,Ahmedabad,Gujarat,BCom,Finance,9.74,7.4,Germany,Data Science,1076689,Yes,Website,Enrolled,Rohit Gupta,2025-05-13,2025-05-28,Converted,95,Low,100,Germany,Merit Scholarship
ST3352,Arunima Pradhan,Female,18,Pune,Maharashtra,BCom,CSE,7.09,6.4,UK,Artificial Intelligence,2281297,Yes,Instagram,New Lead,Amit Verma,2025-03-22,2025-07-18,Active,83,Medium,79,UK,Not Eligible
ST3353,Manya Patla,Male,24,Jaipur,Rajasthan,BSc,Mechanical,8.78,7.3,Germany,Business Analytics,843133,Yes,Website,Enrolled,Amit Verma,2024-09-24,2024-12-29,Converted,95,Low,95,Germany,Merit Scholarship
ST3354,Lavanya Dhar,Male,26,Indore,Madhya Pradesh,BTech,IT,7.52,6.2,UK,Finance,2797322,Yes,WhatsApp,Visa,Priya Sharma,2025-12-27,2026-04-08,Converted,72,Low,82,UK,Partial Scholarship
ST3355,Libni Andra,Male,23,Jaipur,Rajasthan,BSc,CSE,8.59,8.0,Australia,Data Science,1473383,Yes,Seminar,Enrolled,Amit Verma,2025-01-30,2025-05-05,Converted,99,Low,100,Germany,Merit Scholarship
ST3356,Maanav Venkataraman,Female,28,Bangalore,Karnataka,BTech,Finance,9.2,6.1,Germany,Business Analytics,1188823,Yes,Website,New Lead,Rohit Gupta,2025-04-08,2025-06-05,Inactive,96,Low,86,Germany,Merit Scholarship
ST3357,Jeet Date,Male,23,Jaipur,Rajasthan,BA,Marketing,6.91,6.7,Germany,MBA,1123115,No,Instagram,Enrolled,Rahul Singh,2026-05-13,2026-07-08,Converted,67,Medium,71,Germany,Not Eligible
ST3358,Daksha Lad,Male,21,Bangalore,Karnataka,BA,IT,9.78,6.3,Australia,Computer Science,2596028,Yes,Referral,Application,Rohit Gupta,2024-12-18,2025-02-02,Active,95,Low,100,Australia,Merit Scholarship
ST3359,Chanchal Mody,Male,21,Hyderabad,Telangana,BA,CSE,6.12,7.7,Australia,Business Analytics,1414938,No,Instagram,Visa,Rahul Singh,2026-02-21,2026-02-25,Converted,79,Medium,73,Germany,Not Eligible
ST3360,Charan Brar,Male,22,Jaipur,Rajasthan,BBA,CSE,8.96,6.4,Canada,Artificial Intelligence,2217540,Yes,WhatsApp,Contacted,Sneha Jain,2026-04-21,2026-05-26,Inactive,99,Low,98,Canada,Merit Scholarship
ST3361,Aarna Amble,Male,27,Indore,Madhya Pradesh,BSc,CSE,7.8,8.2,Australia,MBA,1805248,No,Instagram,Counseling,Amit Verma,2024-11-15,2024-11-29,Dropped,99,Low,94,Canada,Partial Scholarship
ST3362,Janya Agrawal,Male,27,Jaipur,Rajasthan,BBA,IT,8.33,8.3,Australia,Artificial Intelligence,1624023,No,Referral,Enrolled,Rahul Singh,2025-02-01,2025-02-17,Converted,97,Low,100,Canada,Partial Scholarship
ST3363,Harsh Chhabra,Female,20,Chennai,Tamil Nadu,BA,Finance,9.07,6.7,Australia,Data Science,2019131,Yes,Website,Offer Letter,Priya Sharma,2025-10-23,2025-12-03,Dropped,90,Low,100,Australia,Merit Scholarship
ST3364,Robert Banerjee,Female,21,Delhi,Delhi,BCom,ECE,9.65,5.5,Australia,Data Science,1674754,Yes,Referral,Application,Sneha Jain,2024-06-03,2024-08-08,Active,95,Low,100,Australia,Merit Scholarship
ST3365,Ria Gopal,Male,20,Delhi,Delhi,BTech,ECE,9.01,7.4,Australia,Cyber Security,1794567,Yes,WhatsApp,Visa,Rahul Singh,2025-03-06,2025-03-30,Converted,95,Low,99,Canada,Merit Scholarship
ST3366,Bimala Tank,Male,20,Chennai,Tamil Nadu,BSc,IT,8.3,6.5,Germany,Data Science,1282619,No,Instagram,Counseling,Priya Sharma,2025-06-22,2025-08-16,Dropped,85,Low,83,Germany,Partial Scholarship
ST3367,Anmol Karpe,Female,21,Delhi,Delhi,BSc,Marketing,7.2,6.0,Australia,Artificial Intelligence,3010261,Yes,WhatsApp,Visa,Rohit Gupta,2024-09-25,2024-09-29,Converted,69,Medium,77,Australia,Not Eligible
ST3368,Girik Malhotra,Female,22,Delhi,Delhi,BTech,ECE,9.47,6.2,Canada,Finance,3129736,Yes,Seminar,Enrolled,Priya Sharma,2025-11-05,2026-02-03,Converted,92,Low,100,Canada,Merit Scholarship
ST3369,Omkaar Korpal,Female,21,Jaipur,Rajasthan,BTech,CSE,6.07,8.1,UK,Artificial Intelligence,2367821,No,Seminar,Enrolled,Amit Verma,2025-12-27,2026-03-11,Converted,76,Low,85,Canada,Not Eligible
ST3370,Unnati Rattan,Male,21,Bangalore,Karnataka,BBA,Biotechnology,9.24,8.0,Canada,Finance,2587786,Yes,Website,Contacted,Rohit Gupta,2025-07-27,2025-09-23,Active,91,Low,100,Canada,Merit Scholarship
ST3371,Mahika Prabhu,Male,26,Ahmedabad,Gujarat,BCom,IT,9.55,5.7,Canada,MBA,2665909,Yes,Website,Documents,Rohit Gupta,2025-06-30,2025-08-24,Active,99,Low,97,Canada,Merit Scholarship
ST3372,Netra Krish,Female,18,Hyderabad,Telangana,BTech,Marketing,7.86,7.9,Canada,Artificial Intelligence,1529997,No,WhatsApp,New Lead,Rahul Singh,2026-04-09,2026-05-26,Dropped,95,Low,92,Canada,Partial Scholarship
ST3373,Lucky Mammen,Female,28,Bhopal,Madhya Pradesh,BCom,Finance,6.68,6.9,Australia,Finance,1935337,No,Seminar,Visa,Priya Sharma,2025-08-08,2025-09-02,Converted,60,Medium,70,Australia,Not Eligible
ST3374,Chandran Vohra,Female,28,Mumbai,Maharashtra,BSc,ECE,9.77,7.5,Australia,Cyber Security,1323588,Yes,Seminar,Offer Letter,Priya Sharma,2024-06-26,2024-08-13,Active,99,Low,100,Germany,Merit Scholarship
ST3375,Utkarsh Kothari,Male,27,Jaipur,Rajasthan,BA,ECE,8.37,6.3,Australia,MBA,2682071,Yes,WhatsApp,Offer Letter,Rohit Gupta,2025-11-18,2025-12-13,Active,84,Low,90,Australia,Partial Scholarship
ST3376,Vedika Hayer,Male,18,Bangalore,Karnataka,BCom,Marketing,9.57,6.0,Canada,Data Science,1474999,Yes,WhatsApp,New Lead,Rahul Singh,2024-11-16,2024-12-12,Dropped,99,Low,90,Germany,Merit Scholarship
ST3377,Omkaar Sengupta,Female,18,Bhopal,Madhya Pradesh,BCom,Marketing,7.99,6.1,Canada,MBA,2024779,Yes,Seminar,Contacted,Rahul Singh,2024-06-20,2024-09-19,Inactive,90,Low,84,Canada,Partial Scholarship
ST3378,Qabil Tripathi,Female,22,Indore,Madhya Pradesh,BA,Mechanical,6.96,5.8,Canada,Cyber Security,3460058,No,Website,Visa,Priya Sharma,2025-11-27,2025-12-08,Active,61,Medium,71,Canada,Not Eligible
ST3379,Nilima Bhargava,Female,25,Ahmedabad,Gujarat,BTech,ECE,9.76,7.0,UK,MBA,2355204,Yes,Seminar,New Lead,Rohit Gupta,2025-02-25,2025-06-16,Active,99,Low,100,Canada,Merit Scholarship
ST3380,Faris Vohra,Male,26,Bhopal,Madhya Pradesh,BCom,Finance,8.57,8.4,Canada,Data Science,2273543,Yes,Referral,Enrolled,Rahul Singh,2025-05-23,2025-06-05,Converted,99,Low,100,Canada,Merit Scholarship
ST3381,David Chandran,Male,22,Delhi,Delhi,BBA,CSE,8.04,7.6,UK,Cyber Security,2871864,No,Website,Counseling,Rohit Gupta,2025-01-09,2025-03-14,Active,99,Low,100,Canada,Partial Scholarship
ST3382,Yash Venkatesh,Female,20,Hyderabad,Telangana,BTech,Finance,7.59,7.1,Australia,Artificial Intelligence,2042946,Yes,Referral,Contacted,Priya Sharma,2026-01-13,2026-02-03,Active,99,Low,100,Canada,Partial Scholarship
ST3383,Pushti Mistry,Female,23,Bangalore,Karnataka,BA,Biotechnology,7.05,7.2,UK,Computer Science,2065673,Yes,Seminar,Offer Letter,Sneha Jain,2026-05-14,2026-06-14,Active,90,Low,87,Canada,Not Eligible
ST3384,Niharika Oza,Male,24,Bhopal,Madhya Pradesh,BA,IT,6.02,6.6,Australia,Computer Science,2102585,No,Referral,Documents,Rohit Gupta,2026-02-15,2026-02-21,Active,86,Low,85,Australia,Not Eligible
ST3385,Anvi Saha,Male,21,Bhopal,Madhya Pradesh,BCom,CSE,6.94,7.5,UK,Cyber Security,3409529,No,Referral,Enrolled,Sneha Jain,2024-10-21,2024-11-07,Converted,94,Low,100,Canada,Not Eligible
ST3386,Harita Vora,Female,27,Jaipur,Rajasthan,BSc,IT,8.34,6.9,Australia,Artificial Intelligence,2109365,No,Seminar,Documents,Amit Verma,2026-05-13,2026-09-08,Active,94,Low,97,Australia,Partial Scholarship
ST3387,Rachana Batra,Male,28,Pune,Maharashtra,BCom,IT,6.6,7.4,Australia,Cyber Security,2090871,Yes,Seminar,Application,Rohit Gupta,2025-11-09,2025-11-12,Inactive,89,Low,84,Canada,Not Eligible
ST3388,Advaith Chowdhury,Male,19,Ahmedabad,Gujarat,BA,ECE,7.58,5.9,Australia,Finance,1886235,No,Referral,Visa,Priya Sharma,2025-12-06,2026-03-25,Active,85,Low,84,Australia,Partial Scholarship
ST3389,Fiyaz Lata,Male,27,Jaipur,Rajasthan,BBA,IT,8.96,6.5,Canada,MBA,1005373,Yes,Seminar,Enrolled,Amit Verma,2024-11-03,2024-12-04,Converted,94,Low,89,Germany,Merit Scholarship
ST3390,Logan Sule,Female,25,Pune,Maharashtra,BBA,Mechanical,8.28,6.3,Australia,Computer Science,2090885,Yes,Seminar,Application,Rahul Singh,2024-07-25,2024-11-16,Inactive,92,Low,89,Australia,Partial Scholarship
ST3391,Radha Bhatia,Male,18,Ahmedabad,Gujarat,BTech,Marketing,8.93,7.1,UK,MBA,2774425,Yes,Website,Offer Letter,Priya Sharma,2025-05-09,2025-07-28,Inactive,99,Low,100,Canada,Merit Scholarship
ST3392,Deepa Sibal,Male,28,Bangalore,Karnataka,BCom,Marketing,8.51,7.6,Canada,Artificial Intelligence,2642851,Yes,WhatsApp,Contacted,Amit Verma,2024-06-07,2024-07-09,Dropped,95,Low,100,Canada,Merit Scholarship
ST3393,Chandran Patla,Male,23,Delhi,Delhi,BA,Mechanical,9.23,6.4,UK,Data Science,2484250,Yes,Seminar,Enrolled,Amit Verma,2026-04-30,2026-05-17,Converted,90,Low,100,UK,Merit Scholarship
ST3394,Laksh Dalal,Male,28,Hyderabad,Telangana,BTech,Marketing,8.17,5.7,Germany,Cyber Security,893010,Yes,Website,Visa,Rahul Singh,2025-07-17,2025-11-09,Converted,80,Medium,73,Germany,Partial Scholarship
ST3395,Libni Badal,Female,18,Delhi,Delhi,BA,Marketing,6.29,6.1,Australia,Data Science,2138707,No,Instagram,Application,Rohit Gupta,2025-11-27,2025-12-20,Active,76,Medium,67,Australia,Not Eligible
ST3396,Damini Gala,Male,25,Bangalore,Karnataka,BCom,IT,9.36,6.4,Germany,Data Science,907912,Yes,Website,Documents,Priya Sharma,2024-08-29,2024-10-08,Inactive,89,Low,92,Germany,Merit Scholarship
ST3397,Meghana Mishra,Female,21,Pune,Maharashtra,BCom,Finance,8.29,6.1,USA,Business Analytics,3178497,No,WhatsApp,New Lead,Priya Sharma,2024-08-20,2024-11-07,Active,87,Low,87,USA,Partial Scholarship
ST3398,Isaiah Narain,Male,22,Jaipur,Rajasthan,BCom,CSE,7.64,5.8,Australia,Finance,2077166,No,Website,New Lead,Amit Verma,2025-10-18,2025-12-09,Inactive,72,Medium,78,Australia,Partial Scholarship
ST3399,Shaurya Pillay,Female,18,Pune,Maharashtra,BCom,ECE,9.49,6.1,UK,Computer Science,2322390,Yes,WhatsApp,Contacted,Sneha Jain,2025-06-18,2025-07-27,Inactive,89,Low,99,UK,Merit Scholarship
ST3400,Umang Buch,Male,27,Hyderabad,Telangana,BBA,Mechanical,7.97,6.9,Germany,MBA,1325917,Yes,Referral,Counseling,Amit Verma,2024-07-16,2024-10-07,Dropped,99,Low,98,Germany,Partial Scholarship
ST3401,Neelima Kant,Female,25,Bangalore,Karnataka,BCom,CSE,6.91,6.5,UK,Finance,1989838,No,Seminar,Visa,Amit Verma,2026-04-19,2026-06-29,Converted,77,Medium,69,UK,Not Eligible
ST3402,Odika Puri,Female,28,Pune,Maharashtra,BBA,Biotechnology,9.44,5.9,UK,Finance,2546619,Yes,Seminar,Offer Letter,Sneha Jain,2025-09-02,2025-10-13,Active,93,Low,98,UK,Merit Scholarship
ST3403,Radhika Patla,Female,24,Chennai,Tamil Nadu,BCom,Mechanical,8.98,5.7,Germany,Cyber Security,862065,Yes,WhatsApp,Enrolled,Rohit Gupta,2024-06-16,2024-08-02,Converted,87,Low,81,Germany,Merit Scholarship
ST3404,Yoshita Bakshi,Female,21,Pune,Maharashtra,BCom,IT,6.17,7.4,Germany,Data Science,1483486,No,Website,Application,Rohit Gupta,2024-08-12,2024-09-19,Dropped,75,Medium,70,Germany,Not Eligible
ST3405,Elijah Kumar,Female,18,Hyderabad,Telangana,BA,CSE,9.0,5.5,Australia,Artificial Intelligence,1982397,Yes,WhatsApp,Visa,Priya Sharma,2024-06-25,2024-08-22,Converted,71,Low,80,Australia,Merit Scholarship
ST3406,Abdul Bhatia,Female,21,Delhi,Delhi,BA,Mechanical,8.96,6.1,Canada,Artificial Intelligence,3223524,Yes,Instagram,Contacted,Rahul Singh,2024-06-08,2024-08-14,Inactive,84,Low,94,Canada,Merit Scholarship
ST3407,Jai Ramaswamy,Male,21,Ahmedabad,Gujarat,BCom,Biotechnology,8.56,6.0,Australia,Artificial Intelligence,2202838,Yes,Seminar,Counseling,Rahul Singh,2025-07-06,2025-10-20,Inactive,97,Low,90,Australia,Merit Scholarship
ST3408,Harinakshi Ahluwalia,Male,23,Chennai,Tamil Nadu,BBA,Finance,6.38,8.4,UK,Data Science,2828738,Yes,Seminar,New Lead,Rohit Gupta,2024-12-25,2025-02-15,Inactive,93,Low,92,Canada,Not Eligible
ST3409,Quincy Jaggi,Male,23,Mumbai,Maharashtra,BCom,IT,9.46,7.6,Australia,Artificial Intelligence,2999498,Yes,Seminar,Application,Amit Verma,2025-01-08,2025-05-03,Inactive,92,Low,100,Canada,Merit Scholarship
ST3410,Warda Sem,Male,24,Indore,Madhya Pradesh,BTech,ECE,6.84,6.6,UK,Computer Science,2800903,No,Instagram,Application,Sneha Jain,2025-07-20,2025-09-28,Inactive,74,Medium,78,UK,Not Eligible
ST3411,Udarsh Sarin,Female,18,Hyderabad,Telangana,BTech,Biotechnology,8.02,5.9,Canada,Business Analytics,2724541,No,Seminar,New Lead,Priya Sharma,2026-03-05,2026-06-09,Inactive,83,Low,84,Canada,Partial Scholarship
ST3412,Kai Mani,Female,28,Jaipur,Rajasthan,BSc,IT,9.53,6.6,USA,Data Science,2827705,Yes,Website,Documents,Sneha Jain,2025-08-26,2025-09-29,Dropped,99,Low,100,USA,Merit Scholarship
ST3413,Baghyawati Mall,Female,18,Bhopal,Madhya Pradesh,BA,CSE,9.19,6.9,Germany,Cyber Security,1017213,Yes,Website,Counseling,Rohit Gupta,2024-09-20,2024-10-20,Dropped,99,Low,95,Germany,Merit Scholarship
ST3414,Upkaar Majumdar,Male,22,Bangalore,Karnataka,BBA,IT,6.88,5.5,Australia,Computer Science,1566304,No,Seminar,Offer Letter,Rahul Singh,2026-05-26,2026-09-23,Active,60,High,58,Australia,Not Eligible
ST3415,Aashi Comar,Female,27,Chennai,Tamil Nadu,BA,IT,6.83,5.8,UK,Artificial Intelligence,3448386,No,Website,Enrolled,Amit Verma,2024-10-18,2024-11-14,Converted,72,Medium,70,UK,Not Eligible
ST3416,Ekiya Parekh,Female,28,Indore,Madhya Pradesh,BTech,IT,8.2,7.0,UK,Computer Science,1934819,Yes,Instagram,Counseling,Amit Verma,2024-09-18,2024-10-27,Dropped,89,Low,86,Canada,Partial Scholarship
ST3417,Darpan Zachariah,Female,27,Pune,Maharashtra,BTech,Finance,6.29,7.1,Germany,Artificial Intelligence,824428,Yes,Instagram,Contacted,Rohit Gupta,2025-06-17,2025-09-11,Inactive,60,Medium,67,Germany,Not Eligible
ST3418,Advika Chaudhry,Female,19,Chennai,Tamil Nadu,BCom,Biotechnology,9.17,6.8,UK,Data Science,2148870,Yes,Website,Documents,Rahul Singh,2026-03-25,2026-05-10,Active,99,Low,100,UK,Merit Scholarship
ST3419,Elijah Sankaran,Female,24,Hyderabad,Telangana,BSc,Mechanical,8.21,6.5,Australia,Computer Science,2069529,Yes,Referral,Application,Amit Verma,2026-01-05,2026-01-15,Active,90,Low,100,Australia,Partial Scholarship
ST3420,Harish Balakrishnan,Male,20,Chennai,Tamil Nadu,BA,Biotechnology,7.91,8.4,Canada,Computer Science,1698959,No,Seminar,Enrolled,Rahul Singh,2024-07-26,2024-10-20,Converted,99,Low,98,Canada,Partial Scholarship
ST3421,Imaran Anand,Female,21,Hyderabad,Telangana,BSc,ECE,7.19,5.8,Germany,Finance,1052450,No,WhatsApp,New Lead,Rohit Gupta,2025-09-10,2025-11-13,Inactive,66,Medium,63,Germany,Not Eligible
ST3422,Omkaar Dhar,Male,22,Chennai,Tamil Nadu,BCom,CSE,9.54,6.9,UK,Data Science,2063783,Yes,Instagram,Documents,Rahul Singh,2026-01-20,2026-03-25,Active,95,Low,100,UK,Merit Scholarship
ST3423,Siya Sachdeva,Male,20,Hyderabad,Telangana,BTech,Biotechnology,8.29,6.0,Canada,MBA,2419493,Yes,Website,Enrolled,Priya Sharma,2024-10-25,2025-01-10,Converted,83,Low,87,Canada,Partial Scholarship
ST3424,Zayan Virk,Male,27,Jaipur,Rajasthan,BTech,ECE,8.65,5.8,Australia,Computer Science,3095950,Yes,Seminar,Documents,Priya Sharma,2024-11-05,2024-12-12,Active,89,Low,88,Australia,Merit Scholarship
ST3425,Pavani Bumb,Female,25,Indore,Madhya Pradesh,BCom,CSE,8.02,7.9,Australia,Business Analytics,1362510,No,Seminar,Contacted,Rohit Gupta,2025-01-16,2025-02-19,Dropped,98,Low,94,Germany,Partial Scholarship
ST3426,Yochana Dyal,Male,19,Pune,Maharashtra,BA,ECE,7.66,8.1,Australia,Data Science,2677077,Yes,Instagram,Contacted,Sneha Jain,2025-07-02,2025-09-13,Inactive,99,Low,100,Canada,Partial Scholarship
ST3427,Diya Bhatia,Male,21,Pune,Maharashtra,BCom,IT,8.12,6.2,Canada,Finance,2412887,No,Seminar,Documents,Rahul Singh,2025-09-06,2025-10-01,Active,92,Low,88,Canada,Partial Scholarship
ST3428,Oviya Radhakrishnan,Female,27,Jaipur,Rajasthan,BSc,Mechanical,7.23,5.6,Germany,Data Science,1475313,Yes,Instagram,Enrolled,Amit Verma,2025-10-04,2025-11-29,Converted,68,Medium,62,Germany,Not Eligible
ST3429,Hemal Gera,Male,26,Bangalore,Karnataka,BSc,ECE,6.51,7.9,Canada,Computer Science,3353158,No,WhatsApp,Offer Letter,Sneha Jain,2025-05-17,2025-07-29,Dropped,97,Low,89,Canada,Not Eligible
ST3430,Yadavi Sankaran,Female,27,Indore,Madhya Pradesh,BBA,Finance,6.53,7.8,Australia,Data Science,2610920,Yes,Website,Documents,Sneha Jain,2025-06-25,2025-09-12,Dropped,85,Low,88,Canada,Not Eligible
ST3431,Warda Karan,Male,28,Indore,Madhya Pradesh,BSc,CSE,7.07,6.9,UK,Data Science,2896455,No,Referral,Counseling,Priya Sharma,2026-01-14,2026-02-21,Dropped,95,Low,99,UK,Not Eligible
ST3432,Anita Sridhar,Female,23,Delhi,Delhi,BSc,IT,6.27,6.5,Australia,Computer Science,2548475,Yes,Seminar,Offer Letter,Rahul Singh,2024-12-21,2025-01-24,Inactive,78,Medium,72,Australia,Not Eligible
ST3433,Hema Kade,Male,24,Pune,Maharashtra,BTech,IT,8.73,8.3,UK,Artificial Intelligence,1198121,Yes,Referral,Visa,Amit Verma,2026-05-30,2026-09-05,Converted,99,Low,100,Germany,Merit Scholarship
ST3434,Jeremiah Ramesh,Male,23,Ahmedabad,Gujarat,BA,Finance,8.1,8.3,Canada,Cyber Security,1990713,Yes,Referral,Enrolled,Sneha Jain,2025-08-08,2025-10-24,Converted,99,Low,100,Canada,Partial Scholarship
ST3435,Aradhana Vyas,Male,18,Bhopal,Madhya Pradesh,BTech,Finance,9.71,7.1,UK,Business Analytics,2936986,Yes,WhatsApp,Offer Letter,Rahul Singh,2024-08-03,2024-10-26,Active,94,Low,100,Canada,Merit Scholarship
ST3436,Manya Bera,Female,27,Ahmedabad,Gujarat,BA,ECE,7.54,5.7,Germany,MBA,1200260,No,Website,Offer Letter,Rahul Singh,2025-04-16,2025-06-06,Active,69,Medium,67,Germany,Partial Scholarship
ST3437,Logan Dua,Male,24,Bangalore,Karnataka,BA,Biotechnology,6.52,8.1,Canada,Data Science,1219097,No,Seminar,Enrolled,Rahul Singh,2025-03-26,2025-04-29,Converted,90,Low,80,Germany,Not Eligible
ST3438,Darsh Ramachandran,Female,19,Pune,Maharashtra,BTech,Marketing,9.78,7.7,Australia,MBA,2110177,Yes,WhatsApp,Application,Sneha Jain,2025-07-10,2025-09-04,Dropped,90,Low,100,Canada,Merit Scholarship
ST3439,Tanish Chanda,Female,25,Chennai,Tamil Nadu,BSc,CSE,6.79,8.1,Canada,Artificial Intelligence,1348466,No,Instagram,New Lead,Amit Verma,2026-05-18,2026-07-08,Dropped,84,Low,82,Germany,Not Eligible
ST3440,Radhika Chanda,Female,25,Ahmedabad,Gujarat,BCom,Mechanical,7.74,6.1,Canada,Computer Science,2662149,Yes,Seminar,Application,Priya Sharma,2025-02-01,2025-04-19,Dropped,76,Low,82,Canada,Partial Scholarship
ST3441,Prisha Sabharwal,Female,22,Jaipur,Rajasthan,BTech,Marketing,7.96,7.7,Canada,Cyber Security,3235811,No,Seminar,New Lead,Priya Sharma,2026-03-31,2026-04-12,Active,99,Low,100,Canada,Partial Scholarship
ST3442,Qadim Bhagat,Female,21,Ahmedabad,Gujarat,BTech,Mechanical,7.22,7.8,UK,Business Analytics,1222023,Yes,Instagram,Counseling,Rohit Gupta,2024-08-12,2024-11-01,Active,92,Low,85,Germany,Not Eligible
ST3443,Gautam Oommen,Female,21,Jaipur,Rajasthan,BTech,ECE,8.07,7.5,UK,Data Science,2914761,Yes,Website,Application,Amit Verma,2026-05-20,2026-06-21,Active,95,Low,100,Canada,Partial Scholarship
ST3444,Yashica Contractor,Female,22,Jaipur,Rajasthan,BTech,IT,9.58,7.3,UK,MBA,2158260,Yes,WhatsApp,Documents,Rahul Singh,2024-11-13,2024-12-07,Active,91,Low,100,Canada,Merit Scholarship
ST3445,Omya Pandit,Female,28,Bangalore,Karnataka,BSc,CSE,8.21,6.6,UK,Cyber Security,2907553,No,Seminar,Documents,Rahul Singh,2025-03-10,2025-04-15,Dropped,95,Low,92,UK,Partial Scholarship
ST3446,Qasim Raman,Male,20,Bhopal,Madhya Pradesh,BTech,Finance,6.18,6.9,Australia,Artificial Intelligence,1755145,No,Referral,New Lead,Rohit Gupta,2024-08-09,2024-10-28,Dropped,87,Low,80,Australia,Not Eligible
ST3447,Ganga Thaker,Female,26,Jaipur,Rajasthan,BCom,CSE,6.01,7.7,Canada,Artificial Intelligence,1436510,No,Instagram,Contacted,Amit Verma,2024-11-26,2024-12-10,Dropped,80,Medium,72,Germany,Not Eligible
ST3448,Faqid Chander,Male,28,Bangalore,Karnataka,BTech,CSE,6.75,6.7,Australia,Computer Science,1723087,Yes,Instagram,Enrolled,Sneha Jain,2024-09-20,2024-12-10,Converted,67,Medium,69,Australia,Not Eligible
ST3449,Krisha Bansal,Male,23,Pune,Maharashtra,BCom,Marketing,6.07,6.9,Canada,Business Analytics,1277866,Yes,Seminar,Counseling,Sneha Jain,2025-12-13,2026-01-20,Inactive,62,Medium,64,Germany,Not Eligible
ST3450,Sarthak Nagar,Male,28,Chennai,Tamil Nadu,BBA,ECE,8.25,5.8,Germany,Computer Science,1471279,No,Instagram,Visa,Priya Sharma,2026-05-01,2026-08-25,Converted,82,Medium,74,Germany,Partial Scholarship
ST3451,Rajeshri Sachar,Female,26,Hyderabad,Telangana,BTech,Mechanical,8.09,7.4,Germany,Business Analytics,974233,Yes,Referral,Application,Rohit Gupta,2024-10-30,2025-01-25,Active,99,Low,100,Germany,Partial Scholarship
ST3452,Eesha Tandon,Male,18,Ahmedabad,Gujarat,BTech,Finance,6.2,6.9,UK,Finance,2311723,No,WhatsApp,Enrolled,Priya Sharma,2025-04-24,2025-06-03,Converted,78,Medium,76,UK,Not Eligible
ST3453,Yatin Acharya,Male,28,Delhi,Delhi,BBA,Mechanical,8.91,7.6,Australia,Business Analytics,2775836,Yes,WhatsApp,New Lead,Rahul Singh,2026-05-05,2026-08-27,Dropped,94,Low,100,Canada,Merit Scholarship
ST3454,Yashoda Dubey,Male,23,Bhopal,Madhya Pradesh,BA,Mechanical,8.1,8.2,Canada,Data Science,2651255,Yes,Instagram,New Lead,Rohit Gupta,2025-07-25,2025-08-29,Inactive,90,Low,100,Canada,Partial Scholarship
ST3455,Zayyan Bir,Female,27,Hyderabad,Telangana,BSc,Mechanical,7.72,7.7,Australia,Cyber Security,1245631,Yes,Seminar,Documents,Rohit Gupta,2025-08-06,2025-10-09,Active,90,Low,89,Germany,Partial Scholarship
ST3456,Utkarsh Tella,Male,19,Bangalore,Karnataka,BA,Finance,7.59,7.7,Australia,Computer Science,2258859,No,Seminar,Documents,Rohit Gupta,2024-12-28,2025-02-20,Active,98,Low,97,Canada,Partial Scholarship
ST3457,Aadhya Dyal,Male,26,Hyderabad,Telangana,BA,Mechanical,8.08,6.5,UK,Business Analytics,2242238,No,Website,Visa,Priya Sharma,2024-11-10,2024-11-23,Active,91,Low,90,UK,Partial Scholarship
ST3458,Henry Upadhyay,Male,20,Ahmedabad,Gujarat,BSc,Biotechnology,9.37,7.2,Australia,Artificial Intelligence,1900456,Yes,WhatsApp,Enrolled,Rohit Gupta,2025-11-23,2026-01-19,Converted,99,Low,100,Canada,Merit Scholarship
ST3459,Aarav Mammen,Male,20,Chennai,Tamil Nadu,BCom,ECE,7.33,8.2,UK,Business Analytics,2542692,No,Website,Counseling,Sneha Jain,2025-07-09,2025-10-15,Active,97,Low,99,Canada,Not Eligible
ST3460,Simon Ghose,Female,19,Bangalore,Karnataka,BSc,Finance,6.89,6.2,Germany,Cyber Security,895910,Yes,Seminar,Enrolled,Amit Verma,2024-08-06,2024-10-09,Converted,60,Medium,65,Germany,Not Eligible
ST3461,Mugdha Bala,Male,24,Bhopal,Madhya Pradesh,BTech,Finance,7.6,7.0,Canada,MBA,2295748,Yes,Referral,Visa,Priya Sharma,2025-10-12,2026-02-07,Active,99,Low,100,Canada,Partial Scholarship
ST3462,Wishi Jaggi,Male,18,Bhopal,Madhya Pradesh,BSc,Finance,7.65,6.9,Germany,Cyber Security,1264772,Yes,Referral,Offer Letter,Priya Sharma,2024-08-03,2024-08-31,Dropped,99,Low,95,Germany,Partial Scholarship
ST3463,Warinder Dhar,Male,18,Pune,Maharashtra,BTech,ECE,6.96,6.2,Canada,MBA,1913907,No,Seminar,Documents,Rohit Gupta,2026-05-09,2026-07-19,Active,57,Medium,66,Canada,Not Eligible
ST3464,Orinder Dhaliwal,Male,19,Delhi,Delhi,BTech,Biotechnology,8.64,7.5,UK,Cyber Security,2232382,Yes,Website,Visa,Amit Verma,2026-04-22,2026-05-15,Converted,99,Low,100,Canada,Merit Scholarship
ST3465,Fitan Bobal,Male,27,Mumbai,Maharashtra,BTech,ECE,6.81,6.0,UK,Cyber Security,2807878,Yes,Instagram,New Lead,Priya Sharma,2025-08-17,2025-08-30,Active,79,Medium,73,UK,Not Eligible
ST3466,Qarin Issac,Male,24,Pune,Maharashtra,BSc,Marketing,9.15,8.2,UK,Cyber Security,1937855,Yes,WhatsApp,Documents,Amit Verma,2024-07-26,2024-09-19,Inactive,95,Low,100,Canada,Merit Scholarship
ST3467,Ekaja Khatri,Male,20,Bangalore,Karnataka,BSc,CSE,9.54,6.6,Canada,MBA,2430515,Yes,WhatsApp,Visa,Priya Sharma,2024-07-10,2024-07-13,Active,99,Low,100,Canada,Merit Scholarship
ST3468,Pahal Narayan,Male,26,Hyderabad,Telangana,BTech,Finance,9.73,6.2,Canada,Computer Science,810629,Yes,WhatsApp,Documents,Amit Verma,2024-08-16,2024-11-29,Active,84,Low,94,Germany,Merit Scholarship
ST3469,Gayathri Bajwa,Female,25,Pune,Maharashtra,BCom,Biotechnology,8.91,8.0,Australia,Finance,1991937,Yes,Website,Contacted,Rohit Gupta,2025-12-17,2026-01-10,Inactive,92,Low,100,Canada,Merit Scholarship
ST3470,Yashica Chand,Male,27,Hyderabad,Telangana,BTech,Marketing,9.75,7.2,Australia,Cyber Security,3446308,Yes,WhatsApp,Counseling,Amit Verma,2026-02-15,2026-06-05,Inactive,99,Low,100,Canada,Merit Scholarship
ST3471,Christopher Dada,Female,26,Jaipur,Rajasthan,BA,Biotechnology,6.78,5.8,Australia,Data Science,3357772,Yes,Website,Visa,Sneha Jain,2025-06-10,2025-08-31,Converted,63,Medium,69,Australia,Not Eligible
ST3472,Nihal Krish,Male,22,Chennai,Tamil Nadu,BCom,ECE,6.88,8.4,UK,Data Science,854879,No,Seminar,Counseling,Amit Verma,2026-01-31,2026-02-26,Active,82,Low,87,Germany,Not Eligible
ST3473,Nikita Chad,Male,25,Hyderabad,Telangana,BCom,Marketing,8.98,8.3,Canada,Computer Science,2846022,Yes,Instagram,Enrolled,Amit Verma,2026-05-21,2026-09-09,Converted,92,Low,100,Canada,Merit Scholarship
ST3474,Rudra Hari,Male,24,Ahmedabad,Gujarat,BA,Biotechnology,9.64,7.3,Germany,Computer Science,1372173,Yes,Referral,Contacted,Rahul Singh,2025-08-17,2025-08-22,Active,99,Low,100,Germany,Merit Scholarship
ST3475,Hamsini Dugar,Female,21,Ahmedabad,Gujarat,BCom,IT,7.49,5.6,Canada,Cyber Security,1807024,No,Referral,Counseling,Sneha Jain,2025-07-06,2025-09-17,Dropped,83,Medium,79,Canada,Not Eligible
ST3476,Rishi Venkatesh,Male,22,Bhopal,Madhya Pradesh,BSc,Finance,7.0,7.1,Australia,Business Analytics,1527085,No,Instagram,New Lead,Priya Sharma,2026-05-16,2026-09-12,Active,79,Medium,75,Canada,Not Eligible
ST3477,Samar Basu,Female,24,Delhi,Delhi,BSc,Biotechnology,8.52,8.1,UK,Cyber Security,2308885,Yes,Referral,Visa,Rahul Singh,2025-11-23,2026-02-18,Converted,96,Low,100,Canada,Merit Scholarship
ST3478,Nakul Srinivasan,Male,27,Pune,Maharashtra,BTech,Finance,9.58,7.9,Canada,Business Analytics,826461,Yes,WhatsApp,Contacted,Rahul Singh,2025-03-09,2025-04-11,Active,93,Low,100,Germany,Merit Scholarship
ST3479,Pushti Oak,Male,23,Jaipur,Rajasthan,BA,IT,9.54,7.8,Canada,Computer Science,1991446,Yes,Seminar,Documents,Rohit Gupta,2026-01-05,2026-03-09,Dropped,90,Low,100,Canada,Merit Scholarship
ST3480,Kevin Ramesh,Male,22,Bhopal,Madhya Pradesh,BSc,Mechanical,8.25,5.9,Australia,Data Science,2539186,Yes,Referral,Visa,Sneha Jain,2024-10-26,2025-01-17,Converted,99,Low,100,Australia,Partial Scholarship
ST3481,Bachittar Salvi,Female,28,Bangalore,Karnataka,BSc,Mechanical,6.04,7.0,UK,Business Analytics,3170709,Yes,Referral,Enrolled,Priya Sharma,2025-02-22,2025-06-01,Converted,96,Low,90,Canada,Not Eligible
ST3482,Urmi Rau,Female,22,Bangalore,Karnataka,BBA,ECE,9.05,6.3,Germany,Cyber Security,895903,Yes,WhatsApp,Documents,Amit Verma,2025-10-03,2026-01-03,Inactive,86,Low,87,Germany,Merit Scholarship
ST3483,Finn Saini,Male,19,Bhopal,Madhya Pradesh,BA,CSE,9.47,6.2,USA,Computer Science,3436562,Yes,Instagram,Documents,Rohit Gupta,2026-02-05,2026-04-26,Active,98,Low,100,USA,Merit Scholarship
ST3484,Krishna Raja,Male,23,Bangalore,Karnataka,BA,CSE,8.82,7.0,UK,Computer Science,1981179,Yes,Referral,Documents,Amit Verma,2025-02-09,2025-05-05,Dropped,98,Low,100,Canada,Merit Scholarship
ST3485,Irya Prasad,Male,18,Bhopal,Madhya Pradesh,BTech,ECE,6.66,7.8,Canada,MBA,2257972,No,Instagram,Offer Letter,Amit Verma,2025-07-22,2025-09-14,Dropped,92,Low,89,Canada,Not Eligible
ST3486,Wriddhish Om,Female,19,Jaipur,Rajasthan,BTech,Mechanical,8.95,8.4,UK,Finance,3031148,Yes,WhatsApp,Documents,Rahul Singh,2025-09-06,2025-12-26,Dropped,92,Low,100,Canada,Merit Scholarship
ST3487,Ranbir Nadkarni,Female,19,Bangalore,Karnataka,BSc,CSE,9.22,7.4,USA,Cyber Security,2814379,Yes,Website,Documents,Amit Verma,2024-09-03,2024-10-14,Inactive,99,Low,100,Canada,Merit Scholarship
ST3488,Vasatika Golla,Male,19,Bangalore,Karnataka,BSc,Finance,6.17,6.1,Canada,Computer Science,2943113,No,WhatsApp,Enrolled,Amit Verma,2025-06-03,2025-07-12,Converted,73,Medium,66,Canada,Not Eligible
ST3489,Manthan De,Male,25,Chennai,Tamil Nadu,BSc,Mechanical,9.35,7.4,Canada,Data Science,3131039,Yes,WhatsApp,Counseling,Sneha Jain,2025-05-31,2025-06-03,Dropped,99,Low,100,Canada,Merit Scholarship
ST3490,Zayyan Ahuja,Male,24,Pune,Maharashtra,BBA,Biotechnology,9.61,5.6,USA,Artificial Intelligence,3216386,Yes,Seminar,Counseling,Rohit Gupta,2025-10-13,2025-12-10,Active,99,Low,96,USA,Merit Scholarship
ST3491,Sarthak Kalla,Female,27,Delhi,Delhi,BSc,ECE,8.48,7.9,UK,Computer Science,3469048,Yes,Instagram,New Lead,Amit Verma,2025-10-07,2025-10-25,Inactive,99,Low,100,Canada,Partial Scholarship
ST3492,Xavier Pillay,Male,26,Indore,Madhya Pradesh,BSc,Finance,8.92,7.8,Australia,Artificial Intelligence,1262562,Yes,Seminar,Offer Letter,Rohit Gupta,2026-05-12,2026-07-10,Active,99,Low,100,Germany,Merit Scholarship
ST3493,Jagdish Wagle,Female,18,Hyderabad,Telangana,BSc,ECE,9.28,6.4,Australia,Computer Science,1789970,Yes,WhatsApp,Documents,Priya Sharma,2024-10-13,2024-12-25,Inactive,88,Low,91,Australia,Merit Scholarship
ST3494,Elijah Tiwari,Male,28,Mumbai,Maharashtra,BSc,Biotechnology,6.78,8.3,UK,MBA,1969598,Yes,Seminar,Offer Letter,Amit Verma,2025-03-28,2025-05-16,Dropped,89,Low,85,Canada,Not Eligible
ST3495,Megha Dada,Male,20,Mumbai,Maharashtra,BSc,Mechanical,9.57,7.3,Germany,Artificial Intelligence,1187596,Yes,Seminar,Counseling,Rohit Gupta,2026-03-28,2026-07-16,Active,99,Low,100,Germany,Merit Scholarship
ST3496,Simon Mistry,Male,24,Delhi,Delhi,BCom,Finance,8.14,5.7,UK,Computer Science,3300811,Yes,Referral,Application,Priya Sharma,2025-05-19,2025-07-13,Active,99,Low,98,UK,Partial Scholarship
ST3497,Gabriel Dada,Female,27,Jaipur,Rajasthan,BSc,Biotechnology,8.71,7.3,Canada,Finance,1534789,Yes,WhatsApp,Enrolled,Rahul Singh,2025-09-08,2025-11-02,Converted,86,Low,95,Canada,Merit Scholarship
ST3498,Megha Singh,Female,20,Ahmedabad,Gujarat,BTech,Biotechnology,9.56,5.6,Germany,Computer Science,1423390,Yes,Website,Documents,Amit Verma,2025-12-06,2026-02-21,Inactive,81,Low,85,Germany,Merit Scholarship
ST3499,Irya Dass,Male,24,Indore,Madhya Pradesh,BTech,CSE,8.81,6.1,UK,Data Science,2992584,Yes,WhatsApp,Visa,Rohit Gupta,2025-04-25,2025-05-17,Converted,96,Low,93,UK,Merit Scholarship
ST3500,Lajita Shan,Male,23,Mumbai,Maharashtra,BTech,ECE,6.99,5.7,USA,Finance,3487912,No,WhatsApp,New Lead,Priya Sharma,2025-04-21,2025-06-29,Inactive,70,Medium,71,USA,Not Eligible
ST3501,Chaaya Tella,Female,21,Ahmedabad,Gujarat,BCom,Mechanical,8.56,6.8,Australia,Finance,3080805,Yes,Instagram,Visa,Rohit Gupta,2024-10-21,2024-11-07,Active,91,Low,97,Australia,Merit Scholarship
ST3502,Elijah Karan,Male,23,Indore,Madhya Pradesh,BA,Finance,8.34,8.3,Canada,Business Analytics,3451014,No,Instagram,Documents,Rahul Singh,2025-07-22,2025-08-03,Dropped,99,Low,100,Canada,Partial Scholarship
ST3503,Raghav Sarna,Male,23,Bangalore,Karnataka,BTech,Marketing,9.16,8.0,Canada,Business Analytics,2033533,Yes,Referral,Enrolled,Rahul Singh,2024-11-05,2025-02-26,Converted,98,Low,100,Canada,Merit Scholarship
ST3504,Nathaniel Hora,Female,28,Pune,Maharashtra,BA,Finance,9.44,7.8,UK,Computer Science,3494890,Yes,Website,Enrolled,Rahul Singh,2025-08-01,2025-11-28,Converted,95,Low,100,Canada,Merit Scholarship
ST3505,Simon Chahal,Male,28,Pune,Maharashtra,BCom,IT,9.45,5.6,Canada,MBA,1695632,Yes,Referral,Enrolled,Sneha Jain,2025-02-06,2025-04-12,Converted,90,Low,99,Canada,Merit Scholarship
ST3506,Eshana Garde,Male,25,Bhopal,Madhya Pradesh,BBA,Marketing,6.42,6.0,Australia,Cyber Security,1694551,Yes,Seminar,Visa,Amit Verma,2025-01-07,2025-03-23,Converted,55,High,59,Australia,Not Eligible
ST3507,Triya Lall,Female,21,Mumbai,Maharashtra,BSc,Biotechnology,6.73,5.6,Canada,Finance,1699662,Yes,Referral,Documents,Sneha Jain,2025-06-01,2025-08-08,Inactive,77,Medium,72,Canada,Not Eligible
ST3508,Radhika Bajwa,Male,18,Pune,Maharashtra,BTech,Marketing,6.63,7.4,UK,Artificial Intelligence,2265374,Yes,Website,Documents,Amit Verma,2025-04-13,2025-06-25,Dropped,83,Low,85,Canada,Not Eligible
ST3509,Rushil Oak,Male,25,Mumbai,Maharashtra,BTech,ECE,9.42,8.5,Australia,Cyber Security,2784433,Yes,Website,Application,Rohit Gupta,2025-08-11,2025-10-31,Inactive,98,Low,100,Canada,Merit Scholarship
ST3510,Advika Wason,Female,18,Mumbai,Maharashtra,BCom,Finance,8.23,6.5,Canada,Cyber Security,1390908,Yes,Referral,Application,Rohit Gupta,2024-07-16,2024-08-18,Active,99,Low,97,Germany,Partial Scholarship
ST3511,Wriddhish Chadha,Male,19,Ahmedabad,Gujarat,BBA,IT,6.71,6.8,Canada,Artificial Intelligence,890757,Yes,Referral,Contacted,Priya Sharma,2026-01-18,2026-05-07,Inactive,85,Low,84,Germany,Not Eligible
ST3512,Tripti Dhar,Male,22,Bhopal,Madhya Pradesh,BTech,Marketing,9.37,7.3,Canada,MBA,3149197,Yes,WhatsApp,Visa,Amit Verma,2025-10-18,2025-12-20,Converted,99,Low,100,Canada,Merit Scholarship
ST3513,Wishi Vasa,Female,18,Indore,Madhya Pradesh,BBA,CSE,9.72,7.5,UK,Finance,2295062,Yes,Seminar,Documents,Rahul Singh,2026-02-08,2026-04-11,Inactive,92,Low,100,Canada,Merit Scholarship
ST3514,Arin Yohannan,Female,19,Delhi,Delhi,BSc,Biotechnology,8.31,8.0,Australia,Cyber Security,2876736,Yes,Seminar,Visa,Sneha Jain,2025-06-06,2025-06-26,Converted,99,Low,100,Canada,Partial Scholarship
ST3515,Madhav Setty,Female,23,Ahmedabad,Gujarat,BTech,Mechanical,7.57,5.8,UK,Cyber Security,1505825,Yes,Referral,Contacted,Rahul Singh,2024-12-16,2025-03-08,Active,81,Low,82,UK,Partial Scholarship
ST3516,Lipika Pandya,Male,25,Indore,Madhya Pradesh,BA,Mechanical,7.92,6.8,Australia,Finance,1615013,No,Instagram,Contacted,Amit Verma,2025-10-05,2025-11-13,Dropped,75,Low,81,Australia,Partial Scholarship
ST3517,Zilmil Sood,Male,28,Pune,Maharashtra,BBA,CSE,9.69,6.0,Australia,Computer Science,2495205,Yes,Seminar,Documents,Sneha Jain,2024-12-17,2025-04-15,Active,99,Low,100,Australia,Merit Scholarship
ST3518,Divya Venkataraman,Female,28,Mumbai,Maharashtra,BA,Mechanical,7.25,8.4,Australia,Artificial Intelligence,2984004,No,Seminar,New Lead,Amit Verma,2025-06-28,2025-08-09,Dropped,99,Low,100,Canada,Not Eligible
ST3519,Maanas Mitter,Male,20,Indore,Madhya Pradesh,BA,Biotechnology,9.33,6.3,UK,Finance,2405051,Yes,Website,Application,Rohit Gupta,2026-01-29,2026-04-04,Dropped,92,Low,100,UK,Merit Scholarship
ST3520,Maanas Chahal,Female,21,Bangalore,Karnataka,BCom,Mechanical,8.63,7.3,UK,Cyber Security,2107982,Yes,Website,Counseling,Amit Verma,2025-08-09,2025-09-08,Dropped,99,Low,100,Canada,Merit Scholarship
ST3521,Krish Rai,Male,20,Pune,Maharashtra,BSc,Mechanical,7.65,6.4,Canada,Finance,2793122,No,WhatsApp,Documents,Sneha Jain,2024-12-31,2025-02-25,Active,94,Low,85,Canada,Partial Scholarship
ST3522,Hemang Apte,Male,27,Bhopal,Madhya Pradesh,BCom,Mechanical,7.57,5.5,USA,Cyber Security,3225680,No,Instagram,Visa,Rohit Gupta,2026-02-21,2026-05-21,Converted,68,Medium,75,USA,Partial Scholarship
ST3523,Jeevika Raja,Male,28,Bangalore,Karnataka,BCom,IT,9.23,6.1,Germany,Data Science,1443414,Yes,Referral,Contacted,Priya Sharma,2024-09-12,2024-10-19,Inactive,99,Low,100,Germany,Merit Scholarship
ST3524,Upma Trivedi,Female,21,Delhi,Delhi,BTech,Finance,7.31,7.9,Canada,Business Analytics,1762880,No,WhatsApp,Documents,Amit Verma,2026-01-17,2026-04-14,Inactive,91,Low,87,Canada,Not Eligible
ST3525,Zashil Andra,Male,20,Ahmedabad,Gujarat,BA,CSE,6.09,6.9,Canada,Cyber Security,2343695,Yes,WhatsApp,Visa,Priya Sharma,2026-01-16,2026-04-10,Converted,64,Medium,74,Canada,Not Eligible
ST3526,Ladli Oza,Male,21,Ahmedabad,Gujarat,BA,Biotechnology,6.18,5.9,Canada,Cyber Security,1385440,Yes,Seminar,Enrolled,Sneha Jain,2025-06-19,2025-09-15,Converted,58,High,55,Germany,Not Eligible
ST3527,Chaitaly Saha,Male,21,Bhopal,Madhya Pradesh,BBA,CSE,7.94,8.3,Canada,Artificial Intelligence,2766798,Yes,Seminar,New Lead,Amit Verma,2026-02-17,2026-02-20,Dropped,99,Low,100,Canada,Partial Scholarship
ST3528,Azaan Bhat,Male,28,Jaipur,Rajasthan,BSc,Biotechnology,9.02,7.5,UK,MBA,3306411,Yes,WhatsApp,Application,Priya Sharma,2025-06-27,2025-08-07,Dropped,99,Low,100,Canada,Merit Scholarship
ST3529,Gabriel Sanghvi,Male,25,Mumbai,Maharashtra,BA,Marketing,6.58,6.7,Germany,MBA,815608,No,Instagram,Enrolled,Sneha Jain,2026-04-14,2026-05-30,Converted,57,Medium,67,Germany,Not Eligible
ST3530,Amol Sant,Female,19,Bangalore,Karnataka,BBA,ECE,7.82,8.3,Canada,Cyber Security,818396,Yes,Seminar,Contacted,Rohit Gupta,2024-09-06,2024-12-13,Dropped,99,Low,96,Germany,Partial Scholarship
ST3531,Dayita Kapoor,Male,23,Indore,Madhya Pradesh,BCom,IT,9.65,6.1,USA,Business Analytics,3235297,Yes,Seminar,Counseling,Rohit Gupta,2026-03-04,2026-05-28,Dropped,93,Low,100,USA,Merit Scholarship
ST3532,Ekaraj Sastry,Male,25,Pune,Maharashtra,BCom,CSE,8.66,7.8,UK,Business Analytics,2460140,Yes,Instagram,Contacted,Amit Verma,2026-02-27,2026-06-07,Inactive,99,Low,100,Canada,Merit Scholarship
ST3533,Kamya Kaur,Female,27,Mumbai,Maharashtra,BA,CSE,6.94,7.8,Canada,Finance,2419071,Yes,Seminar,Visa,Rohit Gupta,2024-07-26,2024-10-15,Converted,86,Low,92,Canada,Not Eligible
ST3534,Rachit Ratti,Female,24,Bhopal,Madhya Pradesh,BCom,ECE,9.19,5.7,Germany,Computer Science,1156062,Yes,Instagram,Contacted,Rahul Singh,2025-09-12,2025-11-06,Active,81,Low,83,Germany,Merit Scholarship
ST3535,Hemang Saran,Female,20,Bhopal,Madhya Pradesh,BBA,ECE,9.54,7.9,UK,Artificial Intelligence,3363854,Yes,Referral,Contacted,Rahul Singh,2024-07-30,2024-11-15,Inactive,99,Low,100,Canada,Merit Scholarship
ST3536,Wriddhish Oommen,Male,21,Pune,Maharashtra,BBA,Marketing,9.49,8.4,Canada,MBA,2731588,Yes,Referral,New Lead,Rahul Singh,2024-09-02,2024-09-08,Active,99,Low,100,Canada,Merit Scholarship
ST3537,Imaran Swaminathan,Female,24,Ahmedabad,Gujarat,BA,Marketing,8.77,6.8,UK,Data Science,1804165,Yes,Instagram,Enrolled,Priya Sharma,2025-12-15,2026-01-30,Converted,89,Low,89,UK,Merit Scholarship
ST3538,Ekavir Parmar,Female,18,Jaipur,Rajasthan,BCom,Mechanical,8.97,8.5,UK,MBA,1410950,Yes,Website,Documents,Amit Verma,2025-07-30,2025-09-02,Active,91,Low,100,Germany,Merit Scholarship
ST3539,Ladli Rajan,Female,22,Bhopal,Madhya Pradesh,BSc,Mechanical,7.28,6.9,Germany,Cyber Security,1030169,No,Instagram,Enrolled,Amit Verma,2026-01-02,2026-04-25,Converted,69,Medium,76,Germany,Not Eligible
ST3540,Wishi Nigam,Male,26,Pune,Maharashtra,BCom,ECE,8.71,6.0,Germany,Data Science,857513,Yes,WhatsApp,Offer Letter,Priya Sharma,2025-09-30,2025-10-23,Dropped,78,Low,82,Germany,Merit Scholarship
ST3541,Girindra Raghavan,Male,22,Mumbai,Maharashtra,BSc,Mechanical,8.04,8.3,Canada,Cyber Security,2833265,Yes,Referral,Contacted,Priya Sharma,2025-01-16,2025-03-10,Inactive,99,Low,100,Canada,Partial Scholarship
ST3542,Lucky Parekh,Male,21,Chennai,Tamil Nadu,BCom,Marketing,7.51,7.9,Australia,Artificial Intelligence,2933553,Yes,WhatsApp,Contacted,Amit Verma,2026-03-01,2026-03-25,Dropped,99,Low,99,Canada,Partial Scholarship
ST3543,Yadavi Palla,Male,21,Indore,Madhya Pradesh,BCom,Mechanical,9.44,6.7,Canada,Business Analytics,3030071,Yes,Referral,Visa,Sneha Jain,2026-04-03,2026-07-05,Converted,99,Low,100,Canada,Merit Scholarship
ST3544,Ishani Mishra,Male,25,Mumbai,Maharashtra,BBA,IT,7.6,7.1,Canada,Computer Science,1205193,No,Seminar,New Lead,Sneha Jain,2025-02-17,2025-03-26,Inactive,80,Low,80,Germany,Partial Scholarship
ST3545,Warinder Dasgupta,Male,18,Indore,Madhya Pradesh,BA,IT,6.21,6.1,Canada,Data Science,3172791,Yes,Instagram,Documents,Rahul Singh,2025-04-02,2025-04-07,Active,76,Medium,67,Canada,Not Eligible
ST3546,Fitan Vasa,Male,27,Indore,Madhya Pradesh,BTech,ECE,7.65,6.9,Germany,Artificial Intelligence,1174211,Yes,WhatsApp,New Lead,Sneha Jain,2024-08-22,2024-10-17,Inactive,88,Low,80,Germany,Partial Scholarship
ST3547,Simon Lal,Male,19,Pune,Maharashtra,BA,Finance,9.3,7.2,UK,Cyber Security,2185199,Yes,Referral,Enrolled,Priya Sharma,2024-09-29,2024-10-29,Converted,99,Low,100,Canada,Merit Scholarship
ST3548,Unnati De,Male,28,Mumbai,Maharashtra,BSc,Mechanical,9.55,6.0,UK,Data Science,2988385,Yes,Referral,Counseling,Rahul Singh,2024-12-21,2025-02-20,Active,93,Low,100,UK,Merit Scholarship
ST3549,Onkar Narasimhan,Male,19,Mumbai,Maharashtra,BSc,ECE,9.12,6.4,UK,Finance,1711864,Yes,Seminar,Offer Letter,Rohit Gupta,2025-10-09,2025-12-02,Dropped,86,Low,90,UK,Merit Scholarship
ST3550,Panini Patil,Male,27,Bangalore,Karnataka,BSc,CSE,6.04,6.7,UK,Business Analytics,2658175,No,WhatsApp,Application,Priya Sharma,2025-07-09,2025-07-23,Active,73,Medium,72,UK,Not Eligible
ST3551,Bhavani Basak,Female,23,Mumbai,Maharashtra,BCom,ECE,8.98,6.2,UK,Artificial Intelligence,2382009,Yes,Instagram,Contacted,Rahul Singh,2025-05-31,2025-09-23,Active,88,Low,96,UK,Merit Scholarship
ST3552,Oliver Mangal,Male,26,Chennai,Tamil Nadu,BCom,Marketing,6.95,5.7,Canada,Cyber Security,2137313,Yes,Website,Documents,Rohit Gupta,2025-05-08,2025-08-23,Inactive,73,Medium,71,Canada,Not Eligible
ST3553,Dayamai Basu,Female,27,Ahmedabad,Gujarat,BSc,Mechanical,7.83,7.1,Germany,Artificial Intelligence,923969,Yes,Referral,Visa,Sneha Jain,2026-04-07,2026-05-26,Converted,99,Low,98,Germany,Partial Scholarship
ST3554,Chakradev Mittal,Female,24,Bangalore,Karnataka,BSc,Finance,9.41,5.6,UK,Computer Science,1896034,Yes,Referral,Offer Letter,Sneha Jain,2025-03-23,2025-04-19,Inactive,96,Low,99,UK,Merit Scholarship
ST3555,Ekavir Ghosh,Female,23,Chennai,Tamil Nadu,BSc,ECE,9.65,6.8,Australia,MBA,3499190,Yes,Seminar,Application,Amit Verma,2024-06-14,2024-08-25,Dropped,99,Low,100,Australia,Merit Scholarship
ST3556,Gaurika Savant,Female,24,Mumbai,Maharashtra,BCom,Marketing,8.63,7.9,Australia,Data Science,3016488,Yes,Website,Enrolled,Rahul Singh,2025-11-09,2026-01-22,Converted,95,Low,100,Canada,Merit Scholarship
ST3557,Yamini Jain,Male,20,Bhopal,Madhya Pradesh,BCom,Marketing,9.11,5.9,USA,Cyber Security,3238544,Yes,Referral,Contacted,Amit Verma,2026-02-24,2026-03-20,Dropped,99,Low,100,USA,Merit Scholarship
ST3558,Wriddhish Koshy,Female,20,Pune,Maharashtra,BSc,Biotechnology,8.44,8.2,Australia,Business Analytics,3420883,No,Referral,Counseling,Rahul Singh,2025-04-07,2025-04-23,Dropped,96,Low,100,Canada,Partial Scholarship
ST3559,Amara Kalita,Male,21,Indore,Madhya Pradesh,BA,Biotechnology,8.23,8.4,UK,MBA,2215602,No,WhatsApp,Documents,Sneha Jain,2024-11-14,2025-03-09,Dropped,96,Low,100,Canada,Partial Scholarship
ST3560,Aadhya Randhawa,Male,19,Pune,Maharashtra,BTech,Mechanical,9.33,7.6,Canada,Artificial Intelligence,1911585,Yes,Seminar,Visa,Priya Sharma,2024-12-02,2024-12-14,Converted,98,Low,100,Canada,Merit Scholarship
ST3561,Veer Behl,Male,18,Bangalore,Karnataka,BA,Marketing,6.35,6.8,Canada,Business Analytics,3450590,No,WhatsApp,Offer Letter,Rohit Gupta,2024-06-08,2024-07-12,Dropped,74,Medium,75,Canada,Not Eligible
ST3562,Udarsh Gokhale,Female,26,Indore,Madhya Pradesh,BTech,Marketing,7.72,7.4,Canada,Cyber Security,2209401,No,Referral,Documents,Sneha Jain,2025-02-15,2025-03-07,Active,96,Low,100,Canada,Partial Scholarship
ST3563,Yamini Batta,Male,28,Pune,Maharashtra,BA,Biotechnology,7.52,8.4,UK,MBA,2796511,No,Referral,Offer Letter,Sneha Jain,2026-04-15,2026-07-18,Dropped,99,Low,100,Canada,Partial Scholarship
ST3564,Kala Ramaswamy,Male,27,Ahmedabad,Gujarat,BBA,Marketing,7.42,6.6,Canada,MBA,1630955,Yes,WhatsApp,Offer Letter,Amit Verma,2026-05-21,2026-06-23,Dropped,75,Medium,74,Canada,Not Eligible
ST3565,Rishi Dara,Male,22,Jaipur,Rajasthan,BTech,CSE,7.66,7.3,Germany,Artificial Intelligence,1116794,No,Instagram,Application,Rahul Singh,2025-03-28,2025-04-14,Inactive,83,Low,84,Germany,Partial Scholarship
ST3566,Brinda Edwin,Female,23,Bhopal,Madhya Pradesh,BTech,Finance,6.35,5.9,Canada,Finance,3279599,Yes,Referral,Application,Rohit Gupta,2024-11-01,2024-11-02,Inactive,92,Low,82,Canada,Not Eligible
ST3567,Meghana Menon,Female,19,Delhi,Delhi,BCom,CSE,9.17,7.1,Germany,Computer Science,1034146,Yes,Instagram,New Lead,Amit Verma,2025-01-30,2025-03-29,Active,99,Low,96,Germany,Merit Scholarship
ST3568,Agastya Mann,Male,22,Bangalore,Karnataka,BA,Finance,9.46,7.9,Australia,MBA,2571737,Yes,WhatsApp,Offer Letter,Sneha Jain,2024-09-25,2024-10-20,Active,99,Low,100,Canada,Merit Scholarship
ST3569,Ranbir Trivedi,Female,26,Jaipur,Rajasthan,BA,IT,9.44,5.9,UK,Computer Science,2716210,Yes,WhatsApp,Documents,Rahul Singh,2025-12-30,2026-03-28,Active,99,Low,98,UK,Merit Scholarship
ST3570,Lavanya Mital,Male,27,Mumbai,Maharashtra,BBA,IT,9.16,6.0,Canada,Computer Science,2075356,Yes,Instagram,Contacted,Rohit Gupta,2026-05-22,2026-09-02,Inactive,99,Low,96,Canada,Merit Scholarship
ST3571,Nitesh Merchant,Male,25,Indore,Madhya Pradesh,BA,ECE,7.52,6.3,UK,MBA,3220582,No,Website,Contacted,Rahul Singh,2025-12-01,2026-03-08,Dropped,89,Low,82,UK,Partial Scholarship
ST3572,Lajita Virk,Female,26,Pune,Maharashtra,BCom,Marketing,7.62,5.8,Canada,Artificial Intelligence,2727396,No,Instagram,New Lead,Rahul Singh,2026-03-07,2026-03-23,Active,83,Medium,78,Canada,Partial Scholarship
ST3573,Vidhi Bhasin,Female,21,Mumbai,Maharashtra,BA,IT,9.47,6.4,Australia,Cyber Security,2586714,Yes,Seminar,Visa,Sneha Jain,2025-09-10,2025-11-23,Active,98,Low,100,Australia,Merit Scholarship
ST3574,Vincent Raju,Female,18,Mumbai,Maharashtra,BA,Mechanical,9.01,6.7,Australia,MBA,2417030,Yes,WhatsApp,New Lead,Priya Sharma,2026-03-21,2026-06-17,Dropped,99,Low,100,Australia,Merit Scholarship
ST3575,Vansha Taneja,Female,27,Ahmedabad,Gujarat,BCom,ECE,6.79,6.0,Australia,Finance,2626313,Yes,Seminar,Enrolled,Priya Sharma,2026-05-24,2026-07-26,Converted,65,Medium,72,Australia,Not Eligible
ST3576,Chatresh Mahajan,Female,26,Bangalore,Karnataka,BSc,Marketing,7.86,5.7,UK,MBA,1635110,No,Instagram,Application,Amit Verma,2025-12-20,2026-03-16,Active,80,Medium,70,UK,Partial Scholarship
ST3577,Sachi Jani,Female,19,Delhi,Delhi,BSc,ECE,9.02,5.9,Canada,Computer Science,1559840,Yes,Referral,Counseling,Rohit Gupta,2025-03-22,2025-04-09,Dropped,90,Low,99,Canada,Merit Scholarship
ST3578,Aarini Ganesan,Female,25,Bangalore,Karnataka,BBA,ECE,9.35,7.5,Canada,Cyber Security,2584198,Yes,Website,Enrolled,Priya Sharma,2024-07-05,2024-07-10,Converted,99,Low,100,Canada,Merit Scholarship
ST3579,Maanav D’Alia,Female,28,Bhopal,Madhya Pradesh,BCom,ECE,8.59,8.3,Canada,Artificial Intelligence,1686609,Yes,Referral,New Lead,Rohit Gupta,2026-01-06,2026-04-30,Active,97,Low,100,Canada,Merit Scholarship
ST3580,Ronith Sani,Female,27,Delhi,Delhi,BCom,Marketing,7.97,5.8,Canada,Computer Science,3412231,Yes,Referral,Counseling,Rahul Singh,2026-05-28,2026-08-16,Active,99,Low,96,Canada,Partial Scholarship
ST3581,Amrita Ram,Male,25,Hyderabad,Telangana,BSc,Mechanical,6.81,7.8,UK,Cyber Security,1745865,Yes,Referral,Contacted,Rahul Singh,2025-02-28,2025-03-29,Inactive,90,Low,96,Canada,Not Eligible
ST3582,Ansh Tailor,Male,24,Delhi,Delhi,BTech,IT,8.83,6.0,Germany,Cyber Security,1364861,Yes,Seminar,Counseling,Priya Sharma,2026-03-23,2026-03-25,Active,93,Low,83,Germany,Merit Scholarship
ST3583,Vasana Patil,Female,21,Bhopal,Madhya Pradesh,BA,Biotechnology,7.92,8.4,Australia,Computer Science,1775882,Yes,Instagram,Contacted,Priya Sharma,2024-08-07,2024-08-13,Active,99,Low,98,Canada,Partial Scholarship
ST3584,Onkar Purohit,Male,22,Chennai,Tamil Nadu,BTech,CSE,6.03,6.1,USA,Data Science,3018625,No,Instagram,Visa,Rohit Gupta,2025-10-29,2025-12-14,Converted,66,Medium,65,USA,Not Eligible
ST3585,Ojasvi Chanda,Female,19,Chennai,Tamil Nadu,BA,ECE,9.62,5.6,Germany,Data Science,1263583,Yes,Instagram,Documents,Rohit Gupta,2026-03-06,2026-06-20,Dropped,96,Low,86,Germany,Merit Scholarship
ST3586,Reyansh Sastry,Female,19,Indore,Madhya Pradesh,BCom,Biotechnology,7.14,7.8,Canada,Finance,1851102,Yes,Instagram,Documents,Rohit Gupta,2024-12-19,2025-03-30,Inactive,79,Low,84,Canada,Not Eligible
ST3587,George Dora,Female,20,Pune,Maharashtra,BSc,CSE,8.87,7.3,UK,Data Science,2410087,Yes,Referral,Documents,Rahul Singh,2026-02-11,2026-03-10,Active,91,Low,100,Canada,Merit Scholarship
ST3588,Lavanya Gokhale,Female,18,Ahmedabad,Gujarat,BA,Marketing,8.91,5.9,Germany,Computer Science,1377712,Yes,Referral,Visa,Rahul Singh,2025-07-05,2025-10-20,Converted,99,Low,98,Germany,Merit Scholarship
ST3589,Vyanjana Walla,Male,23,Chennai,Tamil Nadu,BTech,Mechanical,7.92,6.9,UK,Cyber Security,1701237,Yes,Referral,Documents,Priya Sharma,2024-12-09,2024-12-17,Inactive,99,Low,98,UK,Partial Scholarship
ST3590,Ishani Pal,Female,22,Delhi,Delhi,BTech,Biotechnology,8.72,6.5,Australia,MBA,2865086,Yes,Seminar,Visa,Amit Verma,2025-06-13,2025-06-25,Active,88,Low,97,Australia,Merit Scholarship
ST3591,Ubika Iyer,Female,24,Delhi,Delhi,BTech,CSE,7.85,5.8,Canada,Data Science,1794533,Yes,Referral,Enrolled,Amit Verma,2024-12-27,2025-01-08,Converted,92,Low,85,Canada,Partial Scholarship
ST3592,Hardik Bedi,Female,19,Jaipur,Rajasthan,BA,Marketing,8.36,6.1,UK,Artificial Intelligence,2110741,Yes,Instagram,Visa,Priya Sharma,2024-08-01,2024-11-08,Converted,85,Low,88,UK,Partial Scholarship
ST3593,Banjeet Pai,Female,24,Ahmedabad,Gujarat,BCom,IT,9.52,5.9,Australia,Artificial Intelligence,1839966,Yes,WhatsApp,Application,Sneha Jain,2025-08-18,2025-08-20,Active,93,Low,89,Australia,Merit Scholarship
ST3594,Ijaya Goyal,Female,18,Delhi,Delhi,BBA,IT,6.54,6.4,Germany,Data Science,982857,Yes,Instagram,Documents,Rahul Singh,2025-04-11,2025-05-05,Inactive,62,Medium,64,Germany,Not Eligible
ST3595,Krisha Sunder,Male,27,Delhi,Delhi,BTech,IT,9.23,7.5,Canada,Cyber Security,2195125,Yes,Website,New Lead,Sneha Jain,2025-11-12,2026-01-29,Active,95,Low,100,Canada,Merit Scholarship
ST3596,Anirudh Kohli,Male,24,Bangalore,Karnataka,BA,Biotechnology,6.59,7.7,Canada,Cyber Security,2769292,Yes,Referral,Counseling,Priya Sharma,2024-10-07,2024-11-29,Inactive,92,Low,100,Canada,Not Eligible
ST3597,Bachittar Mammen,Female,21,Jaipur,Rajasthan,BCom,ECE,8.86,8.0,UK,Computer Science,3310215,Yes,Website,Documents,Sneha Jain,2026-05-09,2026-08-28,Active,99,Low,100,Canada,Merit Scholarship
ST3598,Unnati Kuruvilla,Male,23,Pune,Maharashtra,BA,CSE,6.63,6.3,UK,Cyber Security,3020554,Yes,Instagram,Application,Rohit Gupta,2025-01-25,2025-04-23,Inactive,73,Medium,73,UK,Not Eligible
ST3599,Panini Talwar,Male,22,Bhopal,Madhya Pradesh,BBA,ECE,8.6,6.4,Canada,Artificial Intelligence,1449964,Yes,Referral,New Lead,Priya Sharma,2025-07-29,2025-10-06,Active,96,Low,99,Germany,Merit Scholarship
ST3600,Ryan Sodhi,Male,21,Indore,Madhya Pradesh,BSc,IT,6.41,5.5,Germany,Finance,1238739,Yes,Seminar,Enrolled,Rohit Gupta,2025-01-23,2025-01-28,Converted,49,High,54,Germany,Not Eligible
ST3601,Bhanumati Sheth,Male,27,Delhi,Delhi,BTech,Biotechnology,9.49,7.9,Canada,Cyber Security,2924406,Yes,Website,Offer Letter,Sneha Jain,2025-05-22,2025-06-02,Active,99,Low,100,Canada,Merit Scholarship
ST3602,Frederick Prabhakar,Male,24,Bangalore,Karnataka,BCom,Mechanical,9.07,5.6,Canada,Cyber Security,1515852,Yes,Instagram,Visa,Amit Verma,2025-02-05,2025-05-14,Converted,85,Low,80,Canada,Merit Scholarship
ST3603,Hemang Saraf,Female,28,Indore,Madhya Pradesh,BTech,Finance,7.89,7.5,Australia,Cyber Security,2859375,No,Instagram,Contacted,Priya Sharma,2025-10-04,2026-01-22,Active,99,Low,98,Canada,Partial Scholarship
ST3604,Imaran Suri,Male,20,Bangalore,Karnataka,BBA,Finance,8.15,7.9,UK,Artificial Intelligence,1398671,Yes,WhatsApp,Counseling,Rahul Singh,2025-11-03,2026-01-29,Inactive,91,Low,95,Germany,Partial Scholarship
ST3605,Ubika Bhagat,Male,20,Bhopal,Madhya Pradesh,BA,ECE,7.14,6.9,Canada,MBA,2281221,Yes,WhatsApp,Enrolled,Priya Sharma,2025-12-01,2025-12-26,Converted,86,Low,85,Canada,Not Eligible
ST3606,Jeet Bahl,Female,23,Delhi,Delhi,BTech,Marketing,6.44,6.0,USA,MBA,3496479,No,Seminar,Enrolled,Priya Sharma,2025-12-08,2026-01-04,Converted,74,Medium,69,USA,Not Eligible
ST3607,Bakhshi Tata,Female,24,Pune,Maharashtra,BBA,Biotechnology,8.99,8.4,Canada,MBA,2278417,Yes,Referral,Documents,Priya Sharma,2026-01-03,2026-02-18,Inactive,99,Low,100,Canada,Merit Scholarship
ST3608,Rushil Sangha,Female,28,Jaipur,Rajasthan,BSc,IT,8.34,5.6,Canada,MBA,2373317,Yes,WhatsApp,New Lead,Rohit Gupta,2025-08-27,2025-11-03,Dropped,84,Low,83,Canada,Partial Scholarship
ST3609,Alexander Mishra,Female,22,Chennai,Tamil Nadu,BCom,Finance,8.33,6.2,Australia,Finance,2703509,No,Referral,Contacted,Rahul Singh,2026-03-28,2026-04-05,Dropped,94,Low,100,Australia,Partial Scholarship
ST3610,Oviya Sinha,Female,26,Delhi,Delhi,BA,Biotechnology,9.28,6.1,USA,Computer Science,2967816,Yes,Referral,Contacted,Rohit Gupta,2026-06-01,2026-09-10,Active,95,Low,100,USA,Merit Scholarship
ST3611,Indali Sawhney,Female,28,Ahmedabad,Gujarat,BCom,IT,6.89,6.0,Australia,Artificial Intelligence,1855248,Yes,Referral,Offer Letter,Amit Verma,2025-06-22,2025-08-16,Inactive,87,Medium,78,Australia,Not Eligible
ST3612,Harini Viswanathan,Female,18,Pune,Maharashtra,BCom,Finance,6.46,7.9,Canada,Data Science,3152815,No,Seminar,Documents,Rohit Gupta,2024-09-27,2024-11-01,Dropped,78,Low,88,Canada,Not Eligible
ST3613,Nathan Radhakrishnan,Male,20,Delhi,Delhi,BA,CSE,6.97,7.3,Germany,Artificial Intelligence,1453621,No,Instagram,Visa,Sneha Jain,2024-09-09,2024-10-06,Converted,74,Medium,77,Germany,Not Eligible
ST3614,Sanaya Lad,Female,23,Bhopal,Madhya Pradesh,BBA,Finance,7.03,8.4,UK,MBA,3336616,Yes,WhatsApp,Contacted,Rahul Singh,2024-08-24,2024-12-06,Active,97,Low,99,Canada,Not Eligible
ST3615,Bhavya Soni,Female,21,Pune,Maharashtra,BBA,CSE,6.96,8.3,UK,Finance,954573,No,WhatsApp,Counseling,Amit Verma,2024-11-10,2024-12-03,Active,79,Low,87,Germany,Not Eligible
ST3616,Benjamin Gade,Female,23,Jaipur,Rajasthan,BCom,Marketing,6.64,6.6,Australia,MBA,3365307,Yes,Seminar,New Lead,Rohit Gupta,2025-08-11,2025-11-11,Dropped,70,Medium,76,Australia,Not Eligible
ST3617,Qushi Raman,Female,19,Hyderabad,Telangana,BSc,Marketing,9.46,7.6,Australia,Finance,1657692,Yes,WhatsApp,Counseling,Priya Sharma,2025-04-21,2025-04-23,Active,99,Low,100,Canada,Merit Scholarship
ST3618,Max Samra,Male,19,Delhi,Delhi,BBA,ECE,7.18,6.8,Germany,Cyber Security,823771,No,Instagram,Offer Letter,Rohit Gupta,2025-08-19,2025-11-02,Active,72,Medium,73,Germany,Not Eligible
ST3619,Pranit Kant,Male,18,Ahmedabad,Gujarat,BA,ECE,6.86,7.7,UK,Data Science,2595038,Yes,Seminar,Visa,Rahul Singh,2026-05-16,2026-08-26,Converted,98,Low,90,Canada,Not Eligible
ST3620,Zehaan Andra,Male,25,Mumbai,Maharashtra,BSc,Biotechnology,6.41,6.7,USA,Business Analytics,2898855,No,Referral,New Lead,Rahul Singh,2025-02-15,2025-03-22,Active,96,Low,91,USA,Not Eligible
ST3621,Aarini Sahni,Female,24,Indore,Madhya Pradesh,BCom,ECE,7.84,6.3,Australia,Finance,3461932,No,Website,Visa,Sneha Jain,2025-07-28,2025-08-25,Active,82,Low,85,Australia,Partial Scholarship
ST3622,Anvi Mukhopadhyay,Female,20,Pune,Maharashtra,BCom,Mechanical,8.48,7.1,UK,Business Analytics,2578909,Yes,Instagram,New Lead,Rohit Gupta,2025-05-22,2025-08-09,Active,97,Low,99,Canada,Partial Scholarship
ST3623,Jonathan Kalla,Female,20,Bhopal,Madhya Pradesh,BCom,Biotechnology,6.07,7.0,UK,Computer Science,3478976,No,Seminar,Visa,Rahul Singh,2025-09-24,2025-10-02,Converted,76,Medium,75,Canada,Not Eligible
ST3624,Abhiram Kapoor,Female,22,Delhi,Delhi,BCom,CSE,8.05,8.2,Australia,Artificial Intelligence,2395889,Yes,Instagram,Counseling,Rohit Gupta,2025-10-21,2025-10-27,Inactive,92,Low,100,Canada,Partial Scholarship
ST3625,Pushti Bahl,Male,22,Bhopal,Madhya Pradesh,BSc,ECE,9.31,6.3,Germany,Business Analytics,1421467,Yes,Seminar,Application,Amit Verma,2025-11-25,2026-03-05,Inactive,81,Low,90,Germany,Merit Scholarship
ST3626,Ubika Manda,Male,27,Bhopal,Madhya Pradesh,BBA,Marketing,6.13,6.0,UK,Cyber Security,2640203,Yes,Seminar,Offer Letter,Sneha Jain,2024-07-22,2024-09-29,Dropped,74,Medium,66,UK,Not Eligible
ST3627,Aarini Nagar,Female,20,Mumbai,Maharashtra,BCom,Finance,7.4,5.8,Australia,Business Analytics,3317339,No,Seminar,Documents,Sneha Jain,2024-07-23,2024-10-30,Active,67,Medium,76,Australia,Not Eligible
ST3628,Indrajit Choudhary,Female,23,Ahmedabad,Gujarat,BSc,Biotechnology,7.33,6.4,Australia,Business Analytics,1834640,No,Seminar,Offer Letter,Rohit Gupta,2025-12-18,2026-01-15,Dropped,79,Medium,72,Australia,Not Eligible
ST3629,Aarush Mallick,Male,27,Jaipur,Rajasthan,BBA,IT,9.75,6.0,USA,Artificial Intelligence,2597170,Yes,Seminar,Contacted,Sneha Jain,2025-09-28,2026-01-24,Dropped,99,Low,100,USA,Merit Scholarship
ST3630,Girik Behl,Male,28,Bangalore,Karnataka,BCom,IT,7.52,8.4,UK,Artificial Intelligence,2730296,No,WhatsApp,Enrolled,Priya Sharma,2024-10-21,2024-12-17,Converted,99,Low,100,Canada,Partial Scholarship
ST3631,Yauvani Chander,Female,25,Jaipur,Rajasthan,BBA,IT,6.2,6.8,Australia,Finance,2269058,No,WhatsApp,New Lead,Sneha Jain,2024-08-15,2024-08-17,Dropped,67,Medium,74,Australia,Not Eligible
ST3632,Amol Raman,Female,27,Delhi,Delhi,BBA,Marketing,7.71,8.2,Canada,Business Analytics,3379129,No,Seminar,Enrolled,Priya Sharma,2025-11-03,2026-01-09,Converted,99,Low,100,Canada,Partial Scholarship
ST3633,Christopher Borah,Male,20,Bangalore,Karnataka,BA,Finance,6.02,6.8,Australia,MBA,2066911,No,WhatsApp,Application,Rahul Singh,2025-04-21,2025-06-20,Dropped,73,Medium,72,Australia,Not Eligible
ST3634,Girindra Sharaf,Female,18,Ahmedabad,Gujarat,BSc,IT,9.16,5.9,UK,Data Science,2486184,Yes,Referral,Contacted,Priya Sharma,2026-03-22,2026-04-12,Active,99,Low,100,UK,Merit Scholarship
ST3635,Jason Puri,Female,28,Bangalore,Karnataka,BBA,Mechanical,7.33,6.4,UK,Finance,1996059,Yes,Referral,Offer Letter,Amit Verma,2025-05-04,2025-06-14,Active,82,Low,87,UK,Not Eligible
ST3636,Radhika Rau,Male,21,Bangalore,Karnataka,BTech,Mechanical,7.03,5.5,Australia,Finance,3076694,No,Referral,Documents,Priya Sharma,2025-09-29,2025-11-30,Active,76,Low,85,Australia,Not Eligible
ST3637,Harshil Sahni,Female,22,Bhopal,Madhya Pradesh,BSc,Mechanical,6.36,8.0,Australia,Computer Science,1796901,Yes,WhatsApp,Contacted,Rohit Gupta,2026-03-19,2026-06-16,Inactive,70,Medium,78,Canada,Not Eligible
ST3638,Kamya Balay,Female,26,Jaipur,Rajasthan,BA,ECE,6.07,8.1,Australia,MBA,1643573,No,WhatsApp,Application,Rahul Singh,2025-12-18,2026-01-30,Inactive,85,Medium,75,Canada,Not Eligible
ST3639,Adweta Agarwal,Male,19,Bangalore,Karnataka,BA,CSE,6.23,6.4,Canada,Finance,855968,Yes,Instagram,Enrolled,Amit Verma,2024-08-20,2024-12-03,Converted,55,Medium,61,Germany,Not Eligible
ST3640,Shaurya Gaba,Female,24,Bangalore,Karnataka,BBA,Mechanical,7.21,5.5,Germany,Computer Science,1464765,Yes,Website,Application,Amit Verma,2025-10-20,2025-10-25,Inactive,64,Medium,62,Germany,Not Eligible
ST3641,Anusha Date,Male,24,Pune,Maharashtra,BCom,Finance,9.07,5.9,UK,Computer Science,2560076,Yes,Website,Documents,Rohit Gupta,2025-11-09,2026-02-22,Inactive,99,Low,94,UK,Merit Scholarship
ST3642,Ryan Tella,Male,26,Hyderabad,Telangana,BTech,IT,6.46,7.3,Canada,Computer Science,1424993,Yes,WhatsApp,Documents,Amit Verma,2025-02-24,2025-03-07,Active,63,Medium,72,Germany,Not Eligible
ST3643,Falak Sharaf,Male,23,Hyderabad,Telangana,BCom,Mechanical,7.39,6.7,Australia,Business Analytics,2640815,Yes,Referral,Counseling,Amit Verma,2026-05-23,2026-09-09,Dropped,94,Low,100,Australia,Not Eligible
ST3644,Radhika Sarna,Female,21,Bhopal,Madhya Pradesh,BTech,IT,9.37,6.1,USA,Finance,3014994,Yes,Website,New Lead,Amit Verma,2026-02-13,2026-04-29,Inactive,93,Low,98,USA,Merit Scholarship
ST3645,Avi Gara,Male,18,Bangalore,Karnataka,BSc,CSE,8.75,7.3,UK,Cyber Security,1921862,Yes,Referral,Counseling,Sneha Jain,2024-08-31,2024-10-21,Active,99,Low,100,Canada,Merit Scholarship
ST3646,Gaurangi Bhatia,Female,24,Indore,Madhya Pradesh,BSc,Finance,8.84,8.0,Australia,Business Analytics,1973367,Yes,WhatsApp,Application,Amit Verma,2026-01-24,2026-05-18,Inactive,95,Low,100,Canada,Merit Scholarship
ST3647,Sai Koshy,Female,27,Chennai,Tamil Nadu,BBA,IT,6.69,7.5,Australia,MBA,1729193,Yes,Seminar,Offer Letter,Rahul Singh,2024-09-01,2024-09-07,Inactive,69,Medium,76,Canada,Not Eligible
ST3648,Reyansh Basak,Female,21,Chennai,Tamil Nadu,BBA,Marketing,8.64,7.1,Germany,Computer Science,1474651,Yes,Seminar,Counseling,Rohit Gupta,2024-06-20,2024-09-27,Active,99,Low,91,Germany,Merit Scholarship
ST3649,Geetika Ben,Female,19,Jaipur,Rajasthan,BCom,Finance,6.28,7.3,Canada,Business Analytics,2763289,Yes,Instagram,Counseling,Amit Verma,2024-12-06,2025-01-08,Inactive,84,Low,80,Canada,Not Eligible
ST3650,Urvi Mandal,Female,26,Indore,Madhya Pradesh,BBA,Biotechnology,8.84,8.3,Australia,MBA,1018528,Yes,Seminar,Application,Rohit Gupta,2025-08-03,2025-08-09,Inactive,97,Low,100,Germany,Merit Scholarship
ST3651,Jagvi Mane,Male,24,Hyderabad,Telangana,BA,CSE,6.81,6.6,Canada,Artificial Intelligence,2735773,Yes,Instagram,Counseling,Amit Verma,2025-09-23,2025-10-11,Active,79,Medium,78,Canada,Not Eligible
ST3652,Advik Kannan,Male,28,Chennai,Tamil Nadu,BBA,ECE,7.19,7.6,Canada,Computer Science,807788,No,Seminar,Contacted,Rahul Singh,2025-02-23,2025-03-03,Inactive,71,Low,81,Germany,Not Eligible
ST3653,Gabriel Krishnamurthy,Male,28,Hyderabad,Telangana,BBA,Marketing,8.97,7.7,UK,Finance,1115148,Yes,Website,Contacted,Sneha Jain,2024-10-20,2024-12-04,Active,99,Low,100,Germany,Merit Scholarship
ST3654,Avni Vaidya,Female,18,Mumbai,Maharashtra,BA,ECE,7.51,5.8,Australia,Computer Science,2358978,Yes,Seminar,Documents,Rahul Singh,2025-01-23,2025-05-11,Dropped,74,Medium,77,Australia,Partial Scholarship
ST3655,David Mandal,Female,26,Bhopal,Madhya Pradesh,BA,ECE,7.63,7.4,Canada,MBA,922853,No,Instagram,Application,Amit Verma,2026-01-28,2026-02-10,Active,88,Low,85,Germany,Partial Scholarship
ST3656,Luke Maharaj,Female,26,Chennai,Tamil Nadu,BTech,Biotechnology,7.73,7.5,Australia,MBA,3443543,Yes,Website,New Lead,Priya Sharma,2025-01-31,2025-03-22,Inactive,98,Low,97,Canada,Partial Scholarship
ST3657,Advik Bhargava,Female,28,Delhi,Delhi,BA,Mechanical,7.0,5.6,Germany,Artificial Intelligence,987370,Yes,Instagram,New Lead,Amit Verma,2025-12-22,2026-02-22,Inactive,68,Medium,60,Germany,Not Eligible
ST3658,Kiaan Bora,Male,27,Pune,Maharashtra,BCom,Mechanical,8.94,8.0,Australia,Business Analytics,1617362,Yes,Referral,Application,Sneha Jain,2025-01-03,2025-03-22,Inactive,99,Low,100,Canada,Merit Scholarship
ST3659,Banjeet Lad,Male,25,Pune,Maharashtra,BCom,Finance,8.96,7.3,UK,Business Analytics,1512062,Yes,Referral,Contacted,Rahul Singh,2025-10-23,2026-02-20,Inactive,99,Low,100,Canada,Merit Scholarship
ST3660,Chandran Banerjee,Male,23,Delhi,Delhi,BA,CSE,7.07,7.5,Canada,Artificial Intelligence,2227347,No,Referral,Enrolled,Amit Verma,2025-09-14,2025-09-22,Converted,90,Low,100,Canada,Not Eligible
ST3661,Ayushman Swaminathan,Female,28,Pune,Maharashtra,BA,CSE,9.31,7.4,UK,Data Science,2321427,Yes,Website,Contacted,Rahul Singh,2025-11-13,2025-12-02,Dropped,99,Low,100,Canada,Merit Scholarship
ST3662,Fiyaz Mutti,Female,20,Bangalore,Karnataka,BSc,Mechanical,9.45,7.5,Canada,Business Analytics,3413466,Yes,Seminar,Documents,Sneha Jain,2026-01-22,2026-04-20,Inactive,94,Low,100,Canada,Merit Scholarship
ST3663,Vyanjana Agrawal,Female,25,Mumbai,Maharashtra,BBA,Mechanical,9.04,6.6,Germany,Data Science,1087379,Yes,Seminar,Application,Priya Sharma,2024-10-27,2025-01-05,Active,98,Low,90,Germany,Merit Scholarship
ST3664,Gaurang Sarma,Male,19,Pune,Maharashtra,BA,Mechanical,9.07,7.0,Australia,Business Analytics,2085284,Yes,Seminar,Contacted,Sneha Jain,2025-03-18,2025-05-11,Dropped,99,Low,100,Canada,Merit Scholarship
ST3665,Naveen Majumdar,Male,27,Indore,Madhya Pradesh,BA,IT,9.35,7.2,UK,Artificial Intelligence,2646074,Yes,Seminar,Visa,Amit Verma,2025-01-27,2025-05-24,Active,99,Low,100,Canada,Merit Scholarship
ST3666,Vivaan Shukla,Female,23,Hyderabad,Telangana,BBA,Marketing,6.48,5.8,Canada,Business Analytics,810863,Yes,Referral,Enrolled,Amit Verma,2026-02-22,2026-03-07,Converted,71,Medium,71,Germany,Not Eligible
ST3667,Sneha Sekhon,Male,27,Indore,Madhya Pradesh,BCom,Marketing,8.24,8.0,Canada,MBA,1501082,Yes,Website,Offer Letter,Amit Verma,2026-05-13,2026-07-20,Active,89,Low,97,Canada,Partial Scholarship
ST3668,Bina Sethi,Female,23,Hyderabad,Telangana,BA,Mechanical,8.07,8.4,Canada,Artificial Intelligence,3157606,Yes,Instagram,New Lead,Sneha Jain,2025-03-05,2025-06-24,Dropped,99,Low,100,Canada,Partial Scholarship
ST3669,Wazir Malhotra,Male,26,Bhopal,Madhya Pradesh,BA,Biotechnology,9.21,7.0,USA,Artificial Intelligence,2655158,Yes,Website,Visa,Rahul Singh,2026-01-22,2026-04-14,Converted,95,Low,100,Canada,Merit Scholarship
ST3670,Triveni Sibal,Male,22,Delhi,Delhi,BA,Mechanical,8.67,6.4,Germany,MBA,1373874,Yes,Website,Visa,Rahul Singh,2025-05-23,2025-09-04,Active,77,Low,85,Germany,Merit Scholarship
ST3671,Daksha Bains,Male,27,Mumbai,Maharashtra,BBA,IT,7.5,8.4,Canada,Cyber Security,1849038,No,WhatsApp,Visa,Rohit Gupta,2024-07-30,2024-10-20,Converted,86,Low,94,Canada,Partial Scholarship
ST3672,Nachiket Natt,Female,27,Ahmedabad,Gujarat,BSc,Biotechnology,6.46,6.9,UK,Cyber Security,2178762,No,WhatsApp,Application,Sneha Jain,2024-11-09,2024-12-28,Active,83,Medium,78,UK,Not Eligible
ST3673,Lavanya Grewal,Female,19,Bangalore,Karnataka,BBA,CSE,6.99,8.4,Australia,Business Analytics,3482134,Yes,WhatsApp,Visa,Sneha Jain,2025-06-04,2025-08-31,Converted,94,Low,98,Canada,Not Eligible
ST3674,Omisha Gola,Male,19,Pune,Maharashtra,BA,Finance,8.65,7.0,Australia,MBA,3442026,Yes,Referral,Enrolled,Sneha Jain,2026-01-16,2026-03-05,Converted,94,Low,100,Canada,Merit Scholarship
ST3675,Praneel Shah,Male,23,Indore,Madhya Pradesh,BTech,Biotechnology,8.08,8.0,Canada,Data Science,1047296,Yes,Referral,Visa,Rohit Gupta,2025-10-27,2026-01-28,Converted,93,Low,100,Germany,Partial Scholarship
ST3676,Kalpit Sachdeva,Male,22,Delhi,Delhi,BCom,Marketing,7.97,8.3,UK,MBA,2589602,No,Seminar,Counseling,Priya Sharma,2024-09-13,2024-12-27,Inactive,99,Low,100,Canada,Partial Scholarship
ST3677,Madhav Srinivas,Female,26,Chennai,Tamil Nadu,BCom,CSE,8.17,6.4,Australia,Computer Science,1895672,No,WhatsApp,Application,Sneha Jain,2025-03-16,2025-05-10,Inactive,89,Low,80,Australia,Partial Scholarship
ST3678,Ria Singhal,Male,18,Hyderabad,Telangana,BBA,IT,9.22,8.1,UK,Computer Science,2743309,Yes,WhatsApp,Contacted,Priya Sharma,2024-08-03,2024-09-25,Inactive,99,Low,100,Canada,Merit Scholarship
ST3679,Victor Konda,Female,19,Pune,Maharashtra,BTech,Finance,7.57,7.9,Australia,Cyber Security,3425673,No,Referral,Contacted,Rahul Singh,2025-09-29,2026-01-21,Inactive,99,Low,100,Canada,Partial Scholarship
ST3680,Kiaan Bhagat,Female,19,Ahmedabad,Gujarat,BCom,Finance,9.07,6.6,USA,Business Analytics,3202387,Yes,WhatsApp,Application,Priya Sharma,2025-05-24,2025-07-31,Dropped,99,Low,100,USA,Merit Scholarship
ST3681,Utkarsh Varkey,Male,23,Hyderabad,Telangana,BTech,Biotechnology,7.42,6.1,UK,Data Science,1813634,No,Referral,Counseling,Sneha Jain,2025-03-29,2025-05-21,Active,83,Low,84,UK,Not Eligible
ST3682,Vidhi Vaidya,Male,19,Chennai,Tamil Nadu,BBA,Finance,6.1,7.2,USA,Artificial Intelligence,2754831,Yes,Seminar,Counseling,Priya Sharma,2025-07-25,2025-09-17,Active,78,Medium,77,Canada,Not Eligible
ST3683,Sai Gill,Female,26,Bangalore,Karnataka,BBA,ECE,7.8,5.6,Australia,Data Science,2561230,No,Seminar,Counseling,Sneha Jain,2026-01-01,2026-01-26,Inactive,72,Medium,78,Australia,Partial Scholarship
ST3684,Turvi Kota,Female,23,Chennai,Tamil Nadu,BBA,Biotechnology,7.12,5.6,USA,Finance,2556207,No,Seminar,Enrolled,Rohit Gupta,2024-11-20,2025-02-04,Converted,66,Medium,71,USA,Not Eligible
ST3685,Anika Chad,Female,20,Bhopal,Madhya Pradesh,BBA,ECE,7.64,5.7,Australia,Data Science,1684711,No,Instagram,Visa,Rahul Singh,2026-01-25,2026-02-10,Converted,62,Medium,68,Australia,Partial Scholarship
ST3686,Tanish Mann,Male,20,Hyderabad,Telangana,BCom,CSE,9.72,6.5,USA,Finance,3364035,Yes,Website,Enrolled,Amit Verma,2025-05-26,2025-09-21,Converted,98,Low,100,USA,Merit Scholarship
ST3687,Xalak Sridhar,Female,28,Hyderabad,Telangana,BCom,Finance,7.78,7.1,Germany,Business Analytics,1325077,No,Instagram,Enrolled,Rohit Gupta,2024-10-19,2024-12-02,Converted,83,Low,82,Germany,Partial Scholarship
ST3688,Zaid Dave,Female,19,Pune,Maharashtra,BTech,Finance,6.57,6.8,Canada,MBA,2641626,Yes,Seminar,New Lead,Priya Sharma,2025-07-29,2025-09-27,Active,85,Medium,77,Canada,Not Eligible
ST3689,Leena Raja,Female,26,Ahmedabad,Gujarat,BA,Finance,8.88,5.6,UK,Cyber Security,3133061,Yes,Seminar,Visa,Rohit Gupta,2025-04-04,2025-06-03,Active,78,Low,88,UK,Merit Scholarship
ST3690,Ronith Rau,Female,22,Chennai,Tamil Nadu,BCom,Mechanical,8.11,8.3,UK,Computer Science,1260168,Yes,Referral,New Lead,Priya Sharma,2025-06-02,2025-08-13,Dropped,99,Low,100,Germany,Partial Scholarship
ST3691,Imaran Nagarajan,Male,20,Bhopal,Madhya Pradesh,BSc,IT,9.54,8.2,Canada,Finance,3468693,Yes,Instagram,Counseling,Priya Sharma,2025-09-13,2026-01-11,Dropped,93,Low,100,Canada,Merit Scholarship
ST3692,Ladli Chandra,Male,19,Indore,Madhya Pradesh,BSc,Biotechnology,9.59,5.6,Australia,Finance,2456647,Yes,Seminar,New Lead,Amit Verma,2026-05-03,2026-08-04,Inactive,99,Low,95,Australia,Merit Scholarship
ST3693,Elijah Vasa,Male,27,Bhopal,Madhya Pradesh,BCom,Biotechnology,6.99,6.2,Canada,Data Science,1592191,Yes,WhatsApp,Counseling,Priya Sharma,2025-07-08,2025-07-25,Dropped,73,Medium,66,Canada,Not Eligible
ST3694,Tripti Padmanabhan,Male,18,Hyderabad,Telangana,BTech,Biotechnology,7.46,6.0,Australia,Cyber Security,2412091,Yes,WhatsApp,Counseling,Sneha Jain,2026-04-24,2026-06-19,Active,80,Medium,79,Australia,Not Eligible
ST3695,Patrick Ahuja,Female,24,Indore,Madhya Pradesh,BA,Marketing,9.42,5.8,Germany,Finance,1040380,Yes,Seminar,Contacted,Rohit Gupta,2026-03-15,2026-04-28,Active,81,Low,86,Germany,Merit Scholarship
ST3696,Amol Brahmbhatt,Female,20,Chennai,Tamil Nadu,BCom,CSE,7.88,7.8,Australia,Business Analytics,1171136,No,Referral,Visa,Sneha Jain,2025-04-19,2025-07-06,Converted,91,Low,100,Germany,Partial Scholarship
ST3697,Ikbal Nagarajan,Female,20,Delhi,Delhi,BCom,Finance,8.5,8.3,Australia,Artificial Intelligence,1119200,No,WhatsApp,Counseling,Priya Sharma,2025-10-05,2025-11-19,Active,95,Low,100,Germany,Merit Scholarship
ST3698,Vedant Nayak,Male,21,Hyderabad,Telangana,BA,ECE,7.81,5.6,USA,MBA,2905205,Yes,Seminar,New Lead,Rohit Gupta,2025-11-12,2025-12-31,Inactive,70,Medium,78,USA,Partial Scholarship
ST3699,Sai Swaminathan,Male,25,Bangalore,Karnataka,BBA,Marketing,8.43,6.2,Canada,Business Analytics,2542858,No,Website,Enrolled,Priya Sharma,2025-12-03,2026-03-27,Converted,85,Low,91,Canada,Partial Scholarship
ST3700,Harini Narasimhan,Female,27,Mumbai,Maharashtra,BSc,Mechanical,8.93,6.8,Germany,Finance,1355827,Yes,WhatsApp,Contacted,Sneha Jain,2025-09-17,2025-12-15,Inactive,87,Low,91,Germany,Merit Scholarship
ST3701,Udyati Modi,Male,27,Ahmedabad,Gujarat,BCom,ECE,6.48,6.8,Australia,Computer Science,2633317,Yes,Website,Counseling,Amit Verma,2024-08-12,2024-11-04,Active,68,Medium,76,Australia,Not Eligible
ST3702,Chatresh Gaba,Female,22,Pune,Maharashtra,BBA,CSE,7.9,6.7,Canada,Finance,3378799,No,Website,Application,Sneha Jain,2025-10-06,2025-12-24,Inactive,88,Low,91,Canada,Partial Scholarship
ST3703,Rachit Chadha,Female,28,Delhi,Delhi,BTech,ECE,6.34,6.1,UK,Computer Science,2347530,No,Website,Counseling,Priya Sharma,2026-05-18,2026-06-06,Dropped,67,Medium,68,UK,Not Eligible
ST3704,Darpan Gara,Female,27,Pune,Maharashtra,BTech,Marketing,6.73,8.0,Canada,Data Science,2395346,Yes,Seminar,Contacted,Sneha Jain,2025-07-20,2025-10-12,Active,82,Low,92,Canada,Not Eligible
ST3705,Zansi Mani,Female,22,Ahmedabad,Gujarat,BCom,CSE,7.24,7.5,Australia,MBA,1343004,Yes,Instagram,Visa,Sneha Jain,2024-12-02,2025-03-29,Converted,86,Low,82,Germany,Not Eligible
ST3706,Rishi Seshadri,Female,18,Delhi,Delhi,BA,ECE,7.6,7.6,Canada,Cyber Security,1337642,Yes,Instagram,Documents,Rahul Singh,2024-07-04,2024-09-04,Inactive,81,Low,85,Germany,Partial Scholarship
ST3707,Yagnesh Nagi,Male,22,Bangalore,Karnataka,BA,ECE,9.25,5.9,UK,Business Analytics,1603936,Yes,Website,Contacted,Rohit Gupta,2025-01-21,2025-03-10,Active,80,Low,86,UK,Merit Scholarship
ST3708,Farhan Sibal,Female,20,Jaipur,Rajasthan,BSc,CSE,7.27,7.9,Australia,Cyber Security,2404048,Yes,Website,New Lead,Rahul Singh,2025-12-24,2025-12-25,Active,97,Low,96,Canada,Not Eligible
ST3709,Warda Dhar,Female,20,Hyderabad,Telangana,BBA,ECE,7.01,7.8,Australia,MBA,957289,No,Referral,Counseling,Rahul Singh,2025-04-14,2025-06-02,Active,98,Low,98,Germany,Not Eligible
ST3710,Wazir Karan,Male,27,Indore,Madhya Pradesh,BBA,CSE,6.21,8.1,Australia,Artificial Intelligence,2825287,No,Referral,New Lead,Priya Sharma,2024-07-29,2024-08-30,Dropped,99,Low,100,Canada,Not Eligible
ST3711,Ikshita Tella,Male,23,Ahmedabad,Gujarat,BA,Mechanical,6.77,6.8,USA,MBA,3488953,Yes,WhatsApp,Application,Rahul Singh,2026-05-19,2026-07-03,Inactive,79,Medium,79,USA,Not Eligible
ST3712,Ekalinga Keer,Male,18,Bangalore,Karnataka,BBA,Marketing,7.87,6.7,Germany,Artificial Intelligence,1275839,No,Referral,Contacted,Rohit Gupta,2025-09-13,2025-10-23,Inactive,99,Low,95,Germany,Partial Scholarship
ST3713,Shaurya Sridhar,Female,18,Ahmedabad,Gujarat,BSc,IT,6.57,5.7,Australia,Data Science,1752214,No,Seminar,Contacted,Rahul Singh,2024-06-30,2024-10-07,Inactive,66,High,57,Australia,Not Eligible
ST3714,Nikita Bose,Female,24,Hyderabad,Telangana,BA,CSE,6.58,8.5,Canada,Artificial Intelligence,2320671,No,Seminar,New Lead,Rohit Gupta,2025-10-08,2025-10-25,Inactive,87,Low,95,Canada,Not Eligible
ST3715,Pranav Loke,Male,19,Mumbai,Maharashtra,BTech,ECE,8.41,8.4,UK,Data Science,1275108,Yes,Website,Visa,Amit Verma,2026-04-18,2026-07-16,Converted,99,Low,100,Germany,Partial Scholarship
ST3716,Ishaan Divan,Female,25,Delhi,Delhi,BCom,Finance,8.66,5.6,UK,MBA,2029461,Yes,Instagram,Visa,Rahul Singh,2025-06-06,2025-07-27,Converted,96,Low,86,UK,Merit Scholarship
ST3717,Sai Sahni,Female,21,Hyderabad,Telangana,BSc,ECE,9.24,8.2,UK,Cyber Security,831445,Yes,Referral,Application,Rohit Gupta,2025-09-10,2025-12-03,Dropped,95,Low,100,Germany,Merit Scholarship
ST3718,Urmi Anne,Female,27,Chennai,Tamil Nadu,BSc,Finance,9.57,7.5,UK,Cyber Security,3120824,Yes,Instagram,New Lead,Rahul Singh,2025-06-16,2025-08-05,Active,93,Low,100,Canada,Merit Scholarship
ST3719,Azad Kulkarni,Male,23,Hyderabad,Telangana,BSc,CSE,7.47,7.2,Australia,Data Science,2481765,No,Instagram,Offer Letter,Amit Verma,2026-06-01,2026-09-05,Dropped,92,Low,91,Canada,Not Eligible
ST3720,Shravya Patel,Female,18,Chennai,Tamil Nadu,BCom,CSE,6.11,6.2,USA,Finance,3258207,Yes,Website,Offer Letter,Rohit Gupta,2024-12-08,2025-02-21,Dropped,58,Medium,68,USA,Not Eligible
ST3721,Veer Varughese,Male,28,Jaipur,Rajasthan,BA,Finance,8.8,6.0,Australia,Cyber Security,2020689,Yes,Referral,Documents,Rahul Singh,2025-10-01,2025-12-27,Active,99,Low,100,Australia,Merit Scholarship
ST3722,Girish Ben,Female,28,Pune,Maharashtra,BCom,Biotechnology,8.77,7.9,Canada,Computer Science,3282943,Yes,Instagram,Visa,Sneha Jain,2025-02-03,2025-02-10,Converted,99,Low,100,Canada,Merit Scholarship
ST3723,Upasna Apte,Male,18,Hyderabad,Telangana,BCom,Biotechnology,6.19,7.5,Canada,Cyber Security,847147,No,Seminar,Contacted,Rahul Singh,2025-11-20,2026-02-20,Active,61,Medium,71,Germany,Not Eligible
ST3724,Waida Basu,Male,25,Pune,Maharashtra,BBA,Mechanical,9.14,6.2,UK,Finance,1564668,Yes,WhatsApp,Enrolled,Rahul Singh,2025-06-13,2025-10-11,Converted,90,Low,88,UK,Merit Scholarship
ST3725,Gabriel Dara,Male,21,Pune,Maharashtra,BTech,Finance,8.16,6.8,Canada,Finance,3242203,No,Referral,Counseling,Sneha Jain,2025-11-15,2026-03-10,Dropped,99,Low,100,Canada,Partial Scholarship
ST3726,Oviya Sheth,Male,23,Chennai,Tamil Nadu,BTech,Biotechnology,6.08,7.1,UK,Data Science,3383287,No,Referral,Application,Sneha Jain,2026-04-24,2026-05-07,Inactive,83,Low,90,Canada,Not Eligible
ST3727,Nirja Arora,Male,18,Pune,Maharashtra,BA,ECE,6.43,8.1,Canada,Computer Science,3330537,No,WhatsApp,Documents,Priya Sharma,2025-06-03,2025-06-13,Inactive,94,Low,89,Canada,Not Eligible
ST3728,Vrishti Ben,Female,25,Bangalore,Karnataka,BSc,Marketing,8.83,7.0,UK,Finance,1599943,Yes,Seminar,Application,Amit Verma,2024-11-14,2024-12-15,Active,90,Low,93,Canada,Merit Scholarship
ST3729,Chaaya Lal,Female,28,Indore,Madhya Pradesh,BBA,Marketing,6.31,7.1,Canada,MBA,1443598,Yes,Instagram,Counseling,Rahul Singh,2025-01-24,2025-02-21,Active,71,Medium,68,Germany,Not Eligible
ST3730,Jhalak Khanna,Male,26,Bhopal,Madhya Pradesh,BA,CSE,7.93,5.7,Canada,Computer Science,2982872,Yes,Instagram,Documents,Rohit Gupta,2025-06-06,2025-06-12,Dropped,82,Low,81,Canada,Partial Scholarship
ST3731,Oni Nath,Female,27,Ahmedabad,Gujarat,BA,CSE,6.06,5.9,Germany,Finance,897782,No,Seminar,New Lead,Rohit Gupta,2025-02-20,2025-02-23,Dropped,59,High,54,Germany,Not Eligible
ST3732,Eesha Dayal,Female,23,Indore,Madhya Pradesh,BSc,Biotechnology,8.1,6.7,UK,Cyber Security,2338334,Yes,Seminar,Documents,Rohit Gupta,2024-10-09,2024-11-17,Active,88,Low,92,UK,Partial Scholarship
ST3733,Jagrati Mody,Male,25,Indore,Madhya Pradesh,BA,IT,9.12,7.5,Australia,Data Science,2145423,Yes,Seminar,New Lead,Sneha Jain,2025-08-14,2025-08-24,Dropped,99,Low,100,Canada,Merit Scholarship
ST3734,Owen Bawa,Female,20,Delhi,Delhi,BTech,Biotechnology,6.91,6.3,Canada,Finance,1709580,Yes,WhatsApp,Visa,Rohit Gupta,2025-07-10,2025-08-18,Converted,67,Medium,66,Canada,Not Eligible
ST3735,Janani Yohannan,Male,20,Bangalore,Karnataka,BTech,Biotechnology,7.85,8.1,UK,Artificial Intelligence,896881,No,Website,Visa,Rohit Gupta,2025-01-02,2025-03-09,Converted,83,Low,93,Germany,Partial Scholarship
ST3736,Pratyush Thakkar,Female,24,Jaipur,Rajasthan,BSc,Marketing,9.78,6.9,Australia,Computer Science,3131650,Yes,Website,Enrolled,Rahul Singh,2026-02-13,2026-04-13,Converted,99,Low,100,Australia,Merit Scholarship
ST3737,Oni Gera,Female,26,Bhopal,Madhya Pradesh,BA,ECE,6.02,8.4,UK,Computer Science,2888135,Yes,Referral,New Lead,Rahul Singh,2025-02-11,2025-02-16,Inactive,99,Low,100,Canada,Not Eligible
ST3738,Madhav Hari,Female,27,Mumbai,Maharashtra,BCom,Biotechnology,7.82,7.3,UK,Business Analytics,1704832,Yes,Instagram,Contacted,Amit Verma,2024-07-06,2024-08-26,Active,91,Low,86,Canada,Partial Scholarship
ST3739,Arunima Maharaj,Female,28,Indore,Madhya Pradesh,BA,ECE,7.52,7.2,UK,Finance,3387234,No,Website,Visa,Sneha Jain,2025-03-20,2025-04-04,Converted,83,Low,92,Canada,Partial Scholarship
ST3740,Lucky Ben,Female,18,Indore,Madhya Pradesh,BA,ECE,7.53,8.1,UK,Computer Science,1188089,Yes,Referral,Documents,Rahul Singh,2025-02-27,2025-05-12,Inactive,97,Low,100,Germany,Partial Scholarship
ST3741,Gauri Upadhyay,Male,28,Jaipur,Rajasthan,BTech,Mechanical,6.99,7.5,UK,MBA,914828,No,Instagram,New Lead,Rahul Singh,2025-04-12,2025-07-01,Active,80,Medium,79,Germany,Not Eligible
ST3742,Harinakshi Jaggi,Male,28,Bhopal,Madhya Pradesh,BTech,ECE,9.77,6.0,Germany,MBA,815217,Yes,Website,Application,Rohit Gupta,2025-04-26,2025-05-03,Dropped,93,Low,92,Germany,Merit Scholarship
ST3743,Arin Keer,Male,23,Ahmedabad,Gujarat,BTech,Finance,6.89,6.0,Canada,MBA,3452559,Yes,Website,New Lead,Rohit Gupta,2025-03-24,2025-07-03,Inactive,77,Medium,73,Canada,Not Eligible
ST3744,Netra Dutta,Male,22,Chennai,Tamil Nadu,BCom,IT,7.3,6.0,UK,Business Analytics,1562399,No,Seminar,New Lead,Amit Verma,2025-02-07,2025-03-27,Active,71,Medium,67,UK,Not Eligible
ST3745,Amaira Prakash,Male,25,Pune,Maharashtra,BBA,IT,8.23,5.8,Germany,Finance,807298,No,Instagram,Documents,Rohit Gupta,2024-08-08,2024-11-27,Inactive,77,Medium,74,Germany,Partial Scholarship
ST3746,Waida Nath,Male,20,Bhopal,Madhya Pradesh,BSc,CSE,6.88,6.7,Canada,MBA,2820027,No,WhatsApp,New Lead,Sneha Jain,2025-04-28,2025-08-07,Inactive,79,Low,80,Canada,Not Eligible
ST3747,Daksh Ganesan,Male,22,Jaipur,Rajasthan,BSc,ECE,8.09,7.0,Germany,Cyber Security,1037794,Yes,Instagram,Offer Letter,Sneha Jain,2025-01-28,2025-04-20,Active,90,Low,85,Germany,Partial Scholarship
ST3748,Alka Bassi,Male,25,Bhopal,Madhya Pradesh,BTech,ECE,7.99,5.6,USA,Computer Science,2886124,No,Instagram,Contacted,Priya Sharma,2024-12-09,2024-12-12,Active,71,Medium,79,USA,Partial Scholarship
ST3749,Aarnav Pau,Female,25,Pune,Maharashtra,BCom,IT,9.75,5.8,Germany,Cyber Security,954357,Yes,Website,Application,Rahul Singh,2024-09-23,2024-10-27,Inactive,95,Low,89,Germany,Merit Scholarship
ST3750,Qarin Oommen,Male,19,Chennai,Tamil Nadu,BTech,Biotechnology,8.85,5.6,Australia,Artificial Intelligence,3417037,Yes,Website,Counseling,Rohit Gupta,2026-05-09,2026-07-07,Inactive,79,Low,88,Australia,Merit Scholarship
ST3751,Turvi Choudhury,Female,25,Bangalore,Karnataka,BCom,ECE,7.71,6.6,Canada,Cyber Security,3429757,No,WhatsApp,Offer Letter,Priya Sharma,2025-05-14,2025-09-08,Inactive,84,Low,87,Canada,Partial Scholarship
ST3752,Raagini Borde,Male,23,Indore,Madhya Pradesh,BCom,Biotechnology,9.54,6.2,UK,Computer Science,2012762,Yes,WhatsApp,Counseling,Rohit Gupta,2026-03-06,2026-04-12,Inactive,99,Low,100,UK,Merit Scholarship
ST3753,Praneel Bora,Female,27,Hyderabad,Telangana,BTech,Biotechnology,9.01,7.4,Canada,Business Analytics,1657879,Yes,WhatsApp,Contacted,Rohit Gupta,2026-02-22,2026-05-11,Inactive,96,Low,99,Canada,Merit Scholarship
ST3754,Anika Shankar,Male,25,Bhopal,Madhya Pradesh,BA,Finance,9.22,7.6,Australia,Computer Science,2090029,Yes,Referral,Enrolled,Sneha Jain,2024-09-17,2024-12-12,Converted,99,Low,100,Canada,Merit Scholarship
ST3755,Daksh Dhar,Male,26,Bhopal,Madhya Pradesh,BBA,CSE,8.1,5.7,Canada,Artificial Intelligence,1518520,Yes,Website,Contacted,Amit Verma,2025-06-25,2025-09-19,Dropped,68,Medium,72,Canada,Partial Scholarship
ST3756,Omkaar Desai,Male,19,Hyderabad,Telangana,BSc,Mechanical,7.33,7.2,UK,Cyber Security,2007181,No,Referral,Documents,Sneha Jain,2025-06-21,2025-08-04,Inactive,99,Low,100,Canada,Not Eligible
ST3757,Ishita Dua,Male,27,Ahmedabad,Gujarat,BSc,Finance,8.57,8.1,Australia,Computer Science,1268550,Yes,WhatsApp,Counseling,Amit Verma,2026-05-03,2026-08-28,Active,94,Low,100,Germany,Merit Scholarship
ST3758,Faqid Parmer,Female,20,Chennai,Tamil Nadu,BA,Finance,7.49,7.0,USA,MBA,3122790,No,WhatsApp,Offer Letter,Rohit Gupta,2026-03-15,2026-05-30,Active,90,Low,89,Canada,Not Eligible
ST3759,Vihaan Madan,Male,24,Mumbai,Maharashtra,BBA,IT,6.74,7.6,Australia,MBA,2902083,No,Website,New Lead,Rahul Singh,2025-10-24,2025-11-27,Active,88,Low,87,Canada,Not Eligible
ST3760,Indira Bedi,Female,28,Hyderabad,Telangana,BSc,Mechanical,6.67,8.2,Australia,Finance,1065069,Yes,Instagram,Documents,Priya Sharma,2025-01-27,2025-01-31,Inactive,78,Low,82,Germany,Not Eligible
ST3761,Simon Murty,Male,28,Mumbai,Maharashtra,BTech,Biotechnology,8.1,6.2,Canada,Data Science,2694768,No,Seminar,Counseling,Priya Sharma,2026-03-21,2026-07-01,Inactive,84,Low,87,Canada,Partial Scholarship
ST3762,Wriddhish Butala,Female,18,Jaipur,Rajasthan,BSc,IT,9.19,7.0,UK,Business Analytics,1757572,Yes,Website,Offer Letter,Amit Verma,2025-05-19,2025-07-10,Dropped,99,Low,96,Canada,Merit Scholarship
ST3763,Anjali Hari,Female,19,Jaipur,Rajasthan,BTech,CSE,6.99,6.7,Germany,MBA,876652,No,WhatsApp,Application,Sneha Jain,2025-08-17,2025-10-08,Dropped,65,Medium,71,Germany,Not Eligible
ST3764,Ethan Pal,Male,25,Indore,Madhya Pradesh,BSc,IT,7.75,6.3,UK,Data Science,2443876,Yes,Referral,Visa,Rahul Singh,2024-06-25,2024-07-23,Converted,99,Low,99,UK,Partial Scholarship
ST3765,Qarin Samra,Male,26,Mumbai,Maharashtra,BA,Finance,7.78,6.0,Canada,Cyber Security,3430701,Yes,WhatsApp,Visa,Amit Verma,2025-12-05,2026-01-15,Converted,83,Low,82,Canada,Partial Scholarship
ST3766,Falan Padmanabhan,Male,28,Hyderabad,Telangana,BCom,ECE,8.03,8.4,Australia,Data Science,1194650,Yes,WhatsApp,Counseling,Priya Sharma,2026-04-24,2026-06-03,Active,99,Low,99,Germany,Partial Scholarship
ST3767,Yashawini Saini,Female,20,Mumbai,Maharashtra,BSc,ECE,6.17,5.9,Germany,Cyber Security,932562,No,Seminar,Application,Rahul Singh,2026-05-16,2026-06-14,Dropped,47,High,55,Germany,Not Eligible
ST3768,Agastya Goyal,Female,28,Mumbai,Maharashtra,BSc,Mechanical,6.26,7.4,Canada,Business Analytics,3286023,No,Instagram,Application,Priya Sharma,2025-10-14,2026-01-10,Active,81,Low,81,Canada,Not Eligible
ST3769,Harinakshi Baria,Male,19,Chennai,Tamil Nadu,BSc,Mechanical,8.24,7.9,Canada,Artificial Intelligence,2575695,Yes,Website,Contacted,Rahul Singh,2025-05-05,2025-07-23,Dropped,99,Low,100,Canada,Partial Scholarship
ST3770,Oliver Iyengar,Female,19,Bhopal,Madhya Pradesh,BSc,Marketing,8.42,6.9,Germany,Cyber Security,1411633,Yes,Instagram,Documents,Priya Sharma,2025-11-15,2026-01-22,Dropped,95,Low,88,Germany,Partial Scholarship
ST3771,Anamika Kannan,Female,25,Indore,Madhya Pradesh,BTech,Marketing,9.46,7.5,UK,Data Science,2642734,Yes,Website,Contacted,Priya Sharma,2025-05-03,2025-06-19,Inactive,99,Low,100,Canada,Merit Scholarship
ST3772,Oni Sen,Male,24,Chennai,Tamil Nadu,BTech,IT,8.2,5.9,Canada,Data Science,2214106,Yes,WhatsApp,Application,Rahul Singh,2025-07-19,2025-08-22,Active,83,Low,85,Canada,Partial Scholarship
ST3773,Bachittar Nagy,Male,20,Bhopal,Madhya Pradesh,BCom,Finance,9.64,6.1,Germany,Data Science,993949,Yes,Website,Application,Amit Verma,2025-12-25,2026-02-13,Dropped,82,Low,91,Germany,Merit Scholarship
ST3774,Ekapad Khosla,Female,19,Indore,Madhya Pradesh,BTech,IT,9.44,7.0,Australia,Business Analytics,1922874,Yes,WhatsApp,Visa,Sneha Jain,2025-07-25,2025-07-31,Converted,95,Low,99,Canada,Merit Scholarship
ST3775,Chanakya Sandal,Female,28,Delhi,Delhi,BTech,Mechanical,7.87,6.8,UK,MBA,3458907,No,Referral,Application,Sneha Jain,2025-12-27,2026-03-12,Inactive,99,Low,100,UK,Partial Scholarship
ST3776,Jeet Dugar,Female,27,Bhopal,Madhya Pradesh,BA,IT,8.14,5.7,UK,Data Science,2997063,No,Referral,New Lead,Rahul Singh,2026-03-07,2026-07-05,Inactive,99,Low,98,UK,Partial Scholarship
ST3777,Darpan Ram,Male,18,Bhopal,Madhya Pradesh,BTech,Finance,9.32,7.0,UK,MBA,2376284,Yes,Instagram,Contacted,Amit Verma,2026-03-19,2026-07-03,Dropped,99,Low,100,Canada,Merit Scholarship
ST3778,Vaishnavi Batta,Male,20,Delhi,Delhi,BSc,Finance,7.42,7.6,Australia,Finance,1128922,Yes,Instagram,Offer Letter,Rohit Gupta,2025-07-13,2025-10-21,Inactive,88,Low,84,Germany,Not Eligible
ST3779,Benjamin Chauhan,Male,28,Pune,Maharashtra,BA,CSE,9.61,7.5,UK,Data Science,2835156,Yes,Website,Counseling,Rohit Gupta,2025-05-28,2025-07-28,Inactive,94,Low,100,Canada,Merit Scholarship
ST3780,Praneel Ramanathan,Female,24,Chennai,Tamil Nadu,BCom,Finance,9.48,7.8,Australia,MBA,2256264,Yes,Seminar,Enrolled,Sneha Jain,2025-03-04,2025-06-06,Converted,96,Low,100,Canada,Merit Scholarship
ST3781,Jagvi Rama,Male,27,Jaipur,Rajasthan,BBA,Mechanical,7.65,6.3,Australia,Computer Science,1857876,Yes,Seminar,New Lead,Amit Verma,2025-09-29,2025-10-09,Dropped,68,Medium,73,Australia,Partial Scholarship
ST3782,Dayita Dhar,Male,26,Indore,Madhya Pradesh,BTech,Mechanical,7.9,8.1,Australia,Computer Science,2305236,No,Website,New Lead,Amit Verma,2026-03-16,2026-06-15,Active,99,Low,100,Canada,Partial Scholarship
ST3783,Samarth Dugal,Male,25,Chennai,Tamil Nadu,BCom,IT,6.32,6.8,Germany,Artificial Intelligence,1470350,Yes,Seminar,Counseling,Rohit Gupta,2025-05-05,2025-08-04,Dropped,55,Medium,65,Germany,Not Eligible
ST3784,Vivaan Balakrishnan,Female,27,Mumbai,Maharashtra,BSc,Mechanical,9.69,5.5,UK,Artificial Intelligence,3042350,Yes,Referral,Offer Letter,Sneha Jain,2026-03-13,2026-05-27,Active,99,Low,100,UK,Merit Scholarship
ST3785,Samaksh Subramanian,Female,19,Bangalore,Karnataka,BTech,Finance,7.05,6.7,Australia,Finance,3276500,Yes,WhatsApp,Application,Sneha Jain,2024-10-01,2024-10-10,Inactive,80,Low,82,Australia,Not Eligible
ST3786,Amruta Yadav,Male,20,Ahmedabad,Gujarat,BBA,IT,6.36,7.1,UK,Cyber Security,1802983,No,Referral,Counseling,Amit Verma,2025-05-25,2025-06-10,Active,74,Low,83,Canada,Not Eligible
ST3787,Ira Bhatti,Male,28,Ahmedabad,Gujarat,BCom,Mechanical,9.54,5.7,Australia,Computer Science,3356592,Yes,Website,Application,Amit Verma,2024-10-24,2024-12-25,Inactive,99,Low,97,Australia,Merit Scholarship
ST3788,Janani Nayar,Male,23,Indore,Madhya Pradesh,BBA,Mechanical,9.0,8.2,Canada,Business Analytics,1929157,Yes,WhatsApp,Documents,Amit Verma,2025-06-25,2025-08-18,Inactive,96,Low,100,Canada,Merit Scholarship
ST3789,Gaurangi Sawhney,Female,24,Hyderabad,Telangana,BBA,Marketing,8.88,7.0,USA,MBA,3172845,Yes,Referral,Contacted,Rohit Gupta,2025-07-17,2025-10-20,Dropped,99,Low,100,Canada,Merit Scholarship
ST3790,Baghyawati Sahota,Male,18,Chennai,Tamil Nadu,BTech,Marketing,8.9,7.7,Australia,Finance,917075,Yes,WhatsApp,Offer Letter,Sneha Jain,2024-09-10,2024-09-27,Inactive,91,Low,100,Germany,Merit Scholarship
ST3791,Omkaar Batra,Male,24,Chennai,Tamil Nadu,BBA,Biotechnology,7.87,6.3,UK,Computer Science,2487209,Yes,Seminar,Application,Rahul Singh,2025-09-12,2025-12-02,Inactive,87,Low,85,UK,Partial Scholarship
ST3792,Indali Subramaniam,Female,22,Bangalore,Karnataka,BA,ECE,9.16,8.2,UK,MBA,1017861,Yes,Website,Application,Sneha Jain,2024-07-31,2024-11-13,Dropped,96,Low,100,Germany,Merit Scholarship
ST3793,Ayush Rastogi,Male,24,Chennai,Tamil Nadu,BTech,CSE,9.6,6.3,Canada,Finance,3468717,Yes,Website,Contacted,Sneha Jain,2024-10-25,2024-12-22,Dropped,99,Low,100,Canada,Merit Scholarship
ST3794,Lila Kala,Female,24,Jaipur,Rajasthan,BCom,ECE,8.32,8.3,UK,Business Analytics,3490791,No,Referral,Counseling,Sneha Jain,2024-09-01,2024-11-21,Active,99,Low,100,Canada,Partial Scholarship
ST3795,Triya Goda,Male,28,Jaipur,Rajasthan,BBA,IT,7.72,6.8,UK,MBA,3257423,Yes,Instagram,Enrolled,Priya Sharma,2025-10-27,2025-11-19,Converted,80,Low,89,UK,Partial Scholarship
ST3796,Charvi Bains,Female,20,Bangalore,Karnataka,BA,CSE,9.04,6.1,Canada,Artificial Intelligence,1695245,Yes,Referral,Enrolled,Rohit Gupta,2024-06-12,2024-07-02,Converted,99,Low,100,Canada,Merit Scholarship
ST3797,Sarthak Handa,Male,22,Mumbai,Maharashtra,BBA,Marketing,6.77,7.8,Australia,Computer Science,1492502,Yes,Instagram,Documents,Sneha Jain,2026-05-30,2026-08-10,Inactive,71,Low,80,Germany,Not Eligible
ST3798,Nidhi Balay,Male,22,Ahmedabad,Gujarat,BSc,Finance,8.46,5.6,Canada,MBA,994379,No,Website,Contacted,Rahul Singh,2025-10-05,2025-12-30,Active,78,Medium,74,Germany,Partial Scholarship
ST3799,Gopal Sandhu,Male,19,Bangalore,Karnataka,BA,Biotechnology,6.1,6.9,Australia,Data Science,1889367,Yes,Instagram,Enrolled,Sneha Jain,2026-05-05,2026-06-28,Converted,66,Medium,64,Australia,Not Eligible
ST3800,Urmi Kala,Male,18,Bhopal,Madhya Pradesh,BA,Finance,6.18,8.0,Australia,Cyber Security,1895506,No,Referral,Contacted,Rohit Gupta,2025-08-07,2025-09-28,Inactive,89,Low,91,Canada,Not Eligible
ST3801,Xalak Narain,Female,26,Bangalore,Karnataka,BTech,Marketing,9.38,7.0,Germany,MBA,862391,Yes,Seminar,Enrolled,Sneha Jain,2025-05-15,2025-08-23,Converted,93,Low,98,Germany,Merit Scholarship
ST3802,Vritti Maharaj,Male,28,Pune,Maharashtra,BCom,Finance,9.16,6.1,Germany,Business Analytics,1251086,Yes,Seminar,Counseling,Amit Verma,2026-03-23,2026-06-30,Inactive,86,Low,86,Germany,Merit Scholarship
ST3803,Ekta Tata,Male,18,Hyderabad,Telangana,BA,Finance,6.59,6.2,Canada,MBA,2704870,Yes,Seminar,Application,Rahul Singh,2025-01-20,2025-04-07,Inactive,62,Medium,72,Canada,Not Eligible
ST3804,Eta Sharaf,Male,24,Chennai,Tamil Nadu,BA,Finance,6.24,5.8,UK,Finance,1790744,No,Website,Visa,Priya Sharma,2025-12-04,2026-02-24,Converted,54,High,54,UK,Not Eligible
ST3805,Qasim Gola,Female,28,Pune,Maharashtra,BBA,IT,6.04,8.3,Canada,MBA,1944680,No,Seminar,Offer Letter,Amit Verma,2025-12-31,2026-03-10,Inactive,73,Medium,78,Canada,Not Eligible
ST3806,Divya Mallick,Female,26,Bhopal,Madhya Pradesh,BBA,Mechanical,8.43,7.1,Canada,Data Science,3255101,Yes,Referral,New Lead,Rohit Gupta,2026-03-03,2026-03-04,Active,99,Low,100,Canada,Partial Scholarship
ST3807,Jagvi Solanki,Female,28,Pune,Maharashtra,BBA,Biotechnology,7.24,6.7,Australia,Artificial Intelligence,3474344,Yes,WhatsApp,New Lead,Rahul Singh,2024-06-07,2024-06-19,Active,82,Low,84,Australia,Not Eligible
ST3808,Tara Shan,Male,18,Mumbai,Maharashtra,BSc,ECE,7.41,7.2,Canada,Business Analytics,3368777,No,Seminar,Contacted,Rohit Gupta,2025-08-25,2025-10-25,Inactive,88,Low,91,Canada,Not Eligible
ST3809,Aarini Sibal,Male,20,Hyderabad,Telangana,BTech,Marketing,7.72,7.4,UK,Finance,1664645,No,Website,Visa,Rahul Singh,2026-04-06,2026-07-17,Active,79,Low,86,Canada,Partial Scholarship
ST3810,Ranbir Zacharia,Female,20,Pune,Maharashtra,BSc,Biotechnology,9.62,7.8,Canada,Data Science,2761385,Yes,Seminar,Documents,Rohit Gupta,2025-07-06,2025-09-06,Inactive,99,Low,100,Canada,Merit Scholarship
ST3811,Matthew Rau,Female,20,Ahmedabad,Gujarat,BTech,Marketing,7.75,5.9,Germany,Data Science,1141519,No,Website,Contacted,Priya Sharma,2025-08-28,2025-09-15,Active,65,Medium,71,Germany,Partial Scholarship
ST3812,Caleb Dutta,Female,27,Ahmedabad,Gujarat,BA,Mechanical,7.7,7.9,UK,Artificial Intelligence,2361943,No,WhatsApp,Application,Rohit Gupta,2026-01-27,2026-03-27,Active,91,Low,100,Canada,Partial Scholarship
ST3813,Odika Agate,Female,24,Jaipur,Rajasthan,BTech,Mechanical,7.97,7.0,UK,Data Science,1740025,No,Instagram,Application,Priya Sharma,2026-03-28,2026-05-26,Active,76,Low,84,Canada,Partial Scholarship
ST3814,Jack Mannan,Male,27,Mumbai,Maharashtra,BSc,CSE,7.49,7.6,Australia,Cyber Security,968409,Yes,WhatsApp,Enrolled,Priya Sharma,2025-10-29,2025-12-16,Converted,92,Low,84,Germany,Not Eligible
ST3815,Deepa Patel,Female,20,Bhopal,Madhya Pradesh,BSc,IT,6.52,5.9,Germany,MBA,1416913,No,WhatsApp,Documents,Sneha Jain,2025-09-15,2025-11-06,Active,49,High,59,Germany,Not Eligible
ST3816,Yahvi Rau,Female,26,Indore,Madhya Pradesh,BSc,Marketing,6.04,8.0,UK,Cyber Security,1273035,Yes,Website,Contacted,Rahul Singh,2024-07-18,2024-07-31,Dropped,71,Medium,75,Germany,Not Eligible
ST3817,Yash Krish,Female,26,Bangalore,Karnataka,BSc,IT,9.51,6.2,UK,Data Science,2297651,Yes,WhatsApp,Application,Sneha Jain,2025-05-09,2025-05-10,Dropped,99,Low,100,UK,Merit Scholarship
ST3818,Ekanta Maharaj,Female,20,Hyderabad,Telangana,BBA,Mechanical,7.44,7.0,Germany,Cyber Security,1036892,Yes,Website,Contacted,Priya Sharma,2025-05-07,2025-08-09,Dropped,81,Medium,79,Germany,Not Eligible
ST3819,Gavin Pandit,Male,19,Bangalore,Karnataka,BBA,Biotechnology,8.9,7.7,Canada,Business Analytics,2920883,Yes,Seminar,Counseling,Amit Verma,2025-01-07,2025-03-07,Dropped,99,Low,100,Canada,Merit Scholarship
ST3820,Rachita Grover,Female,24,Delhi,Delhi,BSc,IT,6.69,6.7,Australia,MBA,2572080,Yes,WhatsApp,Counseling,Rahul Singh,2025-03-09,2025-05-18,Active,85,Medium,78,Australia,Not Eligible
ST3821,Tarak Bhalla,Female,26,Ahmedabad,Gujarat,BBA,Biotechnology,8.21,7.9,Australia,MBA,1163659,No,Seminar,Counseling,Rahul Singh,2026-05-21,2026-06-26,Inactive,97,Low,96,Germany,Partial Scholarship
ST3822,Ansh Boase,Female,23,Delhi,Delhi,BTech,IT,9.72,6.6,Canada,Artificial Intelligence,3427815,Yes,WhatsApp,Application,Amit Verma,2026-04-02,2026-07-06,Dropped,97,Low,100,Canada,Merit Scholarship
ST3823,Priya Naik,Female,18,Ahmedabad,Gujarat,BBA,Mechanical,6.62,7.6,UK,Business Analytics,1887381,Yes,Instagram,Offer Letter,Sneha Jain,2024-06-19,2024-07-24,Inactive,79,Medium,76,Canada,Not Eligible
ST3824,Nisha Varty,Female,18,Mumbai,Maharashtra,BCom,ECE,9.29,7.7,Canada,Data Science,3464399,Yes,Website,New Lead,Amit Verma,2024-07-16,2024-10-21,Dropped,99,Low,100,Canada,Merit Scholarship
ST3825,Anmol Minhas,Female,20,Hyderabad,Telangana,BSc,CSE,9.31,5.9,UK,Artificial Intelligence,2160357,Yes,Referral,Contacted,Rohit Gupta,2025-01-28,2025-03-08,Active,99,Low,100,UK,Merit Scholarship
ST3826,Aachal Kulkarni,Male,24,Delhi,Delhi,BTech,CSE,6.22,8.4,Canada,Cyber Security,3025168,Yes,Seminar,New Lead,Amit Verma,2026-02-16,2026-04-04,Dropped,99,Low,91,Canada,Not Eligible
ST3827,Ayaan Krish,Female,22,Hyderabad,Telangana,BA,Finance,7.62,6.7,Germany,Computer Science,981530,No,WhatsApp,Enrolled,Amit Verma,2024-10-26,2024-11-06,Converted,69,Medium,78,Germany,Partial Scholarship
ST3828,Isaac Goda,Male,19,Bhopal,Madhya Pradesh,BA,CSE,7.84,6.9,Germany,Business Analytics,1186061,Yes,Referral,Documents,Amit Verma,2026-03-10,2026-06-25,Active,90,Low,97,Germany,Partial Scholarship
ST3829,Qasim Soni,Female,18,Hyderabad,Telangana,BBA,Finance,8.41,6.0,Australia,Computer Science,1574429,No,Referral,New Lead,Sneha Jain,2026-03-12,2026-06-27,Active,84,Low,94,Australia,Partial Scholarship
ST3830,Manthan Kashyap,Male,27,Mumbai,Maharashtra,BBA,Finance,6.59,6.5,Australia,Artificial Intelligence,1776636,Yes,Referral,New Lead,Rahul Singh,2024-07-23,2024-11-07,Active,89,Low,80,Australia,Not Eligible
ST3831,Atharv D’Alia,Female,25,Jaipur,Rajasthan,BA,Marketing,6.21,6.6,Canada,MBA,2376554,Yes,Website,New Lead,Amit Verma,2025-08-23,2025-10-12,Dropped,69,Medium,72,Canada,Not Eligible
ST3832,Mitesh Dass,Female,20,Ahmedabad,Gujarat,BSc,Biotechnology,9.52,8.3,Canada,MBA,1539844,Yes,WhatsApp,Contacted,Amit Verma,2024-12-27,2025-01-13,Active,98,Low,100,Canada,Merit Scholarship
ST3833,Jack Devi,Female,23,Ahmedabad,Gujarat,BSc,Marketing,8.96,6.9,UK,Artificial Intelligence,3167391,Yes,Website,Visa,Priya Sharma,2026-02-06,2026-05-03,Converted,90,Low,100,UK,Merit Scholarship
ST3834,Noah Chaudhary,Female,25,Pune,Maharashtra,BCom,ECE,6.41,8.3,Australia,Computer Science,2006850,No,Referral,Contacted,Amit Verma,2025-05-15,2025-05-17,Active,99,Low,100,Canada,Not Eligible
ST3835,Banjeet Devan,Male,18,Hyderabad,Telangana,BCom,IT,9.18,6.5,USA,MBA,3011229,Yes,Referral,Visa,Sneha Jain,2025-06-03,2025-09-09,Active,97,Low,100,USA,Merit Scholarship
ST3836,Ekanta Loke,Female,23,Pune,Maharashtra,BBA,Finance,9.37,5.5,Canada,MBA,806075,Yes,Referral,Visa,Rahul Singh,2024-11-15,2024-12-03,Converted,96,Low,98,Germany,Merit Scholarship
ST3837,Jagat Ghose,Male,19,Pune,Maharashtra,BBA,Finance,6.97,6.1,Germany,Cyber Security,840234,No,Instagram,Application,Amit Verma,2024-06-28,2024-10-10,Dropped,65,Medium,64,Germany,Not Eligible
ST3838,Ijaya D’Alia,Male,20,Jaipur,Rajasthan,BCom,Mechanical,8.39,8.2,Canada,Finance,2144693,No,Referral,Contacted,Amit Verma,2025-06-30,2025-07-24,Dropped,99,Low,100,Canada,Partial Scholarship
ST3839,Vansha Sharma,Female,20,Pune,Maharashtra,BCom,Finance,7.94,6.9,Australia,Cyber Security,2053618,Yes,WhatsApp,Enrolled,Rahul Singh,2026-03-02,2026-03-10,Converted,83,Low,93,Australia,Partial Scholarship
ST3840,Hemang Sahota,Male,21,Bhopal,Madhya Pradesh,BTech,IT,7.15,8.1,UK,Finance,1619186,No,WhatsApp,Application,Rahul Singh,2025-02-18,2025-03-29,Active,83,Low,86,Canada,Not Eligible
ST3841,Akshay Nigam,Male,28,Indore,Madhya Pradesh,BTech,Mechanical,9.37,7.3,UK,Computer Science,2474956,Yes,Instagram,Enrolled,Rahul Singh,2026-05-16,2026-05-27,Converted,99,Low,100,Canada,Merit Scholarship
ST3842,Ira Mitter,Female,25,Hyderabad,Telangana,BSc,CSE,9.8,5.8,Australia,Cyber Security,1621404,Yes,Referral,Enrolled,Rahul Singh,2026-04-26,2026-07-25,Converted,91,Low,100,Australia,Merit Scholarship
ST3843,Ronith Kumar,Male,20,Pune,Maharashtra,BA,Mechanical,6.75,6.1,Australia,Computer Science,1787773,Yes,Website,Application,Amit Verma,2025-12-08,2026-02-10,Active,56,Medium,62,Australia,Not Eligible
ST3844,Watika Iyer,Male,19,Indore,Madhya Pradesh,BCom,CSE,6.51,7.4,Germany,Data Science,1344604,No,Referral,Application,Sneha Jain,2026-04-03,2026-04-28,Dropped,79,Low,89,Germany,Not Eligible
ST3845,Ishanvi Chana,Male,25,Delhi,Delhi,BTech,ECE,6.88,7.4,USA,Finance,2598580,No,Referral,Offer Letter,Amit Verma,2024-10-03,2024-11-15,Active,99,Low,100,Canada,Not Eligible
ST3846,Devika Sem,Male,27,Bangalore,Karnataka,BBA,Mechanical,8.0,7.0,Germany,Cyber Security,865293,No,Website,Enrolled,Rahul Singh,2025-08-23,2025-12-10,Converted,88,Low,85,Germany,Partial Scholarship
ST3847,Ronith Sura,Female,21,Jaipur,Rajasthan,BBA,CSE,7.63,7.6,UK,Cyber Security,2916005,Yes,Instagram,Application,Amit Verma,2025-06-22,2025-08-11,Dropped,90,Low,96,Canada,Partial Scholarship
ST3848,Nisha Saini,Male,27,Jaipur,Rajasthan,BBA,IT,9.75,7.9,Australia,Artificial Intelligence,958368,Yes,WhatsApp,Documents,Sneha Jain,2024-08-04,2024-10-17,Active,99,Low,100,Germany,Merit Scholarship
ST3849,Omya Patil,Female,28,Delhi,Delhi,BBA,Biotechnology,8.52,7.5,Canada,MBA,1490254,Yes,Seminar,Contacted,Rohit Gupta,2024-06-08,2024-06-28,Active,93,Low,95,Germany,Merit Scholarship
ST3850,Banjeet Basu,Male,20,Indore,Madhya Pradesh,BSc,Mechanical,6.08,7.5,UK,MBA,2174429,No,WhatsApp,Counseling,Amit Verma,2025-07-18,2025-10-21,Active,70,Low,80,Canada,Not Eligible
ST3851,Lucky Bal,Female,28,Delhi,Delhi,BA,Marketing,7.99,6.0,Australia,Computer Science,2437729,Yes,Website,Application,Priya Sharma,2024-06-23,2024-10-06,Active,88,Low,84,Australia,Partial Scholarship
ST3852,Raagini Ghose,Male,18,Pune,Maharashtra,BSc,ECE,8.35,7.7,UK,Business Analytics,2620563,No,Website,Documents,Amit Verma,2024-08-15,2024-10-02,Dropped,99,Low,100,Canada,Partial Scholarship
ST3853,Veda Mittal,Female,18,Bhopal,Madhya Pradesh,BCom,IT,8.85,5.9,Australia,Data Science,3046464,Yes,Referral,Visa,Rohit Gupta,2025-08-28,2025-10-13,Converted,91,Low,100,Australia,Merit Scholarship
ST3854,Unnati Mahajan,Male,20,Delhi,Delhi,BCom,ECE,9.69,8.1,Australia,Cyber Security,2141813,Yes,Seminar,Offer Letter,Sneha Jain,2024-12-08,2024-12-09,Dropped,99,Low,100,Canada,Merit Scholarship
ST3855,Niharika Ahluwalia,Male,19,Delhi,Delhi,BCom,Biotechnology,8.95,5.9,Australia,Data Science,2011543,Yes,Referral,Counseling,Rahul Singh,2024-12-08,2025-03-10,Inactive,99,Low,100,Australia,Merit Scholarship
ST3856,Farhan Goda,Male,28,Pune,Maharashtra,BBA,Biotechnology,6.89,7.8,Canada,Cyber Security,1749342,Yes,Instagram,New Lead,Rahul Singh,2026-03-15,2026-05-02,Inactive,85,Low,81,Canada,Not Eligible
ST3857,Ijaya Bajaj,Female,18,Ahmedabad,Gujarat,BCom,Marketing,8.51,8.4,Canada,Business Analytics,2492190,Yes,Instagram,Offer Letter,Rohit Gupta,2026-03-21,2026-04-17,Dropped,99,Low,100,Canada,Merit Scholarship
ST3858,Vanya Subramaniam,Male,24,Bangalore,Karnataka,BA,Mechanical,6.38,7.8,Canada,Computer Science,1068979,Yes,Referral,Offer Letter,Priya Sharma,2024-06-02,2024-09-10,Inactive,98,Low,91,Germany,Not Eligible
ST3859,Chanchal Ramakrishnan,Male,23,Ahmedabad,Gujarat,BA,Mechanical,7.4,6.3,Canada,Artificial Intelligence,2631129,No,Website,Offer Letter,Rahul Singh,2024-10-29,2025-02-06,Active,90,Low,81,Canada,Not Eligible
ST3860,Neha Mistry,Female,21,Indore,Madhya Pradesh,BSc,Finance,8.19,5.8,UK,Data Science,3252768,No,Instagram,Application,Rahul Singh,2025-04-25,2025-07-17,Active,87,Low,83,UK,Partial Scholarship
ST3861,Sneha Mani,Female,22,Bangalore,Karnataka,BA,Marketing,9.56,6.7,Germany,Finance,983669,Yes,WhatsApp,Application,Rahul Singh,2024-08-24,2024-11-09,Inactive,92,Low,97,Germany,Merit Scholarship
ST3862,Bhavika Pandya,Male,25,Bangalore,Karnataka,BTech,Finance,8.49,7.7,Canada,MBA,2370456,No,Referral,Offer Letter,Rohit Gupta,2024-08-03,2024-10-23,Dropped,96,Low,100,Canada,Partial Scholarship
ST3863,Bakhshi Grewal,Male,22,Mumbai,Maharashtra,BSc,IT,6.58,6.3,USA,Artificial Intelligence,3260008,No,Website,Counseling,Rohit Gupta,2025-06-10,2025-09-23,Dropped,75,Medium,72,USA,Not Eligible
ST3864,Ekiya Morar,Male,22,Pune,Maharashtra,BTech,Biotechnology,8.47,6.2,Australia,MBA,2321037,No,Referral,Application,Priya Sharma,2024-08-13,2024-09-12,Active,92,Low,100,Australia,Partial Scholarship
ST3865,Vanya Parmar,Female,21,Ahmedabad,Gujarat,BCom,Finance,9.47,8.3,Canada,Finance,3279846,Yes,Instagram,Documents,Priya Sharma,2025-03-14,2025-04-27,Inactive,99,Low,100,Canada,Merit Scholarship
ST3866,Brinda Shroff,Female,18,Pune,Maharashtra,BSc,Biotechnology,6.8,5.5,Australia,MBA,3479506,No,Seminar,Application,Amit Verma,2025-03-22,2025-07-16,Inactive,57,Medium,67,Australia,Not Eligible
ST3867,Banjeet Sura,Female,21,Bhopal,Madhya Pradesh,BCom,Finance,9.08,6.4,Canada,Business Analytics,1819989,Yes,Instagram,Contacted,Priya Sharma,2024-06-25,2024-08-25,Dropped,83,Low,89,Canada,Merit Scholarship
ST3868,Bhanumati Dar,Female,23,Delhi,Delhi,BBA,ECE,8.14,6.7,Germany,Cyber Security,850088,No,Referral,New Lead,Rahul Singh,2025-06-29,2025-09-13,Dropped,99,Low,98,Germany,Partial Scholarship
ST3869,Falan Sarraf,Female,23,Bhopal,Madhya Pradesh,BBA,ECE,8.32,5.7,USA,Artificial Intelligence,2549485,No,WhatsApp,Counseling,Rohit Gupta,2025-05-22,2025-08-12,Inactive,79,Low,85,USA,Partial Scholarship
ST3870,Chakradhar Kulkarni,Male,27,Mumbai,Maharashtra,BBA,ECE,6.15,6.2,UK,Data Science,2200485,No,Seminar,Application,Priya Sharma,2025-07-12,2025-10-18,Inactive,65,Medium,68,UK,Not Eligible
ST3871,Hamsini Mahajan,Female,27,Bhopal,Madhya Pradesh,BSc,IT,8.62,6.5,Australia,MBA,3136871,Yes,Website,Counseling,Amit Verma,2024-12-24,2025-01-09,Dropped,98,Low,96,Australia,Merit Scholarship
ST3872,Daksh Bedi,Female,20,Delhi,Delhi,BCom,Marketing,6.72,7.0,Germany,MBA,973279,Yes,Website,New Lead,Sneha Jain,2025-08-15,2025-08-28,Dropped,78,Medium,72,Germany,Not Eligible
ST3873,Siddharth Walia,Female,26,Chennai,Tamil Nadu,BCom,Finance,6.74,6.7,Germany,Finance,1422993,Yes,Seminar,Application,Priya Sharma,2026-02-06,2026-02-16,Active,76,Medium,69,Germany,Not Eligible
ST3874,Rishi Amble,Female,25,Jaipur,Rajasthan,BCom,Mechanical,9.54,6.2,Australia,Computer Science,2709607,Yes,Referral,New Lead,Rohit Gupta,2026-03-16,2026-04-23,Active,99,Low,100,Australia,Merit Scholarship
ST3875,Jairaj Sarna,Male,20,Jaipur,Rajasthan,BCom,ECE,8.82,7.0,Australia,Finance,1506018,Yes,Seminar,Visa,Priya Sharma,2024-10-13,2024-12-11,Active,85,Low,93,Canada,Merit Scholarship
ST3876,Christopher Tailor,Male,25,Pune,Maharashtra,BCom,IT,7.58,7.3,Canada,Business Analytics,2511312,No,Instagram,Documents,Priya Sharma,2025-09-07,2025-10-21,Active,95,Low,93,Canada,Partial Scholarship
ST3877,Ekbal Wali,Female,25,Indore,Madhya Pradesh,BBA,Biotechnology,7.14,7.1,Australia,Finance,3308436,Yes,Seminar,Visa,Rahul Singh,2026-04-22,2026-08-18,Converted,84,Low,86,Canada,Not Eligible
ST3878,Ekaraj Barman,Female,18,Mumbai,Maharashtra,BCom,Finance,8.61,6.5,Canada,Artificial Intelligence,2084066,Yes,Seminar,Documents,Priya Sharma,2026-05-15,2026-07-26,Active,87,Low,96,Canada,Merit Scholarship
ST3879,Girik Samra,Male,24,Chennai,Tamil Nadu,BSc,Mechanical,8.27,8.5,Australia,Artificial Intelligence,1198329,Yes,Referral,Application,Amit Verma,2026-01-11,2026-02-12,Dropped,92,Low,100,Germany,Partial Scholarship
ST3880,Raagini Parmar,Female,27,Pune,Maharashtra,BA,CSE,7.15,6.4,UK,Artificial Intelligence,3444004,No,WhatsApp,Offer Letter,Priya Sharma,2024-06-13,2024-07-20,Inactive,78,Low,80,UK,Not Eligible
ST3881,Janya Soni,Female,19,Ahmedabad,Gujarat,BSc,ECE,8.23,6.9,Germany,Computer Science,997195,No,Referral,Documents,Rohit Gupta,2025-01-24,2025-05-17,Inactive,99,Low,100,Germany,Partial Scholarship
ST3882,Rayaan Wagle,Female,23,Indore,Madhya Pradesh,BSc,Mechanical,8.72,6.3,Canada,Computer Science,2931735,Yes,Referral,Documents,Rahul Singh,2025-06-03,2025-08-04,Active,99,Low,100,Canada,Merit Scholarship
ST3883,Yamini Bhatt,Female,21,Jaipur,Rajasthan,BCom,Mechanical,8.73,8.4,Australia,Finance,2325816,Yes,Instagram,Documents,Priya Sharma,2024-11-14,2025-01-30,Inactive,99,Low,100,Canada,Merit Scholarship
ST3884,Krisha Narayan,Male,19,Bhopal,Madhya Pradesh,BSc,Mechanical,8.51,6.0,Canada,Data Science,2116354,Yes,WhatsApp,Counseling,Rohit Gupta,2025-12-06,2026-03-10,Active,99,Low,90,Canada,Merit Scholarship
ST3885,Rehaan Kothari,Male,21,Indore,Madhya Pradesh,BA,Marketing,8.02,8.0,UK,Computer Science,2781198,No,WhatsApp,Counseling,Priya Sharma,2025-03-10,2025-04-08,Inactive,97,Low,100,Canada,Partial Scholarship
ST3886,Lucky Narang,Male,27,Jaipur,Rajasthan,BCom,Biotechnology,8.13,7.8,Australia,Business Analytics,2047290,Yes,Seminar,Visa,Rahul Singh,2026-01-25,2026-04-03,Converted,99,Low,100,Canada,Partial Scholarship
ST3887,Jatin Toor,Male,25,Hyderabad,Telangana,BBA,Marketing,7.43,7.6,UK,Artificial Intelligence,2732398,Yes,Seminar,Counseling,Rohit Gupta,2024-12-07,2025-03-14,Inactive,87,Low,94,Canada,Not Eligible
ST3888,Adweta Khalsa,Female,22,Indore,Madhya Pradesh,BBA,CSE,6.24,6.2,UK,Computer Science,3366041,No,WhatsApp,Visa,Priya Sharma,2025-07-16,2025-07-26,Active,68,Medium,69,UK,Not Eligible
ST3889,Wyatt Krish,Female,20,Pune,Maharashtra,BCom,IT,7.66,6.1,Germany,Computer Science,1130227,Yes,Instagram,Documents,Amit Verma,2026-03-19,2026-06-09,Dropped,65,Medium,71,Germany,Partial Scholarship
ST3890,Nirja Nagy,Female,19,Indore,Madhya Pradesh,BA,Finance,6.84,7.2,Germany,Business Analytics,1328013,No,Website,Contacted,Priya Sharma,2025-06-09,2025-09-23,Inactive,85,Medium,75,Germany,Not Eligible
ST3891,Darpan Gara,Female,27,Ahmedabad,Gujarat,BSc,Mechanical,7.74,7.2,Australia,Data Science,2202900,No,Instagram,Contacted,Rohit Gupta,2024-11-22,2024-12-13,Inactive,99,Low,94,Canada,Partial Scholarship
ST3892,Harshil Sha,Male,21,Hyderabad,Telangana,BA,IT,6.07,6.1,Canada,Business Analytics,1546351,No,WhatsApp,Counseling,Amit Verma,2025-08-10,2025-08-30,Active,59,High,55,Canada,Not Eligible
ST3893,Rajeshri Warrior,Female,25,Jaipur,Rajasthan,BCom,Marketing,8.53,6.9,Canada,Data Science,2002367,Yes,Referral,Application,Rahul Singh,2026-04-29,2026-08-19,Active,99,Low,100,Canada,Merit Scholarship
ST3894,Eiravati Rana,Male,25,Pune,Maharashtra,BA,Finance,8.43,8.4,Canada,Finance,1170271,No,Referral,Offer Letter,Sneha Jain,2024-09-09,2024-10-16,Dropped,99,Low,100,Germany,Partial Scholarship
ST3895,Samuel Om,Male,24,Delhi,Delhi,BTech,Biotechnology,8.33,5.7,Germany,Computer Science,1189158,Yes,Instagram,Application,Priya Sharma,2025-05-27,2025-09-07,Active,68,Medium,75,Germany,Partial Scholarship
ST3896,Ikbal Kothari,Female,26,Pune,Maharashtra,BCom,Mechanical,6.58,6.8,Germany,Business Analytics,889166,Yes,Website,Enrolled,Rahul Singh,2026-02-04,2026-04-14,Converted,77,Medium,67,Germany,Not Eligible
ST3897,Samaksh Lad,Male,27,Hyderabad,Telangana,BCom,CSE,9.73,7.1,Australia,MBA,3486083,Yes,Seminar,Application,Priya Sharma,2025-08-30,2025-11-24,Active,99,Low,100,Canada,Merit Scholarship
ST3898,Saumya Choudhary,Male,22,Hyderabad,Telangana,BCom,Mechanical,6.67,8.0,Australia,Artificial Intelligence,1830739,Yes,Referral,New Lead,Rahul Singh,2026-04-25,2026-05-19,Active,99,Low,96,Canada,Not Eligible
ST3899,Farhan Parekh,Female,19,Bhopal,Madhya Pradesh,BSc,ECE,8.91,6.3,Australia,Finance,2383910,Yes,Seminar,Documents,Rohit Gupta,2024-08-11,2024-09-17,Active,90,Low,96,Australia,Merit Scholarship
ST3900,Ekta Bobal,Female,27,Bangalore,Karnataka,BTech,ECE,6.0,6.1,Canada,Computer Science,3383580,Yes,WhatsApp,Contacted,Amit Verma,2026-05-08,2026-08-07,Active,70,Medium,65,Canada,Not Eligible
ST3901,Jonathan Padmanabhan,Female,21,Bangalore,Karnataka,BTech,Mechanical,6.11,7.4,Australia,Computer Science,3205208,Yes,WhatsApp,Contacted,Rohit Gupta,2025-07-20,2025-09-29,Dropped,79,Low,80,Canada,Not Eligible
ST3902,Owen Kala,Male,18,Hyderabad,Telangana,BTech,CSE,6.14,6.0,Canada,Computer Science,2312923,Yes,WhatsApp,Counseling,Sneha Jain,2025-04-20,2025-08-18,Dropped,75,Medium,66,Canada,Not Eligible
ST3903,Mohammed Sama,Male,20,Bhopal,Madhya Pradesh,BTech,Marketing,6.06,7.6,UK,Business Analytics,2060349,Yes,WhatsApp,Enrolled,Rohit Gupta,2025-01-23,2025-02-03,Converted,78,Low,80,Canada,Not Eligible
ST3904,Quincy Palla,Male,22,Bangalore,Karnataka,BCom,Marketing,6.46,7.5,Canada,Computer Science,2850200,Yes,WhatsApp,New Lead,Rohit Gupta,2025-06-09,2025-07-13,Dropped,88,Low,84,Canada,Not Eligible
ST3905,Charvi Patla,Female,20,Delhi,Delhi,BBA,Biotechnology,9.03,6.1,Canada,Computer Science,3376930,Yes,WhatsApp,Visa,Priya Sharma,2025-09-23,2025-12-12,Active,99,Low,95,Canada,Merit Scholarship
ST3906,Jeet Mitter,Female,28,Delhi,Delhi,BBA,Biotechnology,8.78,6.4,USA,Data Science,2865962,Yes,Seminar,Visa,Rahul Singh,2025-08-13,2025-11-26,Active,99,Low,96,USA,Merit Scholarship
ST3907,Rohan Varty,Male,24,Bhopal,Madhya Pradesh,BTech,Finance,8.42,6.3,Canada,Cyber Security,2188603,No,Seminar,Contacted,Amit Verma,2025-04-19,2025-04-26,Active,97,Low,91,Canada,Partial Scholarship
ST3908,Arin Natarajan,Female,24,Hyderabad,Telangana,BBA,Finance,7.82,8.5,UK,Data Science,3193309,No,Seminar,Application,Rahul Singh,2026-01-02,2026-02-02,Active,94,Low,100,Canada,Partial Scholarship
ST3909,Unnati Bawa,Male,28,Delhi,Delhi,BSc,Biotechnology,9.09,8.5,Australia,Data Science,1226762,Yes,WhatsApp,Counseling,Amit Verma,2026-03-15,2026-05-22,Dropped,99,Low,100,Germany,Merit Scholarship
ST3910,Zarna Sheth,Male,27,Bangalore,Karnataka,BA,CSE,7.47,7.2,UK,Business Analytics,3491532,Yes,WhatsApp,Documents,Rohit Gupta,2024-06-17,2024-08-04,Inactive,82,Low,91,Canada,Not Eligible
ST3911,Faraj Bedi,Male,26,Hyderabad,Telangana,BBA,Marketing,7.76,6.1,UK,Data Science,2760348,Yes,Instagram,Visa,Rohit Gupta,2024-11-26,2025-02-02,Active,81,Low,82,UK,Partial Scholarship
ST3912,Sanaya Lal,Male,18,Chennai,Tamil Nadu,BBA,Mechanical,8.1,6.3,UK,Finance,1942616,No,Instagram,New Lead,Priya Sharma,2025-01-24,2025-03-12,Active,78,Medium,77,UK,Partial Scholarship
ST3913,Unnati Sanghvi,Male,23,Ahmedabad,Gujarat,BA,Finance,6.49,5.8,Canada,Cyber Security,2189463,No,Referral,Application,Rahul Singh,2024-09-14,2024-09-25,Active,82,Low,81,Canada,Not Eligible
ST3914,Harshil Parmer,Female,18,Chennai,Tamil Nadu,BTech,IT,6.91,6.1,Australia,Data Science,1657673,No,Instagram,Enrolled,Rohit Gupta,2025-02-01,2025-04-11,Converted,72,Medium,64,Australia,Not Eligible
ST3915,Chakrika Chanda,Female,22,Pune,Maharashtra,BSc,Finance,8.68,5.7,Australia,Artificial Intelligence,1748387,Yes,Website,Enrolled,Rohit Gupta,2025-05-25,2025-09-14,Converted,69,Medium,78,Australia,Merit Scholarship
ST3916,Varenya Kapadia,Female,19,Jaipur,Rajasthan,BCom,Biotechnology,6.86,7.1,Canada,MBA,888098,Yes,WhatsApp,Enrolled,Rahul Singh,2024-06-25,2024-07-11,Converted,64,Medium,73,Germany,Not Eligible
ST3917,Girish Bali,Male,19,Indore,Madhya Pradesh,BBA,Biotechnology,8.98,8.3,UK,Computer Science,1965006,Yes,Referral,Application,Amit Verma,2025-07-15,2025-09-22,Dropped,97,Low,100,Canada,Merit Scholarship
ST3918,Kai Choudhry,Female,19,Indore,Madhya Pradesh,BCom,Finance,6.62,8.4,Australia,Cyber Security,1345603,No,Seminar,Offer Letter,Sneha Jain,2025-08-04,2025-10-03,Dropped,85,Low,85,Germany,Not Eligible
ST3919,Om Sule,Female,24,Bangalore,Karnataka,BBA,Marketing,7.91,6.7,UK,Computer Science,1849506,No,Seminar,Enrolled,Priya Sharma,2025-03-24,2025-05-15,Converted,91,Low,81,UK,Partial Scholarship
ST3920,Charles Bhandari,Male,20,Bangalore,Karnataka,BCom,Marketing,8.49,5.7,UK,MBA,2921182,Yes,Referral,New Lead,Rohit Gupta,2026-01-01,2026-02-17,Dropped,99,Low,100,UK,Partial Scholarship
ST3921,Kiaan Bhat,Female,23,Jaipur,Rajasthan,BCom,Finance,7.98,6.6,Australia,Data Science,1841031,Yes,WhatsApp,Counseling,Sneha Jain,2026-01-22,2026-05-05,Dropped,79,Medium,79,Australia,Partial Scholarship
ST3922,Saumya Sankaran,Female,18,Delhi,Delhi,BSc,Marketing,9.63,8.4,UK,Business Analytics,1386476,Yes,WhatsApp,Offer Letter,Amit Verma,2025-12-26,2026-03-27,Dropped,99,Low,100,Germany,Merit Scholarship
ST3923,Om Padmanabhan,Male,26,Bhopal,Madhya Pradesh,BSc,ECE,6.12,5.7,Australia,Artificial Intelligence,2466650,No,WhatsApp,New Lead,Sneha Jain,2024-08-25,2024-12-09,Active,53,Medium,63,Australia,Not Eligible
ST3924,Ekantika Bhatt,Male,28,Delhi,Delhi,BBA,Marketing,6.19,7.6,Australia,Computer Science,3059081,Yes,Website,Application,Sneha Jain,2025-12-26,2026-04-04,Inactive,86,Low,81,Canada,Not Eligible
ST3925,Ayaan Panchal,Male,26,Pune,Maharashtra,BSc,Finance,9.58,7.6,Australia,Business Analytics,3414682,Yes,Instagram,Documents,Rahul Singh,2024-06-06,2024-09-02,Active,92,Low,100,Canada,Merit Scholarship
ST3926,Akshay Bali,Male,23,Indore,Madhya Pradesh,BCom,ECE,8.3,6.2,USA,Business Analytics,3011974,No,Website,Application,Sneha Jain,2024-08-27,2024-10-29,Dropped,99,Low,90,USA,Partial Scholarship
ST3927,Saumya Tandon,Female,24,Chennai,Tamil Nadu,BCom,ECE,6.28,6.5,USA,MBA,2788883,No,Seminar,New Lead,Amit Verma,2025-07-11,2025-08-17,Active,64,Medium,72,USA,Not Eligible
ST3928,Ranbir Hora,Male,23,Pune,Maharashtra,BBA,CSE,7.33,7.5,Australia,Artificial Intelligence,1693919,Yes,Instagram,Documents,Sneha Jain,2025-02-04,2025-04-21,Dropped,88,Low,83,Canada,Not Eligible
ST3929,Frederick Gola,Male,21,Hyderabad,Telangana,BSc,Finance,7.5,6.6,UK,Computer Science,2263623,Yes,WhatsApp,Enrolled,Priya Sharma,2024-09-04,2024-11-21,Converted,84,Low,85,UK,Partial Scholarship
ST3930,Ayush Zacharia,Female,18,Ahmedabad,Gujarat,BTech,IT,6.99,7.5,UK,Data Science,1323537,Yes,Seminar,New Lead,Priya Sharma,2024-11-05,2024-12-26,Active,69,Medium,79,Germany,Not Eligible
ST3931,Waida Devi,Female,27,Hyderabad,Telangana,BTech,ECE,6.54,7.6,UK,Data Science,3351714,No,Instagram,Application,Rohit Gupta,2025-03-09,2025-04-12,Dropped,81,Low,85,Canada,Not Eligible
ST3932,Matthew Garg,Male,24,Delhi,Delhi,BBA,IT,9.05,7.7,Canada,Data Science,1052654,Yes,Seminar,Documents,Rahul Singh,2024-12-22,2025-04-13,Dropped,92,Low,100,Germany,Merit Scholarship
ST3933,Ishaan Varma,Male,27,Chennai,Tamil Nadu,BCom,Finance,6.01,6.9,UK,Data Science,3349167,No,WhatsApp,Contacted,Priya Sharma,2024-12-31,2025-03-24,Dropped,73,Medium,74,UK,Not Eligible
ST3934,Lakshit Gaba,Male,24,Bhopal,Madhya Pradesh,BTech,CSE,6.26,5.6,Australia,Computer Science,2120152,No,Website,Documents,Amit Verma,2025-12-01,2026-03-01,Dropped,69,Medium,62,Australia,Not Eligible
ST3935,Lekha Tank,Female,18,Mumbai,Maharashtra,BSc,CSE,8.68,5.7,Germany,Business Analytics,1142778,Yes,WhatsApp,Offer Letter,Sneha Jain,2024-07-01,2024-08-16,Dropped,77,Medium,78,Germany,Merit Scholarship
ST3936,Vasana Dalal,Female,22,Jaipur,Rajasthan,BBA,Mechanical,6.54,7.8,UK,Cyber Security,2376994,No,Referral,Documents,Sneha Jain,2025-05-07,2025-08-22,Inactive,99,Low,100,Canada,Not Eligible
ST3937,Balendra Shroff,Female,20,Pune,Maharashtra,BBA,Marketing,8.38,5.9,Australia,Finance,3017948,Yes,WhatsApp,Counseling,Sneha Jain,2026-04-07,2026-05-24,Dropped,89,Low,87,Australia,Partial Scholarship
ST3938,Lakshmi Bhatnagar,Female,27,Ahmedabad,Gujarat,BBA,Finance,8.74,5.9,Germany,Computer Science,890091,Yes,Referral,Offer Letter,Sneha Jain,2024-12-13,2025-01-03,Inactive,87,Low,96,Germany,Merit Scholarship
ST3939,Nicholas Biswas,Female,19,Pune,Maharashtra,BTech,Finance,6.63,6.6,UK,Business Analytics,1743016,No,WhatsApp,New Lead,Priya Sharma,2025-03-14,2025-04-10,Inactive,68,Medium,66,UK,Not Eligible
ST3940,Jacob Prakash,Male,18,Bangalore,Karnataka,BA,CSE,9.17,8.3,Canada,Cyber Security,3153137,Yes,WhatsApp,Application,Sneha Jain,2025-08-26,2025-09-04,Dropped,99,Low,100,Canada,Merit Scholarship
ST3941,Bhanumati Dani,Male,21,Hyderabad,Telangana,BSc,Mechanical,6.84,7.5,Australia,Finance,3248790,Yes,WhatsApp,Counseling,Sneha Jain,2024-08-23,2024-08-31,Active,89,Low,88,Canada,Not Eligible
ST3942,Inaya Bera,Female,20,Pune,Maharashtra,BSc,IT,9.64,7.5,Australia,Cyber Security,3428751,Yes,Referral,Visa,Rahul Singh,2024-09-11,2024-11-27,Converted,99,Low,100,Canada,Merit Scholarship
ST3943,Janaki Dass,Female,23,Jaipur,Rajasthan,BSc,Biotechnology,9.71,8.2,Canada,Artificial Intelligence,1563087,Yes,WhatsApp,New Lead,Priya Sharma,2024-07-29,2024-09-25,Inactive,96,Low,100,Canada,Merit Scholarship
ST3944,Christopher Vasa,Male,22,Hyderabad,Telangana,BSc,IT,6.18,5.8,Canada,MBA,3171742,No,Instagram,Contacted,Amit Verma,2024-12-02,2025-02-03,Active,65,Medium,63,Canada,Not Eligible
ST3945,Anita Chawla,Male,23,Mumbai,Maharashtra,BCom,Mechanical,9.35,7.9,Canada,MBA,931704,Yes,Website,Visa,Rahul Singh,2026-05-28,2026-07-20,Converted,98,Low,100,Germany,Merit Scholarship
ST3946,Darsh Mane,Male,18,Ahmedabad,Gujarat,BA,IT,8.02,6.4,Australia,Business Analytics,3374554,Yes,Instagram,Application,Amit Verma,2024-10-10,2024-12-29,Dropped,88,Low,89,Australia,Partial Scholarship
ST3947,Viraj Chana,Female,28,Mumbai,Maharashtra,BCom,ECE,7.04,7.6,Australia,Finance,1623501,Yes,Seminar,Documents,Amit Verma,2025-01-27,2025-05-21,Active,89,Low,80,Canada,Not Eligible
ST3948,Gaurang Barad,Female,27,Hyderabad,Telangana,BCom,Biotechnology,6.15,8.2,Canada,Computer Science,2756956,Yes,Seminar,Application,Rahul Singh,2024-09-25,2024-11-29,Active,91,Low,87,Canada,Not Eligible
ST3949,Jonathan Doctor,Female,26,Delhi,Delhi,BSc,Biotechnology,8.25,6.5,Australia,Business Analytics,3069480,No,Instagram,Offer Letter,Rohit Gupta,2025-12-31,2026-03-23,Dropped,89,Low,92,Australia,Partial Scholarship
ST3950,Falguni Vala,Male,28,Ahmedabad,Gujarat,BSc,Biotechnology,7.74,6.7,Germany,Cyber Security,1245543,No,Instagram,Enrolled,Amit Verma,2025-12-03,2026-02-25,Converted,70,Medium,79,Germany,Partial Scholarship
ST3951,Vaishnavi Purohit,Female,24,Hyderabad,Telangana,BTech,IT,8.15,6.5,UK,Data Science,2163818,No,Website,Documents,Rahul Singh,2025-08-02,2025-11-18,Active,98,Low,91,UK,Partial Scholarship
ST3952,Leela Gopal,Female,22,Mumbai,Maharashtra,BSc,ECE,6.34,6.6,UK,Artificial Intelligence,3201705,No,Website,Enrolled,Sneha Jain,2026-01-11,2026-03-24,Converted,82,Medium,73,UK,Not Eligible
ST3953,Onveer Padmanabhan,Male,25,Delhi,Delhi,BCom,ECE,7.84,6.1,Australia,Cyber Security,2075013,Yes,Instagram,New Lead,Rahul Singh,2024-06-09,2024-07-23,Inactive,85,Low,83,Australia,Partial Scholarship
ST3954,Rachana Bassi,Female,27,Bangalore,Karnataka,BSc,Mechanical,7.81,7.7,Canada,Finance,2328459,No,Website,Application,Sneha Jain,2024-09-30,2024-12-23,Active,99,Low,100,Canada,Partial Scholarship
ST3955,Kalpit Thaman,Female,23,Indore,Madhya Pradesh,BA,Biotechnology,9.13,6.2,Germany,Business Analytics,1197208,Yes,Seminar,Offer Letter,Priya Sharma,2025-09-06,2025-12-21,Active,82,Low,88,Germany,Merit Scholarship
ST3956,Hemangini Sura,Female,24,Indore,Madhya Pradesh,BA,Mechanical,9.01,7.1,Germany,Artificial Intelligence,1029196,Yes,Referral,Offer Letter,Rohit Gupta,2026-01-28,2026-02-04,Inactive,93,Low,100,Germany,Merit Scholarship
ST3957,Yuvraj Acharya,Female,25,Pune,Maharashtra,BSc,Finance,8.63,7.4,UK,Finance,2779844,Yes,WhatsApp,Enrolled,Amit Verma,2025-10-17,2026-01-06,Converted,95,Low,100,Canada,Merit Scholarship
ST3958,Rushil Kannan,Female,23,Delhi,Delhi,BTech,Mechanical,6.82,6.0,Australia,Finance,2406087,No,Instagram,Visa,Rohit Gupta,2024-11-30,2025-01-28,Converted,66,Medium,73,Australia,Not Eligible
ST3959,Yamini Kala,Female,28,Delhi,Delhi,BBA,Biotechnology,8.51,7.7,UK,Data Science,1114035,Yes,Referral,Application,Sneha Jain,2025-08-31,2025-10-18,Inactive,95,Low,100,Germany,Merit Scholarship
ST3960,Kala Sachdeva,Female,22,Jaipur,Rajasthan,BBA,Marketing,7.68,5.5,Australia,Computer Science,1574242,Yes,Referral,Application,Amit Verma,2025-12-19,2026-03-05,Inactive,87,Low,81,Australia,Partial Scholarship
ST3961,Teerth Sathe,Female,25,Delhi,Delhi,BBA,Finance,7.11,7.2,USA,Data Science,3317344,No,Website,New Lead,Rohit Gupta,2026-02-16,2026-05-10,Dropped,86,Low,88,Canada,Not Eligible
ST3962,Megha Goswami,Male,23,Delhi,Delhi,BSc,Finance,6.13,8.3,Canada,Computer Science,2728281,No,Seminar,Application,Sneha Jain,2025-08-10,2025-12-01,Active,81,Low,89,Canada,Not Eligible
ST3963,Adya Prabhu,Male,26,Indore,Madhya Pradesh,BTech,CSE,7.84,6.3,Australia,Artificial Intelligence,1826014,No,Seminar,Contacted,Sneha Jain,2024-06-18,2024-08-10,Active,81,Medium,75,Australia,Partial Scholarship
ST3964,Siddharth Banik,Female,25,Bhopal,Madhya Pradesh,BBA,IT,8.78,6.7,Australia,Computer Science,3274491,Yes,Website,Counseling,Amit Verma,2025-07-06,2025-07-20,Inactive,99,Low,99,Australia,Merit Scholarship
ST3965,Thomas Hayre,Female,24,Bangalore,Karnataka,BSc,IT,8.2,6.0,UK,Finance,1947144,Yes,Website,Counseling,Rohit Gupta,2025-12-21,2026-01-10,Dropped,80,Medium,76,UK,Partial Scholarship
ST3966,Kevin Yohannan,Male,27,Bangalore,Karnataka,BBA,Mechanical,9.24,7.6,Canada,Artificial Intelligence,2060925,Yes,Website,Application,Sneha Jain,2025-05-31,2025-09-14,Dropped,99,Low,100,Canada,Merit Scholarship
ST3967,Caleb Kota,Female,28,Indore,Madhya Pradesh,BCom,IT,6.76,8.4,Australia,Data Science,2391434,No,Referral,Contacted,Priya Sharma,2025-05-31,2025-08-05,Active,99,Low,100,Canada,Not Eligible
ST3968,Jhalak Mander,Female,26,Indore,Madhya Pradesh,BA,Finance,8.89,6.1,Australia,Data Science,1970131,Yes,Instagram,Counseling,Rohit Gupta,2025-03-09,2025-06-12,Dropped,92,Low,83,Australia,Merit Scholarship
ST3969,Sara Ravi,Male,18,Mumbai,Maharashtra,BA,Marketing,9.75,7.6,UK,Computer Science,3291992,Yes,Website,Enrolled,Priya Sharma,2025-07-10,2025-07-17,Converted,99,Low,100,Canada,Merit Scholarship
ST3970,Mitesh Kalita,Female,21,Mumbai,Maharashtra,BCom,Biotechnology,7.66,6.6,UK,Computer Science,1726812,Yes,Referral,Documents,Priya Sharma,2025-12-10,2026-03-20,Dropped,90,Low,91,UK,Partial Scholarship
ST3971,Kamya Patla,Female,20,Bhopal,Madhya Pradesh,BSc,IT,6.95,7.4,UK,MBA,1942830,No,WhatsApp,Visa,Amit Verma,2024-11-03,2024-12-18,Active,73,Medium,78,Canada,Not Eligible
ST3972,Raksha Misra,Male,27,Pune,Maharashtra,BA,Mechanical,6.64,7.2,USA,Computer Science,3196180,No,WhatsApp,Contacted,Sneha Jain,2024-07-13,2024-10-13,Dropped,93,Low,83,Canada,Not Eligible
ST3973,Ayushman Konda,Male,22,Bhopal,Madhya Pradesh,BA,CSE,9.46,7.2,UK,Cyber Security,2489875,Yes,Referral,Offer Letter,Priya Sharma,2026-02-16,2026-06-03,Active,90,Low,100,Canada,Merit Scholarship
ST3974,Janani Mitra,Female,24,Ahmedabad,Gujarat,BCom,Mechanical,9.6,7.3,Canada,Cyber Security,2917147,Yes,Website,Application,Sneha Jain,2026-03-22,2026-04-28,Dropped,99,Low,100,Canada,Merit Scholarship
ST3975,Warda Deshpande,Female,20,Delhi,Delhi,BA,CSE,7.69,5.8,Canada,Cyber Security,1062041,Yes,Website,Enrolled,Sneha Jain,2025-12-19,2026-03-02,Converted,76,Medium,68,Germany,Partial Scholarship
ST3976,Omisha Dara,Male,26,Bhopal,Madhya Pradesh,BBA,Biotechnology,6.15,6.4,Canada,Computer Science,2336924,Yes,Instagram,Counseling,Sneha Jain,2024-10-29,2024-11-12,Dropped,67,Medium,70,Canada,Not Eligible
ST3977,Abdul Mander,Male,26,Ahmedabad,Gujarat,BBA,Finance,8.8,5.7,UK,Data Science,2281368,Yes,Referral,Visa,Priya Sharma,2024-08-23,2024-11-20,Active,90,Low,100,UK,Merit Scholarship
ST3978,Patrick Kakar,Female,22,Ahmedabad,Gujarat,BSc,IT,6.73,8.3,UK,MBA,2085100,No,Seminar,New Lead,Sneha Jain,2025-09-21,2025-12-01,Inactive,96,Low,95,Canada,Not Eligible
ST3979,Azad Behl,Female,28,Mumbai,Maharashtra,BTech,Finance,7.69,7.6,Australia,Data Science,1447808,Yes,Instagram,Enrolled,Priya Sharma,2024-07-11,2024-11-06,Converted,83,Low,86,Germany,Partial Scholarship
ST3980,Vasatika Vyas,Male,26,Indore,Madhya Pradesh,BSc,Biotechnology,9.1,6.9,Canada,Data Science,3303632,Yes,Website,Counseling,Amit Verma,2025-07-21,2025-10-06,Inactive,90,Low,100,Canada,Merit Scholarship
ST3981,Anmol Bhardwaj,Male,26,Indore,Madhya Pradesh,BSc,Marketing,9.35,5.7,Germany,Cyber Security,920767,Yes,Seminar,New Lead,Priya Sharma,2025-01-06,2025-04-10,Active,77,Low,85,Germany,Merit Scholarship
ST3982,Harsh Sastry,Male,27,Pune,Maharashtra,BCom,ECE,7.72,7.2,Canada,MBA,2106524,Yes,Website,Documents,Rohit Gupta,2026-01-19,2026-04-27,Dropped,97,Low,94,Canada,Partial Scholarship
ST3983,Shivani Prabhakar,Female,23,Delhi,Delhi,BSc,Finance,6.84,7.9,Canada,Cyber Security,2148508,No,WhatsApp,Application,Amit Verma,2024-11-23,2024-12-22,Inactive,99,Low,92,Canada,Not Eligible
ST3984,Hredhaan Shan,Male,24,Pune,Maharashtra,BTech,Marketing,7.56,5.9,Canada,Computer Science,2944126,No,WhatsApp,Application,Rahul Singh,2025-11-26,2025-12-13,Active,74,Medium,79,Canada,Partial Scholarship
ST3985,Devika Bera,Male,23,Mumbai,Maharashtra,BBA,ECE,6.31,5.7,Germany,Computer Science,1277876,No,Instagram,Offer Letter,Sneha Jain,2026-04-01,2026-05-07,Active,51,High,55,Germany,Not Eligible
ST3986,Anika Ratti,Male,25,Pune,Maharashtra,BBA,Mechanical,8.4,8.2,UK,Cyber Security,2671741,No,Instagram,Enrolled,Amit Verma,2025-08-10,2025-09-16,Converted,99,Low,100,Canada,Partial Scholarship
ST3987,Amrita Dhingra,Female,27,Bhopal,Madhya Pradesh,BA,ECE,6.04,7.4,USA,Data Science,2830272,No,Instagram,Offer Letter,Sneha Jain,2025-03-31,2025-05-01,Inactive,76,Medium,79,Canada,Not Eligible
ST3988,Unni Bhat,Female,21,Ahmedabad,Gujarat,BA,IT,7.51,6.3,USA,Computer Science,2986782,Yes,Instagram,Visa,Sneha Jain,2026-04-24,2026-07-04,Converted,76,Low,82,USA,Partial Scholarship
ST3989,Amol Aurora,Male,19,Indore,Madhya Pradesh,BTech,Marketing,9.44,6.4,Germany,Business Analytics,956104,Yes,Website,Contacted,Sneha Jain,2025-04-17,2025-07-08,Active,98,Low,93,Germany,Merit Scholarship
ST3990,Amol Sampath,Female,25,Indore,Madhya Pradesh,BSc,ECE,9.44,7.7,Australia,Artificial Intelligence,1866014,Yes,WhatsApp,Contacted,Priya Sharma,2026-02-07,2026-05-06,Dropped,99,Low,100,Canada,Merit Scholarship
ST3991,Arjun Kalita,Female,20,Indore,Madhya Pradesh,BA,Biotechnology,8.64,6.8,Germany,Cyber Security,853568,Yes,Seminar,Enrolled,Rohit Gupta,2024-11-16,2024-12-19,Converted,83,Low,88,Germany,Merit Scholarship
ST3992,Nitesh Ghosh,Female,24,Delhi,Delhi,BTech,Finance,9.55,6.0,Germany,Data Science,1113275,Yes,Instagram,Counseling,Amit Verma,2025-05-18,2025-08-30,Active,85,Low,90,Germany,Merit Scholarship
ST3993,Mitali Narayanan,Male,26,Bangalore,Karnataka,BBA,Finance,9.5,7.7,Canada,Business Analytics,2223876,Yes,Instagram,New Lead,Sneha Jain,2025-12-21,2026-02-17,Dropped,99,Low,100,Canada,Merit Scholarship
ST3994,Eta Patla,Female,23,Chennai,Tamil Nadu,BTech,ECE,6.55,7.4,Canada,Artificial Intelligence,3149855,No,Website,Contacted,Rahul Singh,2025-03-22,2025-05-17,Active,77,Low,84,Canada,Not Eligible
ST3995,Vedant Tailor,Male,28,Ahmedabad,Gujarat,BSc,Biotechnology,7.05,7.2,Australia,MBA,3157807,Yes,Referral,Offer Letter,Rohit Gupta,2024-11-18,2025-03-16,Dropped,96,Low,100,Canada,Not Eligible
ST3996,Maanas Doctor,Male,25,Hyderabad,Telangana,BSc,ECE,7.51,8.5,Canada,Finance,1864605,Yes,WhatsApp,New Lead,Sneha Jain,2025-08-11,2025-09-02,Dropped,92,Low,95,Canada,Partial Scholarship
ST3997,Advika Kota,Male,18,Hyderabad,Telangana,BCom,CSE,6.72,8.1,Canada,Artificial Intelligence,3164221,Yes,Referral,Application,Rohit Gupta,2026-05-09,2026-08-04,Dropped,97,Low,100,Canada,Not Eligible
ST3998,Isha De,Male,18,Pune,Maharashtra,BTech,Marketing,8.65,5.7,Australia,Business Analytics,2197200,Yes,Seminar,New Lead,Amit Verma,2026-05-15,2026-06-18,Inactive,89,Low,88,Australia,Merit Scholarship
ST3999,Yatin Bhakta,Female,26,Indore,Madhya Pradesh,BTech,Marketing,8.16,7.1,USA,Finance,2864524,Yes,Website,Visa,Sneha Jain,2024-10-26,2024-12-09,Converted,98,Low,96,Canada,Partial Scholarship
ST4000,Azad Pant,Male,23,Mumbai,Maharashtra,BTech,Mechanical,7.96,6.9,Canada,Computer Science,1315049,Yes,Instagram,Offer Letter,Rahul Singh,2025-02-01,2025-02-05,Active,80,Low,83,Germany,Partial Scholarship
ST4001,Manthan Ranganathan,Male,20,Bangalore,Karnataka,BSc,IT,7.73,5.8,Germany,Cyber Security,1092602,No,Instagram,Offer Letter,Priya Sharma,2026-01-06,2026-02-16,Active,76,Medium,69,Germany,Partial Scholarship
ST4002,Triveni Sagar,Male,19,Bangalore,Karnataka,BCom,Biotechnology,8.73,8.1,Australia,MBA,2285329,Yes,Referral,Offer Letter,Rohit Gupta,2026-04-20,2026-06-18,Inactive,99,Low,100,Canada,Merit Scholarship
ST4003,Chandran Chandra,Male,21,Delhi,Delhi,BTech,Finance,7.05,6.0,Germany,Cyber Security,1366002,Yes,Seminar,Documents,Priya Sharma,2026-01-29,2026-05-08,Active,57,Medium,65,Germany,Not Eligible
ST4004,Yamini Gole,Male,20,Jaipur,Rajasthan,BA,ECE,9.53,6.2,UK,Business Analytics,1882676,Yes,WhatsApp,Counseling,Priya Sharma,2024-10-08,2024-11-03,Active,95,Low,92,UK,Merit Scholarship
ST4005,Ekani Konda,Female,21,Indore,Madhya Pradesh,BSc,ECE,6.78,8.4,UK,Data Science,1898481,Yes,WhatsApp,Application,Priya Sharma,2025-06-03,2025-06-13,Active,88,Low,86,Canada,Not Eligible
ST4006,Amruta Natarajan,Male,23,Chennai,Tamil Nadu,BCom,ECE,9.65,6.2,Germany,Cyber Security,880354,Yes,Seminar,Counseling,Rohit Gupta,2026-01-03,2026-03-22,Dropped,95,Low,93,Germany,Merit Scholarship
ST4007,Anusha Shankar,Male,26,Pune,Maharashtra,BTech,ECE,9.38,8.0,UK,Computer Science,2128147,Yes,Seminar,Application,Rohit Gupta,2025-11-18,2025-12-06,Inactive,93,Low,100,Canada,Merit Scholarship
ST4008,Vaishnavi Banik,Female,20,Pune,Maharashtra,BTech,Finance,8.93,7.0,Australia,MBA,2122884,Yes,Seminar,New Lead,Rahul Singh,2024-09-21,2024-12-24,Inactive,99,Low,100,Canada,Merit Scholarship
ST4009,Gaurika Sabharwal,Female,21,Delhi,Delhi,BBA,IT,7.55,7.4,Australia,MBA,1769684,No,Instagram,Visa,Amit Verma,2025-02-04,2025-04-16,Active,78,Low,84,Canada,Partial Scholarship
ST4010,Advika Yadav,Female,20,Pune,Maharashtra,BA,Finance,6.66,6.4,USA,Data Science,3128240,No,Seminar,Offer Letter,Sneha Jain,2025-10-06,2025-12-08,Dropped,70,Medium,75,USA,Not Eligible
ST4011,Rachit Andra,Female,23,Bhopal,Madhya Pradesh,BSc,Biotechnology,6.83,6.0,Canada,Computer Science,2082686,Yes,Instagram,New Lead,Rahul Singh,2026-01-06,2026-02-19,Inactive,64,Medium,73,Canada,Not Eligible
ST4012,Mason Sachdev,Female,20,Pune,Maharashtra,BCom,Mechanical,6.23,8.1,Canada,Data Science,1139214,No,Instagram,Contacted,Amit Verma,2025-08-26,2025-09-23,Active,86,Medium,77,Germany,Not Eligible
ST4013,Azad Lad,Male,24,Hyderabad,Telangana,BSc,Biotechnology,7.59,5.8,Germany,Business Analytics,817444,No,Website,Counseling,Priya Sharma,2025-01-04,2025-04-01,Dropped,77,Medium,67,Germany,Partial Scholarship
ST4014,Krisha Rajagopalan,Male,22,Mumbai,Maharashtra,BCom,Finance,7.46,6.5,Australia,Business Analytics,1944502,Yes,Seminar,Documents,Rohit Gupta,2026-05-12,2026-08-15,Active,76,Medium,74,Australia,Not Eligible
ST4015,Manthan Devan,Male,25,Hyderabad,Telangana,BCom,Mechanical,7.87,8.1,Australia,Data Science,2421903,No,Instagram,Documents,Rahul Singh,2024-08-18,2024-11-14,Active,92,Low,100,Canada,Partial Scholarship
ST4016,Dipta Rai,Female,23,Ahmedabad,Gujarat,BA,Biotechnology,8.96,6.2,Germany,MBA,995308,Yes,Instagram,Documents,Rahul Singh,2025-04-23,2025-05-11,Dropped,77,Low,86,Germany,Merit Scholarship
ST4017,Anmol Karnik,Male,27,Chennai,Tamil Nadu,BBA,ECE,8.75,7.1,Australia,Computer Science,1755652,Yes,Seminar,Application,Rahul Singh,2025-01-18,2025-02-09,Inactive,93,Low,92,Canada,Merit Scholarship
ST4018,Banjeet Dhar,Female,22,Mumbai,Maharashtra,BTech,ECE,6.26,8.4,Australia,MBA,3490659,Yes,Instagram,Application,Rahul Singh,2026-04-01,2026-07-21,Inactive,87,Low,91,Canada,Not Eligible
ST4019,Adya Ganesh,Male,25,Mumbai,Maharashtra,BA,ECE,9.09,7.4,Canada,Computer Science,2817971,Yes,Referral,Visa,Rohit Gupta,2024-11-03,2024-12-05,Active,99,Low,100,Canada,Merit Scholarship
ST4020,Laban Raval,Male,21,Jaipur,Rajasthan,BBA,Finance,8.72,7.7,Canada,Computer Science,3055050,Yes,WhatsApp,Documents,Amit Verma,2025-11-27,2026-02-18,Active,97,Low,100,Canada,Merit Scholarship
ST4021,Ekapad Mane,Male,18,Jaipur,Rajasthan,BTech,Finance,7.32,8.2,Canada,Cyber Security,2481007,Yes,Instagram,Visa,Rahul Singh,2025-06-24,2025-07-17,Converted,99,Low,99,Canada,Not Eligible
ST4022,Ekapad Lala,Male,25,Chennai,Tamil Nadu,BSc,ECE,7.08,6.8,Canada,Business Analytics,1456063,Yes,Referral,Counseling,Rahul Singh,2025-03-01,2025-05-01,Inactive,93,Low,87,Germany,Not Eligible
ST4023,Ranveer Krish,Male,23,Delhi,Delhi,BBA,IT,6.33,6.0,Australia,Computer Science,1807219,Yes,Referral,Counseling,Amit Verma,2024-07-06,2024-07-27,Active,83,Medium,73,Australia,Not Eligible
ST4024,Ranveer Baria,Male,27,Delhi,Delhi,BA,Mechanical,6.93,6.9,Australia,MBA,1903223,No,Referral,Counseling,Priya Sharma,2025-04-16,2025-07-14,Dropped,86,Low,88,Australia,Not Eligible
ST4025,Azad Dua,Male,23,Indore,Madhya Pradesh,BSc,Mechanical,6.64,6.8,Germany,Finance,1113834,Yes,Website,New Lead,Rohit Gupta,2026-04-12,2026-07-06,Dropped,72,Medium,68,Germany,Not Eligible
ST4026,Jagvi Dutt,Male,19,Hyderabad,Telangana,BCom,IT,7.83,5.5,Australia,Finance,3461843,Yes,Instagram,Visa,Sneha Jain,2024-06-10,2024-08-13,Active,81,Medium,78,Australia,Partial Scholarship
ST4027,Raghav Bhandari,Female,27,Bangalore,Karnataka,BCom,ECE,9.13,7.2,Australia,MBA,2723032,Yes,Instagram,Application,Sneha Jain,2025-08-17,2025-11-23,Active,99,Low,100,Canada,Merit Scholarship
ST4028,Amara Chander,Male,26,Mumbai,Maharashtra,BSc,ECE,6.38,5.7,Canada,Computer Science,2556435,No,Referral,Application,Priya Sharma,2024-11-20,2025-01-24,Inactive,84,Low,80,Canada,Not Eligible
ST4029,Vedhika Bala,Female,22,Bangalore,Karnataka,BA,IT,8.05,6.2,Germany,Artificial Intelligence,1332932,Yes,Instagram,Counseling,Amit Verma,2026-02-23,2026-03-17,Dropped,86,Medium,77,Germany,Partial Scholarship
ST4030,Kai Virk,Male,25,Mumbai,Maharashtra,BCom,Mechanical,8.17,7.4,Canada,Computer Science,1814589,Yes,WhatsApp,Enrolled,Rohit Gupta,2025-06-22,2025-06-29,Converted,98,Low,90,Canada,Partial Scholarship
ST4031,Odika Swamy,Female,20,Jaipur,Rajasthan,BCom,Finance,7.66,6.2,USA,Computer Science,2796802,Yes,WhatsApp,Documents,Priya Sharma,2025-02-17,2025-06-01,Active,93,Low,83,USA,Partial Scholarship
ST4032,Sai Natarajan,Female,28,Indore,Madhya Pradesh,BA,Mechanical,8.49,6.3,Germany,Business Analytics,877415,Yes,Referral,Counseling,Sneha Jain,2024-12-09,2024-12-23,Active,96,Low,96,Germany,Partial Scholarship
ST4033,Yoshita Solanki,Male,27,Pune,Maharashtra,BBA,Finance,6.39,6.9,UK,Cyber Security,2162184,No,Referral,Counseling,Priya Sharma,2024-10-27,2024-10-29,Dropped,84,Low,92,UK,Not Eligible
ST4034,Eesha Bawa,Male,27,Bhopal,Madhya Pradesh,BSc,IT,8.0,7.5,Australia,Data Science,3414079,Yes,Website,Visa,Sneha Jain,2024-10-17,2024-11-14,Active,99,Low,100,Canada,Partial Scholarship
ST4035,Urvi Kibe,Male,24,Chennai,Tamil Nadu,BCom,Finance,7.78,5.9,USA,Artificial Intelligence,3442417,No,Seminar,Counseling,Sneha Jain,2024-10-10,2024-12-17,Inactive,85,Low,81,USA,Partial Scholarship
ST4036,Kabir Sarma,Male,21,Mumbai,Maharashtra,BSc,Mechanical,6.04,5.7,Australia,MBA,3349330,No,Referral,New Lead,Priya Sharma,2026-05-11,2026-08-01,Dropped,73,Medium,77,Australia,Not Eligible
ST4037,Advaith Master,Female,25,Indore,Madhya Pradesh,BA,ECE,6.57,7.0,Canada,Business Analytics,2123088,No,Website,Offer Letter,Rohit Gupta,2024-10-29,2025-02-02,Inactive,80,Low,80,Canada,Not Eligible
ST4038,Arya Kohli,Male,26,Ahmedabad,Gujarat,BCom,Marketing,7.46,5.7,UK,Business Analytics,3075577,Yes,Referral,Offer Letter,Sneha Jain,2024-12-06,2025-01-29,Active,84,Low,91,UK,Not Eligible
ST4039,Ijaya Ahuja,Male,20,Pune,Maharashtra,BCom,Mechanical,7.44,8.5,Canada,MBA,1629745,No,Referral,Offer Letter,Rahul Singh,2025-03-30,2025-04-25,Dropped,94,Low,100,Canada,Not Eligible
ST4040,Reva Dasgupta,Male,23,Ahmedabad,Gujarat,BBA,Marketing,8.43,8.4,Australia,Computer Science,2931339,Yes,Seminar,Documents,Amit Verma,2026-03-31,2026-04-18,Dropped,99,Low,100,Canada,Partial Scholarship
ST4041,Yoshita Manda,Female,26,Bhopal,Madhya Pradesh,BCom,IT,8.97,8.5,Canada,Data Science,2133202,Yes,Instagram,Contacted,Rahul Singh,2024-10-29,2024-11-08,Active,92,Low,100,Canada,Merit Scholarship
ST4042,Tanvi Sethi,Male,18,Bangalore,Karnataka,BSc,Mechanical,6.96,7.0,Canada,Cyber Security,2221325,Yes,Seminar,New Lead,Amit Verma,2025-01-30,2025-05-05,Active,89,Low,84,Canada,Not Eligible
ST4043,Udarsh Saran,Female,24,Delhi,Delhi,BA,IT,6.13,6.0,UK,Data Science,2768177,Yes,Referral,Visa,Priya Sharma,2025-01-22,2025-05-01,Active,82,Low,81,UK,Not Eligible
ST4044,Jagrati Sawhney,Female,24,Ahmedabad,Gujarat,BTech,IT,8.98,6.2,Australia,Computer Science,3246715,Yes,Referral,Enrolled,Rohit Gupta,2025-08-29,2025-10-29,Converted,93,Low,100,Australia,Merit Scholarship
ST4045,Anjali Kapoor,Female,20,Indore,Madhya Pradesh,BA,CSE,8.58,6.3,Canada,Business Analytics,3494770,Yes,Referral,Application,Rohit Gupta,2024-12-07,2025-03-24,Inactive,99,Low,100,Canada,Merit Scholarship
ST4046,Jyoti Nadkarni,Female,23,Jaipur,Rajasthan,BSc,Mechanical,8.64,6.8,USA,Computer Science,3126099,Yes,Referral,Enrolled,Sneha Jain,2025-01-04,2025-02-03,Converted,94,Low,100,USA,Merit Scholarship
ST4047,Liam Kata,Female,22,Chennai,Tamil Nadu,BTech,IT,9.07,7.2,Australia,Artificial Intelligence,1813848,Yes,Website,Offer Letter,Rohit Gupta,2026-04-27,2026-07-25,Inactive,94,Low,97,Canada,Merit Scholarship
ST4048,Pooja Doctor,Male,26,Pune,Maharashtra,BSc,CSE,7.06,7.2,Germany,Artificial Intelligence,1499923,Yes,Instagram,New Lead,Sneha Jain,2025-03-03,2025-03-28,Active,87,Medium,77,Germany,Not Eligible
ST4049,Ekaraj Gupta,Female,20,Bhopal,Madhya Pradesh,BA,Finance,6.47,8.3,Canada,Finance,1306291,No,Instagram,New Lead,Priya Sharma,2024-10-21,2025-01-02,Active,77,Low,82,Germany,Not Eligible
ST4050,Urvashi Vyas,Female,24,Jaipur,Rajasthan,BCom,ECE,6.96,6.5,UK,MBA,2475246,No,Seminar,Offer Letter,Priya Sharma,2026-01-16,2026-01-22,Inactive,78,Medium,79,UK,Not Eligible
ST4051,Gaurangi Balakrishnan,Male,18,Ahmedabad,Gujarat,BA,ECE,7.11,7.3,Germany,Business Analytics,901829,No,Referral,Enrolled,Sneha Jain,2026-04-04,2026-04-19,Converted,93,Low,94,Germany,Not Eligible
ST4052,Champak Warrior,Male,25,Chennai,Tamil Nadu,BA,ECE,7.57,8.2,Canada,Artificial Intelligence,1353478,Yes,Instagram,New Lead,Amit Verma,2025-11-08,2025-11-11,Active,87,Low,91,Germany,Partial Scholarship
ST4053,Ishaan Doshi,Female,19,Hyderabad,Telangana,BBA,CSE,7.48,7.8,UK,Finance,2470598,Yes,Website,Counseling,Amit Verma,2024-12-24,2025-04-09,Dropped,87,Low,97,Canada,Not Eligible
ST4054,Mohammed Pillay,Male,28,Delhi,Delhi,BTech,Marketing,9.24,7.8,Canada,Data Science,3064350,Yes,Seminar,Offer Letter,Sneha Jain,2025-05-07,2025-06-28,Dropped,98,Low,100,Canada,Merit Scholarship
ST4055,Varsha Apte,Female,18,Ahmedabad,Gujarat,BA,Biotechnology,7.48,8.4,Canada,Business Analytics,963037,Yes,Website,Visa,Rahul Singh,2025-11-09,2026-02-07,Converted,99,Low,93,Germany,Not Eligible
ST4056,Upma Devan,Male,24,Indore,Madhya Pradesh,BCom,Mechanical,8.89,7.6,Canada,Business Analytics,2952422,Yes,WhatsApp,Application,Rahul Singh,2025-05-30,2025-08-31,Dropped,94,Low,100,Canada,Merit Scholarship
ST4057,Siddharth Vig,Male,28,Hyderabad,Telangana,BA,Mechanical,6.82,7.7,Canada,Finance,1105077,Yes,Instagram,Visa,Priya Sharma,2025-04-11,2025-08-04,Active,80,Low,80,Germany,Not Eligible
ST4058,Tamanna Nath,Female,22,Bhopal,Madhya Pradesh,BTech,Finance,7.96,7.3,UK,Artificial Intelligence,2780127,No,WhatsApp,Contacted,Amit Verma,2025-12-02,2025-12-18,Inactive,99,Low,97,Canada,Partial Scholarship
ST4059,Charles Barad,Female,22,Delhi,Delhi,BTech,Mechanical,7.64,6.5,Germany,MBA,1425638,No,Website,Application,Sneha Jain,2025-12-22,2026-01-05,Dropped,69,Medium,76,Germany,Partial Scholarship
ST4060,Radhika Bumb,Male,19,Chennai,Tamil Nadu,BSc,ECE,7.65,6.9,Canada,Artificial Intelligence,3339872,Yes,WhatsApp,Offer Letter,Rahul Singh,2024-09-27,2024-11-07,Dropped,91,Low,90,Canada,Partial Scholarship
ST4061,Kashvi Sachar,Female,23,Bangalore,Karnataka,BBA,Marketing,6.63,6.9,USA,MBA,3108777,No,Seminar,Contacted,Rahul Singh,2024-06-22,2024-07-08,Inactive,71,Low,80,USA,Not Eligible
ST4062,Unni Dubey,Male,26,Pune,Maharashtra,BCom,Finance,8.85,7.8,Australia,Artificial Intelligence,2724175,Yes,WhatsApp,Contacted,Amit Verma,2025-10-26,2025-12-24,Inactive,91,Low,100,Canada,Merit Scholarship
ST4063,Udant Prabhu,Male,25,Bhopal,Madhya Pradesh,BTech,Biotechnology,7.15,6.0,Germany,Computer Science,1486782,No,Instagram,Counseling,Priya Sharma,2025-09-03,2025-09-22,Active,62,Medium,66,Germany,Not Eligible
ST4064,Manan Mittal,Male,26,Pune,Maharashtra,BSc,Finance,8.17,8.3,Canada,Data Science,2990784,Yes,Seminar,Counseling,Sneha Jain,2025-03-01,2025-06-03,Active,99,Low,100,Canada,Partial Scholarship
ST4065,Ekansh Chander,Male,23,Ahmedabad,Gujarat,BSc,Marketing,9.4,7.6,Australia,Cyber Security,1784621,Yes,Referral,Visa,Rohit Gupta,2026-03-03,2026-06-27,Active,99,Low,100,Canada,Merit Scholarship
ST4066,Yauvani Date,Female,26,Hyderabad,Telangana,BCom,CSE,7.43,8.3,UK,Data Science,877532,Yes,Instagram,New Lead,Amit Verma,2025-03-30,2025-06-12,Inactive,92,Low,92,Germany,Not Eligible
ST4067,Krishna Ravi,Female,25,Indore,Madhya Pradesh,BSc,ECE,6.57,8.3,UK,Finance,1533345,No,Website,Visa,Amit Verma,2025-07-07,2025-10-30,Converted,81,Low,83,Canada,Not Eligible
ST4068,Udarsh Brahmbhatt,Male,25,Bangalore,Karnataka,BBA,Biotechnology,7.29,6.8,Australia,Business Analytics,2950379,Yes,WhatsApp,Application,Rahul Singh,2026-05-23,2026-08-02,Active,78,Low,84,Australia,Not Eligible
ST4069,Owen Choudhry,Male,19,Ahmedabad,Gujarat,BA,Biotechnology,6.8,7.2,Canada,MBA,2372235,No,Website,Visa,Sneha Jain,2025-02-26,2025-05-17,Converted,93,Low,84,Canada,Not Eligible
ST4070,Dalbir Ganesh,Female,20,Delhi,Delhi,BTech,IT,9.22,8.1,Australia,Business Analytics,1781644,Yes,Website,Application,Sneha Jain,2025-07-19,2025-07-29,Dropped,96,Low,100,Canada,Merit Scholarship
ST4071,Aarnav Jayaraman,Female,25,Pune,Maharashtra,BBA,ECE,6.68,6.7,Australia,Data Science,2645536,No,Referral,New Lead,Rohit Gupta,2025-11-11,2025-12-06,Inactive,99,Low,93,Australia,Not Eligible
ST4072,Warhi Vasa,Female,28,Jaipur,Rajasthan,BA,Mechanical,8.21,7.0,USA,Computer Science,3281421,No,Website,Offer Letter,Amit Verma,2024-07-19,2024-10-19,Active,99,Low,97,Canada,Partial Scholarship
ST4073,Niharika Kale,Female,21,Hyderabad,Telangana,BBA,Biotechnology,8.71,6.8,Australia,Cyber Security,2371218,Yes,Seminar,New Lead,Rohit Gupta,2025-04-23,2025-06-28,Active,99,Low,99,Australia,Merit Scholarship
ST4074,Eiravati Srivastava,Male,19,Hyderabad,Telangana,BBA,IT,7.3,7.8,Canada,Artificial Intelligence,2429380,Yes,WhatsApp,Application,Sneha Jain,2025-12-13,2026-01-17,Active,96,Low,95,Canada,Not Eligible
ST4075,Vansha Zachariah,Male,20,Pune,Maharashtra,BSc,Finance,8.25,7.1,UK,Artificial Intelligence,3122887,Yes,Referral,Application,Sneha Jain,2026-03-30,2026-04-27,Active,99,Low,100,Canada,Partial Scholarship
ST4076,Ikshita Verma,Male,27,Ahmedabad,Gujarat,BBA,Biotechnology,6.83,5.9,Canada,Data Science,2598508,Yes,Instagram,Visa,Sneha Jain,2025-11-28,2026-02-22,Converted,81,Medium,72,Canada,Not Eligible
ST4077,Bachittar Dixit,Male,20,Ahmedabad,Gujarat,BBA,Biotechnology,7.53,8.4,UK,Data Science,2169335,No,Instagram,Offer Letter,Priya Sharma,2025-07-09,2025-09-07,Dropped,95,Low,100,Canada,Partial Scholarship
ST4078,Divya Gill,Female,20,Bangalore,Karnataka,BSc,IT,6.35,8.3,Canada,Business Analytics,2033024,No,Instagram,Offer Letter,Amit Verma,2026-05-20,2026-07-25,Active,90,Low,91,Canada,Not Eligible
ST4079,Amruta Nagarajan,Male,20,Delhi,Delhi,BSc,Biotechnology,7.99,8.1,Canada,Data Science,1487909,Yes,Instagram,Contacted,Priya Sharma,2025-10-04,2025-11-10,Inactive,84,Low,94,Germany,Partial Scholarship
ST4080,Krish Sandhu,Female,27,Hyderabad,Telangana,BBA,ECE,6.27,8.3,UK,Finance,2194449,No,Seminar,New Lead,Rahul Singh,2025-11-19,2026-01-08,Dropped,83,Low,90,Canada,Not Eligible
ST4081,Zaid Deol,Male,20,Chennai,Tamil Nadu,BCom,Finance,7.45,6.9,USA,Business Analytics,3321860,Yes,Referral,Offer Letter,Rohit Gupta,2025-11-30,2026-02-19,Dropped,99,Low,100,USA,Not Eligible
ST4082,Unni Ganesh,Female,18,Indore,Madhya Pradesh,BBA,CSE,7.78,6.2,UK,Finance,3003361,Yes,Seminar,Visa,Rohit Gupta,2024-06-20,2024-09-04,Converted,92,Low,84,UK,Partial Scholarship
ST4083,Janaki Arya,Male,18,Mumbai,Maharashtra,BA,Finance,7.1,6.1,Canada,Finance,2343380,No,WhatsApp,Visa,Sneha Jain,2025-03-15,2025-04-30,Active,80,Medium,75,Canada,Not Eligible
ST4084,Banjeet Chacko,Male,19,Chennai,Tamil Nadu,BBA,ECE,9.77,5.6,UK,Artificial Intelligence,1908333,Yes,Instagram,Documents,Priya Sharma,2026-03-31,2026-05-18,Inactive,78,Low,87,UK,Merit Scholarship
ST4085,Gauri Ramanathan,Female,27,Delhi,Delhi,BTech,IT,8.62,7.6,Canada,Data Science,1219540,Yes,WhatsApp,Offer Letter,Rohit Gupta,2026-01-06,2026-05-01,Inactive,88,Low,96,Germany,Merit Scholarship
ST4086,Aarini Bali,Female,18,Pune,Maharashtra,BCom,CSE,7.46,7.2,Australia,Cyber Security,2347629,No,WhatsApp,Enrolled,Sneha Jain,2024-12-02,2025-03-21,Converted,86,Low,91,Canada,Not Eligible
ST4087,Aryan Bains,Female,22,Jaipur,Rajasthan,BA,Marketing,9.33,7.1,Australia,Computer Science,1785383,Yes,WhatsApp,Application,Rohit Gupta,2024-06-20,2024-07-16,Active,93,Low,98,Canada,Merit Scholarship
ST4088,Veda Barad,Female,21,Bhopal,Madhya Pradesh,BCom,Biotechnology,6.45,6.6,USA,Data Science,2940041,Yes,Referral,Visa,Amit Verma,2025-07-11,2025-07-30,Active,80,Low,89,USA,Not Eligible
ST4089,Upadhriti Saran,Male,25,Hyderabad,Telangana,BCom,Biotechnology,7.92,7.5,Australia,Artificial Intelligence,1092798,Yes,WhatsApp,New Lead,Sneha Jain,2026-03-22,2026-07-14,Active,91,Low,89,Germany,Partial Scholarship
ST4090,Lekha Pau,Female,24,Ahmedabad,Gujarat,BSc,Biotechnology,9.64,8.0,Australia,MBA,1659535,Yes,Referral,Visa,Sneha Jain,2024-10-14,2024-11-25,Active,94,Low,100,Canada,Merit Scholarship
ST4091,Frederick Bajwa,Male,20,Chennai,Tamil Nadu,BCom,ECE,8.69,8.4,UK,Computer Science,1138910,Yes,Website,Contacted,Priya Sharma,2026-02-05,2026-05-19,Dropped,96,Low,100,Germany,Merit Scholarship
ST4092,Netra Sachdev,Male,23,Ahmedabad,Gujarat,BTech,Biotechnology,7.48,8.0,Australia,MBA,1409098,Yes,Seminar,Offer Letter,Amit Verma,2025-05-20,2025-07-23,Active,86,Low,89,Germany,Not Eligible
ST4093,Avi Chada,Male,20,Indore,Madhya Pradesh,BBA,ECE,6.8,6.4,Australia,Business Analytics,3428140,No,Instagram,Contacted,Rohit Gupta,2026-03-07,2026-06-09,Active,69,Medium,76,Australia,Not Eligible
ST4094,Ethan Prasad,Female,28,Mumbai,Maharashtra,BTech,Finance,9.05,6.7,Germany,MBA,938499,Yes,Instagram,Counseling,Sneha Jain,2026-01-13,2026-02-20,Active,98,Low,92,Germany,Merit Scholarship
ST4095,Janaki Patla,Male,27,Mumbai,Maharashtra,BSc,IT,9.31,8.4,Australia,Computer Science,1512208,Yes,Referral,Offer Letter,Amit Verma,2025-11-01,2026-02-27,Active,96,Low,100,Canada,Merit Scholarship
ST4096,Falak Narain,Male,23,Bhopal,Madhya Pradesh,BTech,Mechanical,8.01,5.9,Canada,Cyber Security,1113464,Yes,Seminar,Contacted,Priya Sharma,2025-06-27,2025-07-07,Active,70,Medium,74,Germany,Partial Scholarship
ST4097,Avni Datta,Female,20,Bangalore,Karnataka,BA,Biotechnology,7.6,6.7,Australia,Cyber Security,1698851,Yes,Referral,Documents,Rahul Singh,2025-07-25,2025-07-30,Inactive,99,Low,92,Australia,Partial Scholarship
ST4098,Aashi Banik,Male,26,Ahmedabad,Gujarat,BSc,CSE,9.32,8.5,Canada,MBA,2940722,Yes,WhatsApp,Application,Rohit Gupta,2025-02-04,2025-02-10,Dropped,99,Low,100,Canada,Merit Scholarship
ST4099,Kavya Gupta,Female,28,Bangalore,Karnataka,BCom,Biotechnology,7.36,5.9,Australia,Finance,2480474,No,Referral,Contacted,Amit Verma,2025-01-25,2025-04-10,Active,94,Low,92,Australia,Not Eligible
ST4100,Gaurang Sane,Female,28,Hyderabad,Telangana,BSc,Biotechnology,6.27,5.8,Australia,Artificial Intelligence,2103856,Yes,Instagram,Application,Priya Sharma,2025-03-22,2025-06-23,Active,68,Medium,64,Australia,Not Eligible
ST4101,Lohit Iyengar,Female,21,Ahmedabad,Gujarat,BTech,Finance,6.49,7.4,UK,Computer Science,2464021,Yes,WhatsApp,Contacted,Priya Sharma,2026-05-31,2026-08-08,Active,81,Low,83,Canada,Not Eligible
ST4102,Andrew Vasa,Female,26,Indore,Madhya Pradesh,BSc,Biotechnology,6.03,7.5,Australia,Computer Science,947758,No,Instagram,Documents,Priya Sharma,2024-07-20,2024-09-19,Inactive,69,Medium,70,Germany,Not Eligible
ST4103,Falak Kaul,Female,22,Bangalore,Karnataka,BSc,CSE,6.56,8.3,Australia,Business Analytics,2866139,No,Referral,New Lead,Rohit Gupta,2026-05-19,2026-05-30,Inactive,99,Low,100,Canada,Not Eligible
ST4104,Ekbal Koshy,Male,20,Jaipur,Rajasthan,BA,Mechanical,7.17,6.3,USA,Business Analytics,3176781,Yes,Referral,Counseling,Rohit Gupta,2025-06-21,2025-07-16,Dropped,85,Low,93,USA,Not Eligible
ST4105,Chakradhar Vohra,Male,25,Ahmedabad,Gujarat,BA,Biotechnology,6.05,6.0,USA,Business Analytics,3165343,No,Instagram,Offer Letter,Priya Sharma,2024-11-04,2025-01-22,Inactive,65,Medium,65,USA,Not Eligible
ST4106,Jai Mander,Female,24,Jaipur,Rajasthan,BCom,CSE,7.41,8.0,Australia,Finance,3471156,Yes,Instagram,Enrolled,Priya Sharma,2024-11-29,2025-02-15,Converted,94,Low,99,Canada,Not Eligible
ST4107,Chandani Upadhyay,Female,18,Jaipur,Rajasthan,BTech,ECE,7.93,7.8,Australia,Data Science,1048535,Yes,Website,Counseling,Rahul Singh,2025-05-08,2025-05-23,Inactive,89,Low,92,Germany,Partial Scholarship
ST4108,Yutika Dyal,Male,21,Indore,Madhya Pradesh,BA,Marketing,6.32,8.0,UK,Finance,2197982,Yes,Referral,Enrolled,Rohit Gupta,2026-03-19,2026-04-04,Converted,99,Low,100,Canada,Not Eligible
ST4109,Falan Basu,Female,24,Bhopal,Madhya Pradesh,BCom,Finance,8.83,7.6,UK,Data Science,1570954,Yes,Referral,Counseling,Sneha Jain,2025-07-19,2025-08-08,Active,90,Low,100,Canada,Merit Scholarship
ST4110,Aadi Pingle,Male,18,Ahmedabad,Gujarat,BCom,Finance,7.13,7.2,Australia,Cyber Security,1733825,No,Instagram,Enrolled,Amit Verma,2024-11-18,2024-11-20,Converted,84,Medium,78,Canada,Not Eligible
ST4111,Siya Contractor,Female,21,Hyderabad,Telangana,BCom,Mechanical,9.79,8.5,Canada,MBA,1266457,Yes,Instagram,New Lead,Rohit Gupta,2025-08-12,2025-08-15,Inactive,92,Low,100,Germany,Merit Scholarship
ST4112,Yochana Savant,Male,28,Jaipur,Rajasthan,BBA,Biotechnology,7.63,6.8,Australia,Data Science,1565617,Yes,Instagram,Visa,Amit Verma,2026-02-14,2026-04-29,Converted,68,Medium,78,Australia,Partial Scholarship
ST4113,Pahal Wable,Male,23,Delhi,Delhi,BBA,IT,8.51,6.3,Australia,Cyber Security,2357329,Yes,Website,Contacted,Sneha Jain,2025-04-02,2025-05-12,Dropped,84,Low,92,Australia,Merit Scholarship
ST4114,Ansh Dugal,Male,26,Chennai,Tamil Nadu,BSc,CSE,8.76,6.7,UK,Business Analytics,2653355,Yes,Seminar,Counseling,Rohit Gupta,2024-07-08,2024-10-17,Inactive,93,Low,99,UK,Merit Scholarship
ST4115,Aashi Ratta,Male,22,Hyderabad,Telangana,BBA,Biotechnology,8.04,7.1,Germany,Business Analytics,1079176,No,WhatsApp,Visa,Priya Sharma,2025-06-26,2025-08-14,Converted,95,Low,85,Germany,Partial Scholarship
ST4116,Raagini Gokhale,Male,28,Delhi,Delhi,BBA,Marketing,7.77,5.5,Germany,Finance,1184227,Yes,Instagram,Documents,Sneha Jain,2025-07-01,2025-08-17,Dropped,65,Medium,67,Germany,Partial Scholarship
ST4117,Aishani Acharya,Male,21,Ahmedabad,Gujarat,BTech,CSE,6.67,8.4,UK,Cyber Security,804707,Yes,Website,Enrolled,Priya Sharma,2025-08-10,2025-11-19,Converted,93,Low,85,Germany,Not Eligible
ST4118,Anmol Dar,Male,24,Mumbai,Maharashtra,BTech,Finance,6.86,6.8,Germany,MBA,1261794,Yes,Referral,Enrolled,Amit Verma,2024-08-10,2024-12-04,Converted,85,Low,85,Germany,Not Eligible
ST4119,Hemal Rau,Male,20,Pune,Maharashtra,BBA,IT,8.04,8.2,Canada,Artificial Intelligence,962562,Yes,Instagram,Enrolled,Amit Verma,2025-09-10,2025-10-04,Converted,96,Low,96,Germany,Partial Scholarship
ST4120,Amol Singhal,Male,22,Chennai,Tamil Nadu,BTech,IT,7.67,5.9,Germany,MBA,1440724,Yes,WhatsApp,Offer Letter,Amit Verma,2025-08-07,2025-11-22,Inactive,65,Medium,70,Germany,Partial Scholarship
ST4121,Yuvraj Munshi,Female,24,Mumbai,Maharashtra,BBA,Mechanical,9.01,6.1,Canada,Cyber Security,1747551,Yes,Referral,Contacted,Rohit Gupta,2025-01-29,2025-04-26,Active,99,Low,100,Canada,Merit Scholarship
ST4122,Jyoti Nayak,Male,21,Bangalore,Karnataka,BBA,IT,7.73,8.1,UK,Business Analytics,2253961,Yes,Website,Counseling,Sneha Jain,2025-06-20,2025-07-03,Active,92,Low,100,Canada,Partial Scholarship
ST4123,Ladli Johal,Male,25,Delhi,Delhi,BCom,Mechanical,7.86,8.4,Canada,Business Analytics,1570070,Yes,Instagram,Visa,Amit Verma,2025-12-18,2026-02-13,Converted,88,Low,97,Canada,Partial Scholarship
ST4124,Anusha Aurora,Female,22,Delhi,Delhi,BBA,Biotechnology,9.48,7.8,UK,Finance,2603367,Yes,Website,Application,Priya Sharma,2024-11-30,2024-12-20,Inactive,99,Low,100,Canada,Merit Scholarship
ST4125,Ekani Basak,Male,27,Hyderabad,Telangana,BA,IT,7.28,7.9,Australia,MBA,2864682,Yes,Seminar,Contacted,Rahul Singh,2025-09-05,2025-09-24,Inactive,89,Low,96,Canada,Not Eligible
ST4126,Nihal Kale,Male,25,Chennai,Tamil Nadu,BCom,Finance,6.26,7.8,UK,Cyber Security,2394859,No,Referral,Visa,Priya Sharma,2026-01-01,2026-04-29,Active,99,Low,100,Canada,Not Eligible
ST4127,Vasana Reddy,Female,24,Mumbai,Maharashtra,BA,CSE,7.2,8.3,Australia,Business Analytics,1807257,No,Seminar,New Lead,Amit Verma,2025-05-11,2025-06-20,Inactive,93,Low,90,Canada,Not Eligible
ST4128,Avni Taneja,Male,18,Indore,Madhya Pradesh,BTech,ECE,8.21,6.7,Australia,Business Analytics,2371871,No,Seminar,Visa,Priya Sharma,2025-11-21,2025-12-02,Converted,90,Low,94,Australia,Partial Scholarship
ST4129,Sanya Chander,Female,22,Delhi,Delhi,BCom,Biotechnology,8.93,5.7,UK,Cyber Security,2877267,Yes,Referral,Counseling,Sneha Jain,2024-12-02,2025-01-22,Inactive,95,Low,100,UK,Merit Scholarship
ST4130,Baljiwan Sandhu,Female,26,Mumbai,Maharashtra,BCom,ECE,6.62,8.2,Canada,Business Analytics,1425403,No,Referral,Counseling,Rohit Gupta,2025-11-21,2026-01-21,Dropped,88,Low,97,Germany,Not Eligible
ST4131,Nirja Samra,Female,19,Bangalore,Karnataka,BTech,Mechanical,9.37,6.8,Australia,Business Analytics,2428132,Yes,Seminar,Enrolled,Rohit Gupta,2024-12-29,2025-02-17,Converted,99,Low,100,Australia,Merit Scholarship
ST4132,Hemani Bail,Male,23,Chennai,Tamil Nadu,BA,CSE,6.75,6.5,Canada,Business Analytics,3296808,No,WhatsApp,Application,Sneha Jain,2024-09-17,2024-10-06,Active,70,Medium,77,Canada,Not Eligible
ST4133,Zaitra Khosla,Female,28,Pune,Maharashtra,BCom,CSE,8.32,7.8,Australia,Business Analytics,2557924,Yes,Seminar,Offer Letter,Sneha Jain,2024-08-30,2024-10-21,Active,99,Low,100,Canada,Partial Scholarship
ST4134,Damini Deol,Male,28,Hyderabad,Telangana,BA,Mechanical,9.21,7.7,UK,Finance,2030230,Yes,Instagram,New Lead,Sneha Jain,2025-11-06,2026-01-11,Dropped,99,Low,100,Canada,Merit Scholarship
ST4135,Baljiwan Ahuja,Male,22,Bhopal,Madhya Pradesh,BSc,Finance,7.14,8.5,UK,MBA,2472790,Yes,Seminar,Documents,Rahul Singh,2025-10-30,2025-12-17,Active,99,Low,100,Canada,Not Eligible
ST4136,Yashodhara Walia,Male,26,Delhi,Delhi,BCom,Marketing,9.06,6.3,Canada,MBA,2439103,Yes,Instagram,Enrolled,Amit Verma,2026-03-09,2026-03-26,Converted,99,Low,97,Canada,Merit Scholarship
ST4137,Manthan Dugar,Female,23,Bangalore,Karnataka,BA,IT,8.89,5.9,USA,Computer Science,2683615,Yes,Instagram,Enrolled,Amit Verma,2025-06-04,2025-08-07,Converted,84,Low,92,USA,Merit Scholarship
ST4138,Max Sastry,Female,25,Bangalore,Karnataka,BTech,Marketing,6.33,8.3,Australia,Business Analytics,2097350,No,Instagram,Enrolled,Amit Verma,2025-06-26,2025-09-22,Converted,85,Low,91,Canada,Not Eligible
ST4139,Indrajit Chaudhuri,Male,24,Delhi,Delhi,BA,Mechanical,8.35,7.9,Australia,Business Analytics,3398032,Yes,Referral,Visa,Rohit Gupta,2026-03-05,2026-05-08,Converted,95,Low,100,Canada,Partial Scholarship
ST4140,Imaran Srinivasan,Male,20,Jaipur,Rajasthan,BTech,Biotechnology,6.6,5.5,Germany,Data Science,809048,No,Referral,Contacted,Rohit Gupta,2025-07-26,2025-09-13,Active,68,Medium,70,Germany,Not Eligible
ST4141,Isha Bajaj,Male,20,Pune,Maharashtra,BBA,ECE,7.69,6.0,Germany,Artificial Intelligence,1272667,No,WhatsApp,Counseling,Priya Sharma,2024-07-26,2024-10-05,Inactive,73,Medium,71,Germany,Partial Scholarship
ST4142,Pooja Menon,Male,26,Mumbai,Maharashtra,BCom,Mechanical,7.1,6.8,Canada,Artificial Intelligence,1112055,Yes,Referral,Application,Sneha Jain,2024-08-02,2024-11-07,Inactive,78,Low,87,Germany,Not Eligible
ST4143,Vedhika Dhar,Female,23,Mumbai,Maharashtra,BCom,Biotechnology,7.59,7.5,Australia,Artificial Intelligence,1252253,Yes,Website,Enrolled,Rohit Gupta,2026-02-20,2026-06-02,Converted,75,Low,85,Germany,Partial Scholarship
ST4144,Lavanya Lanka,Female,25,Ahmedabad,Gujarat,BA,IT,7.73,6.0,UK,Data Science,2148801,No,Instagram,Application,Amit Verma,2025-11-06,2025-12-06,Active,72,Low,82,UK,Partial Scholarship
ST4145,Naksh Sabharwal,Male,20,Chennai,Tamil Nadu,BBA,Marketing,8.83,6.7,UK,Computer Science,2525313,Yes,Referral,Enrolled,Rohit Gupta,2025-01-21,2025-05-11,Converted,99,Low,100,UK,Merit Scholarship
ST4146,Sai Raval,Female,21,Mumbai,Maharashtra,BSc,Marketing,7.82,6.8,UK,Artificial Intelligence,2375215,Yes,Website,Offer Letter,Amit Verma,2025-09-26,2025-10-09,Inactive,97,Low,90,UK,Partial Scholarship
ST4147,Sarthak Soni,Male,27,Delhi,Delhi,BSc,Biotechnology,9.13,7.8,Canada,Business Analytics,2586511,Yes,WhatsApp,Offer Letter,Rohit Gupta,2025-12-22,2026-02-24,Inactive,99,Low,100,Canada,Merit Scholarship
ST4148,Aarini Patla,Male,19,Indore,Madhya Pradesh,BBA,Marketing,6.29,5.8,Canada,Finance,2471711,Yes,Instagram,New Lead,Rohit Gupta,2025-04-11,2025-04-22,Active,73,Medium,64,Canada,Not Eligible
ST4149,Baljiwan Kapur,Female,19,Jaipur,Rajasthan,BCom,Mechanical,7.32,6.9,UK,MBA,2718435,Yes,Website,Documents,Rohit Gupta,2025-07-31,2025-11-12,Inactive,77,Low,87,UK,Not Eligible
ST4150,Dev Kade,Male,18,Ahmedabad,Gujarat,BBA,Biotechnology,7.9,7.6,Australia,Artificial Intelligence,1933422,No,Website,Documents,Amit Verma,2025-10-11,2025-11-29,Inactive,91,Low,89,Canada,Partial Scholarship
ST4151,Aarna Bora,Male,19,Pune,Maharashtra,BA,Biotechnology,6.9,6.6,Canada,MBA,1179122,No,Seminar,Offer Letter,Priya Sharma,2025-05-23,2025-09-07,Active,61,Medium,69,Germany,Not Eligible
ST4152,Ojas Lall,Female,20,Bhopal,Madhya Pradesh,BCom,CSE,7.31,7.0,Australia,Cyber Security,2277451,Yes,Referral,New Lead,Rohit Gupta,2024-11-06,2025-03-02,Dropped,93,Low,100,Canada,Not Eligible
ST4153,Keya Garde,Male,24,Mumbai,Maharashtra,BA,Biotechnology,8.53,6.9,USA,Cyber Security,2760191,Yes,Seminar,New Lead,Amit Verma,2024-07-26,2024-08-11,Inactive,95,Low,99,USA,Merit Scholarship
ST4154,Garima More,Female,25,Bangalore,Karnataka,BBA,Marketing,8.62,5.9,Germany,Computer Science,904144,Yes,Website,Documents,Priya Sharma,2025-11-01,2026-02-23,Inactive,86,Low,80,Germany,Merit Scholarship
ST4155,Wriddhish Parmar,Female,24,Bhopal,Madhya Pradesh,BBA,Biotechnology,7.5,6.1,Canada,Business Analytics,1253966,No,Website,Contacted,Rahul Singh,2025-07-18,2025-08-30,Dropped,65,Medium,70,Germany,Partial Scholarship
ST4156,Yasti Gaba,Female,28,Bhopal,Madhya Pradesh,BA,Finance,6.48,6.4,Canada,MBA,1624535,Yes,WhatsApp,Visa,Sneha Jain,2025-02-19,2025-04-02,Converted,61,Medium,63,Canada,Not Eligible
ST4157,Jai Bahri,Male,22,Chennai,Tamil Nadu,BTech,Biotechnology,6.89,7.7,Canada,Computer Science,2333959,Yes,Website,Visa,Amit Verma,2024-11-16,2025-03-05,Converted,87,Low,90,Canada,Not Eligible
ST4158,Lohit Nath,Female,28,Jaipur,Rajasthan,BBA,Mechanical,9.02,5.9,Canada,Computer Science,1639489,Yes,Website,Documents,Amit Verma,2025-12-29,2026-04-04,Inactive,89,Low,84,Canada,Merit Scholarship
ST4159,Vihaan Thaman,Female,19,Bangalore,Karnataka,BSc,Mechanical,8.8,6.5,Germany,MBA,1274272,Yes,Instagram,New Lead,Rahul Singh,2024-11-19,2025-01-01,Active,90,Low,88,Germany,Merit Scholarship
ST4160,Vedhika Rout,Male,23,Indore,Madhya Pradesh,BSc,Mechanical,6.26,5.5,UK,Artificial Intelligence,3193772,No,Seminar,Application,Amit Verma,2026-01-06,2026-01-20,Inactive,61,Medium,62,UK,Not Eligible
ST4161,Lekha Shan,Female,26,Indore,Madhya Pradesh,BCom,Mechanical,8.78,6.9,Canada,Computer Science,955428,Yes,Referral,Application,Amit Verma,2025-07-05,2025-10-29,Inactive,99,Low,100,Germany,Merit Scholarship
ST4162,Krishna Taneja,Male,26,Chennai,Tamil Nadu,BCom,CSE,7.84,7.8,Canada,MBA,3013178,Yes,Referral,Documents,Sneha Jain,2025-03-22,2025-05-13,Inactive,94,Low,100,Canada,Partial Scholarship
ST4163,Lajita Mammen,Male,22,Chennai,Tamil Nadu,BSc,CSE,9.44,7.8,Canada,Data Science,2491053,Yes,Instagram,Visa,Priya Sharma,2024-07-03,2024-09-09,Active,90,Low,100,Canada,Merit Scholarship
ST4164,Priya Upadhyay,Female,28,Delhi,Delhi,BTech,Finance,8.75,7.9,Australia,Computer Science,3284064,Yes,Seminar,Documents,Priya Sharma,2024-12-05,2025-01-23,Inactive,94,Low,100,Canada,Merit Scholarship
ST4165,Pahal Bhatti,Male,19,Bhopal,Madhya Pradesh,BTech,Marketing,6.43,7.7,Australia,Cyber Security,3125250,Yes,WhatsApp,Application,Priya Sharma,2025-04-30,2025-08-25,Dropped,82,Low,86,Canada,Not Eligible
ST4166,Daksh Dixit,Male,28,Indore,Madhya Pradesh,BSc,Mechanical,6.72,6.6,UK,Cyber Security,2620300,Yes,Website,Documents,Amit Verma,2025-10-15,2025-12-01,Inactive,67,Medium,77,UK,Not Eligible
ST4167,Janani Nayak,Female,26,Chennai,Tamil Nadu,BSc,ECE,7.2,6.5,Canada,Artificial Intelligence,1164171,No,Referral,Documents,Amit Verma,2025-09-26,2025-11-22,Dropped,94,Low,87,Germany,Not Eligible
ST4168,Lila Joshi,Female,27,Hyderabad,Telangana,BTech,Biotechnology,8.4,8.2,UK,Data Science,2964382,No,Referral,Enrolled,Amit Verma,2024-08-04,2024-08-13,Converted,93,Low,100,Canada,Partial Scholarship
ST4169,Damyanti Varghese,Male,21,Hyderabad,Telangana,BBA,Biotechnology,8.0,6.9,UK,Artificial Intelligence,2042636,No,Seminar,Application,Rahul Singh,2024-07-14,2024-09-05,Active,93,Low,94,UK,Partial Scholarship
ST4170,Charita Patla,Male,20,Jaipur,Rajasthan,BCom,Mechanical,6.9,7.2,Germany,Finance,898731,No,Website,Documents,Amit Verma,2025-04-16,2025-05-08,Active,70,Medium,76,Germany,Not Eligible
ST4171,Teerth Kohli,Male,28,Indore,Madhya Pradesh,BCom,IT,6.65,5.8,Canada,MBA,3030465,No,Seminar,Application,Sneha Jain,2026-01-14,2026-04-12,Inactive,78,Medium,68,Canada,Not Eligible
ST4172,Maanas Sharma,Female,28,Pune,Maharashtra,BTech,ECE,6.05,7.4,USA,Data Science,2955379,Yes,Referral,Enrolled,Sneha Jain,2026-04-28,2026-06-21,Converted,90,Low,94,Canada,Not Eligible
ST4173,Xalak Chhabra,Male,22,Indore,Madhya Pradesh,BSc,Biotechnology,8.98,7.0,Australia,MBA,2379637,Yes,Website,Offer Letter,Sneha Jain,2025-10-05,2026-01-08,Dropped,92,Low,100,Canada,Merit Scholarship
ST4174,Neel Pathak,Male,20,Pune,Maharashtra,BBA,IT,8.81,6.9,Australia,Data Science,1954495,Yes,Seminar,Counseling,Priya Sharma,2024-09-18,2024-09-26,Inactive,89,Low,92,Australia,Merit Scholarship
ST4175,Pranit Sawhney,Male,26,Bangalore,Karnataka,BSc,IT,6.04,6.7,Canada,Finance,3276733,Yes,WhatsApp,Enrolled,Amit Verma,2026-04-19,2026-05-28,Converted,80,Medium,72,Canada,Not Eligible
ST4176,Krishna Sandhu,Male,25,Chennai,Tamil Nadu,BCom,CSE,7.27,7.7,UK,MBA,2448456,No,Instagram,Counseling,Sneha Jain,2024-09-16,2024-10-21,Inactive,86,Low,94,Canada,Not Eligible
ST4177,Kai Choudhary,Male,21,Bhopal,Madhya Pradesh,BSc,Marketing,9.6,7.6,Australia,Business Analytics,2737941,Yes,Seminar,Counseling,Amit Verma,2025-01-08,2025-02-14,Dropped,99,Low,100,Canada,Merit Scholarship
ST4178,Aarav Kanda,Female,25,Hyderabad,Telangana,BTech,Marketing,9.52,8.4,Australia,Business Analytics,1586305,Yes,Website,Documents,Rohit Gupta,2025-05-08,2025-06-10,Dropped,99,Low,100,Canada,Merit Scholarship
ST4179,Rushil Sem,Male,22,Hyderabad,Telangana,BA,Mechanical,6.53,8.5,UK,Finance,3180466,Yes,Seminar,Visa,Priya Sharma,2026-05-11,2026-05-31,Converted,99,Low,95,Canada,Not Eligible
ST4180,Zashil Sampath,Female,20,Chennai,Tamil Nadu,BCom,Marketing,6.82,5.6,Australia,Finance,3272339,Yes,Seminar,Counseling,Priya Sharma,2024-08-17,2024-10-12,Inactive,68,Medium,68,Australia,Not Eligible
ST4181,Omaja Comar,Male,22,Indore,Madhya Pradesh,BBA,Biotechnology,8.11,5.5,Canada,Finance,3123213,No,Referral,Offer Letter,Priya Sharma,2024-10-30,2024-11-17,Active,96,Low,96,Canada,Partial Scholarship
ST4182,Jason Chatterjee,Female,23,Bhopal,Madhya Pradesh,BA,IT,9.02,6.0,Germany,Computer Science,855124,Yes,WhatsApp,Application,Rohit Gupta,2025-11-26,2026-02-01,Inactive,75,Low,85,Germany,Merit Scholarship
ST4183,Ayaan Lata,Male,25,Chennai,Tamil Nadu,BTech,Biotechnology,8.27,6.7,UK,Artificial Intelligence,1891944,No,Instagram,Offer Letter,Sneha Jain,2024-10-10,2025-01-09,Dropped,79,Low,84,UK,Partial Scholarship
ST4184,Bhavini Jain,Male,24,Mumbai,Maharashtra,BCom,Finance,8.36,5.5,Canada,Artificial Intelligence,879790,Yes,Instagram,Counseling,Rohit Gupta,2024-08-09,2024-08-22,Active,70,Medium,73,Germany,Partial Scholarship
ST4185,Jatin Swamy,Male,20,Mumbai,Maharashtra,BTech,Marketing,7.63,8.4,Canada,Business Analytics,1744549,Yes,Referral,Visa,Rohit Gupta,2025-07-04,2025-08-11,Converted,98,Low,100,Canada,Partial Scholarship
ST4186,Aryan Rege,Male,22,Bangalore,Karnataka,BCom,ECE,8.57,7.2,Canada,Computer Science,1025170,Yes,Instagram,Enrolled,Rohit Gupta,2026-02-27,2026-05-10,Converted,99,Low,92,Germany,Merit Scholarship
ST4187,Dipta Narayan,Male,19,Bhopal,Madhya Pradesh,BCom,IT,9.25,5.8,Australia,Artificial Intelligence,2724382,Yes,Instagram,Application,Rahul Singh,2026-04-27,2026-07-21,Dropped,96,Low,94,Australia,Merit Scholarship
ST4188,Hardik Sodhi,Male,24,Ahmedabad,Gujarat,BTech,CSE,8.7,6.5,Canada,Computer Science,3037319,Yes,Referral,New Lead,Rahul Singh,2026-05-30,2026-09-18,Dropped,98,Low,100,Canada,Merit Scholarship
ST4189,Gavin Gokhale,Female,25,Hyderabad,Telangana,BTech,Mechanical,8.76,6.3,Australia,Computer Science,1995701,Yes,WhatsApp,Enrolled,Amit Verma,2024-07-19,2024-10-25,Converted,86,Low,84,Australia,Merit Scholarship
ST4190,Nandini Prabhu,Female,19,Ahmedabad,Gujarat,BSc,CSE,7.58,7.8,UK,Computer Science,1539419,Yes,Instagram,Visa,Sneha Jain,2026-04-18,2026-06-10,Converted,96,Low,88,Canada,Partial Scholarship
ST4191,Tanish Bala,Female,20,Pune,Maharashtra,BSc,Biotechnology,6.18,6.8,Australia,Business Analytics,1603385,No,Referral,Visa,Rahul Singh,2024-06-13,2024-09-06,Active,76,Medium,78,Australia,Not Eligible
ST4192,Triya Wagle,Female,21,Ahmedabad,Gujarat,BCom,Biotechnology,6.09,7.2,USA,Computer Science,3202729,No,WhatsApp,Application,Rohit Gupta,2026-01-20,2026-01-21,Active,67,Medium,77,Canada,Not Eligible
ST4193,Harini Randhawa,Female,22,Bhopal,Madhya Pradesh,BSc,CSE,7.79,6.1,Canada,Artificial Intelligence,950132,Yes,Website,Visa,Priya Sharma,2025-05-29,2025-07-11,Converted,74,Medium,72,Germany,Partial Scholarship
ST4194,Triveni Murty,Male,25,Ahmedabad,Gujarat,BA,Mechanical,7.04,6.8,Australia,Artificial Intelligence,1813285,Yes,Website,Documents,Sneha Jain,2025-07-18,2025-07-31,Inactive,71,Medium,72,Australia,Not Eligible
ST4195,Hemal Hans,Male,24,Delhi,Delhi,BA,ECE,7.68,6.0,UK,Artificial Intelligence,2976655,Yes,WhatsApp,Contacted,Priya Sharma,2025-06-23,2025-08-16,Inactive,90,Low,81,UK,Partial Scholarship
ST4196,Vedant Tank,Male,27,Jaipur,Rajasthan,BA,Finance,6.61,6.7,Australia,Data Science,3439355,Yes,Seminar,Visa,Rohit Gupta,2026-05-28,2026-08-24,Converted,68,Medium,78,Australia,Not Eligible
ST4197,Dominic Swaminathan,Male,22,Jaipur,Rajasthan,BBA,Mechanical,9.44,8.4,Canada,Data Science,992462,Yes,Instagram,Contacted,Amit Verma,2025-02-22,2025-06-22,Inactive,99,Low,100,Germany,Merit Scholarship
ST4198,Abhiram Hegde,Male,22,Jaipur,Rajasthan,BBA,IT,6.26,8.4,UK,Computer Science,1840245,No,Instagram,Visa,Rohit Gupta,2025-05-12,2025-08-01,Converted,87,Low,81,Canada,Not Eligible
ST4199,Ekapad Ratta,Female,18,Bangalore,Karnataka,BBA,Finance,8.8,5.9,Germany,Artificial Intelligence,1228845,Yes,Seminar,Counseling,Amit Verma,2025-09-28,2025-11-28,Inactive,75,Low,82,Germany,Merit Scholarship
ST4200,Rachita Rai,Female,27,Indore,Madhya Pradesh,BSc,CSE,8.68,7.1,Canada,Business Analytics,1332061,Yes,WhatsApp,Visa,Amit Verma,2024-07-03,2024-10-31,Active,99,Low,91,Germany,Merit Scholarship
ST4201,Akshay Tiwari,Male,27,Delhi,Delhi,BA,IT,6.23,5.7,UK,Cyber Security,1815031,No,Instagram,Documents,Priya Sharma,2024-06-10,2024-08-10,Dropped,46,High,54,UK,Not Eligible
ST4202,Kamala Swamy,Female,23,Pune,Maharashtra,BBA,Marketing,8.29,7.1,Canada,Business Analytics,3044367,Yes,Seminar,Counseling,Rahul Singh,2025-02-11,2025-02-14,Active,99,Low,97,Canada,Partial Scholarship
ST4203,Vasana Mani,Female,19,Mumbai,Maharashtra,BA,Mechanical,9.52,8.0,Canada,Cyber Security,1081720,Yes,Referral,Visa,Amit Verma,2025-02-10,2025-05-26,Converted,95,Low,100,Germany,Merit Scholarship
ST4204,Zayan Biswas,Male,21,Mumbai,Maharashtra,BA,IT,9.16,6.6,Germany,Finance,1114226,Yes,WhatsApp,Offer Letter,Rohit Gupta,2025-12-12,2026-02-01,Dropped,98,Low,91,Germany,Merit Scholarship
ST4205,Ekantika Balakrishnan,Female,20,Jaipur,Rajasthan,BA,Mechanical,9.17,7.5,UK,Cyber Security,2743213,Yes,Instagram,Counseling,Priya Sharma,2025-08-29,2025-11-23,Active,99,Low,100,Canada,Merit Scholarship
ST4206,Shivansh Balasubramanian,Male,18,Chennai,Tamil Nadu,BA,Marketing,6.51,6.3,USA,MBA,2683929,Yes,Seminar,Documents,Priya Sharma,2025-02-09,2025-02-22,Active,63,Medium,72,USA,Not Eligible
ST4207,Vihaan Mahajan,Female,26,Chennai,Tamil Nadu,BSc,Mechanical,9.61,7.5,Australia,Cyber Security,986377,Yes,Website,Contacted,Rohit Gupta,2025-08-17,2025-10-10,Active,99,Low,100,Germany,Merit Scholarship
ST4208,Oni Sheth,Female,27,Hyderabad,Telangana,BBA,ECE,8.22,5.7,UK,Finance,1589866,No,Website,Documents,Priya Sharma,2026-05-11,2026-08-20,Dropped,81,Medium,74,UK,Partial Scholarship
ST4209,Udyati Ghose,Male,24,Bhopal,Madhya Pradesh,BSc,ECE,6.76,5.6,Australia,Data Science,1516041,Yes,WhatsApp,Enrolled,Rohit Gupta,2024-12-28,2025-02-20,Converted,66,High,57,Australia,Not Eligible
ST4210,Jasmit Gopal,Male,27,Jaipur,Rajasthan,BBA,Finance,7.85,6.7,Australia,Finance,3102445,No,Website,Contacted,Priya Sharma,2025-02-02,2025-05-27,Inactive,91,Low,90,Australia,Partial Scholarship
ST4211,Lucky Ray,Female,28,Pune,Maharashtra,BSc,Mechanical,7.73,7.3,Germany,Business Analytics,1489615,No,Seminar,Application,Priya Sharma,2024-12-09,2024-12-11,Inactive,90,Low,85,Germany,Partial Scholarship
ST4212,Damyanti Borde,Male,25,Jaipur,Rajasthan,BA,Finance,6.98,8.0,UK,Data Science,1276485,No,Seminar,Documents,Sneha Jain,2024-06-04,2024-07-30,Inactive,74,Low,84,Germany,Not Eligible
ST4213,Anmol Gole,Female,19,Pune,Maharashtra,BTech,ECE,7.29,7.7,Australia,MBA,2007495,No,Website,Contacted,Amit Verma,2024-11-12,2025-01-08,Dropped,95,Low,94,Canada,Not Eligible
ST4214,Oni Dixit,Male,26,Mumbai,Maharashtra,BBA,Marketing,7.5,6.3,Canada,MBA,1101011,Yes,Instagram,Enrolled,Rohit Gupta,2025-06-22,2025-10-07,Converted,67,Medium,72,Germany,Partial Scholarship
ST4215,Jeremiah Sura,Male,22,Jaipur,Rajasthan,BBA,IT,8.35,7.3,Canada,Artificial Intelligence,1762607,Yes,Website,Enrolled,Priya Sharma,2025-01-12,2025-02-16,Converted,86,Low,91,Canada,Partial Scholarship
ST4216,Unni Ratta,Male,26,Ahmedabad,Gujarat,BA,Biotechnology,7.61,5.7,Australia,Data Science,1706171,No,Website,Visa,Rahul Singh,2025-12-11,2026-01-29,Active,61,Medium,68,Australia,Partial Scholarship
ST4217,Brijesh Bal,Male,25,Indore,Madhya Pradesh,BA,CSE,6.86,8.0,Australia,Cyber Security,2333587,No,Seminar,Counseling,Sneha Jain,2025-09-15,2025-10-16,Dropped,99,Low,93,Canada,Not Eligible
ST4218,Nandini Gopal,Female,19,Mumbai,Maharashtra,BTech,Marketing,7.62,8.2,UK,Cyber Security,1639372,No,Instagram,Documents,Rahul Singh,2024-06-05,2024-08-26,Dropped,92,Low,92,Canada,Partial Scholarship
ST4219,Mohini Roy,Male,20,Ahmedabad,Gujarat,BA,Mechanical,8.29,8.1,Canada,Artificial Intelligence,2749673,No,Referral,Counseling,Amit Verma,2026-02-08,2026-06-03,Active,94,Low,100,Canada,Partial Scholarship
ST4220,Omkaar Agate,Male,23,Bhopal,Madhya Pradesh,BCom,CSE,7.05,8.4,Canada,Artificial Intelligence,3178970,Yes,Seminar,Documents,Sneha Jain,2025-03-18,2025-03-22,Inactive,97,Low,99,Canada,Not Eligible
ST4221,Ishwar Borra,Female,28,Chennai,Tamil Nadu,BTech,Marketing,6.87,6.6,UK,MBA,3305696,No,WhatsApp,Offer Letter,Sneha Jain,2025-02-21,2025-03-07,Inactive,84,Medium,78,UK,Not Eligible
ST4222,Alka Savant,Male,26,Indore,Madhya Pradesh,BSc,CSE,8.73,7.5,Australia,Cyber Security,1373915,Yes,Referral,New Lead,Priya Sharma,2025-02-18,2025-05-31,Active,99,Low,100,Germany,Merit Scholarship
ST4223,Edhitha Khanna,Female,26,Delhi,Delhi,BTech,CSE,8.54,6.0,Canada,Artificial Intelligence,1093600,Yes,Website,Counseling,Priya Sharma,2025-04-08,2025-05-26,Active,77,Low,80,Germany,Merit Scholarship
ST4224,Onveer Lad,Male,21,Chennai,Tamil Nadu,BA,Mechanical,7.53,5.8,UK,MBA,2465548,Yes,Website,Documents,Priya Sharma,2025-08-15,2025-09-14,Active,74,Medium,77,UK,Partial Scholarship
ST4225,Patrick Narayan,Female,23,Ahmedabad,Gujarat,BA,Biotechnology,8.8,8.1,Canada,Artificial Intelligence,2081534,Yes,Website,New Lead,Rohit Gupta,2024-10-10,2024-11-08,Active,96,Low,100,Canada,Merit Scholarship
ST4226,Inaya Choudhury,Female,23,Ahmedabad,Gujarat,BA,ECE,7.88,6.6,Australia,Data Science,3278723,No,WhatsApp,New Lead,Amit Verma,2026-02-19,2026-03-25,Active,78,Low,88,Australia,Partial Scholarship
ST4227,Ganga Sahni,Female,20,Indore,Madhya Pradesh,BCom,IT,6.6,6.8,Canada,Artificial Intelligence,2595464,No,WhatsApp,Application,Rahul Singh,2024-06-23,2024-08-30,Dropped,69,Medium,77,Canada,Not Eligible
ST4228,Shivansh Narain,Male,23,Delhi,Delhi,BBA,Marketing,6.94,6.9,Germany,Computer Science,869064,Yes,Seminar,Application,Sneha Jain,2024-06-03,2024-08-08,Dropped,66,Medium,73,Germany,Not Eligible
ST4229,Harinakshi Vig,Male,22,Mumbai,Maharashtra,BSc,ECE,7.12,8.2,Australia,MBA,1055785,No,Website,Offer Letter,Amit Verma,2025-12-24,2026-02-14,Active,77,Low,87,Germany,Not Eligible
ST4230,Yatin Krishnan,Male,24,Delhi,Delhi,BBA,IT,8.29,6.3,UK,Finance,3399401,No,WhatsApp,Application,Rohit Gupta,2025-06-14,2025-06-22,Active,79,Low,89,UK,Partial Scholarship
ST4231,Yahvi Aurora,Male,27,Jaipur,Rajasthan,BTech,CSE,9.48,6.4,Canada,Business Analytics,2933646,Yes,Website,Counseling,Rohit Gupta,2025-05-27,2025-08-13,Inactive,93,Low,100,Canada,Merit Scholarship
ST4232,Ryan Ramachandran,Male,20,Jaipur,Rajasthan,BA,IT,7.36,7.1,Australia,Finance,1746308,No,Website,Counseling,Rohit Gupta,2026-02-27,2026-05-07,Active,68,Medium,78,Canada,Not Eligible
ST4233,Jonathan Kunda,Female,28,Jaipur,Rajasthan,BCom,Finance,7.5,7.8,Australia,Finance,2992939,Yes,Seminar,Enrolled,Priya Sharma,2025-09-14,2025-09-19,Converted,99,Low,98,Canada,Partial Scholarship
ST4234,Nathan Venkataraman,Female,22,Mumbai,Maharashtra,BBA,Mechanical,6.32,5.9,Germany,Business Analytics,1230457,Yes,Referral,Documents,Priya Sharma,2026-02-21,2026-05-18,Dropped,65,Medium,72,Germany,Not Eligible
ST4235,Aarna Atwal,Male,23,Ahmedabad,Gujarat,BSc,Finance,9.57,6.4,UK,Finance,2745458,Yes,Website,Visa,Rahul Singh,2024-06-29,2024-07-27,Converted,99,Low,100,UK,Merit Scholarship
ST4236,Urvi Chaudhry,Male,20,Indore,Madhya Pradesh,BSc,IT,8.49,6.0,USA,Business Analytics,2902111,Yes,Referral,Offer Letter,Amit Verma,2024-08-19,2024-08-26,Inactive,95,Low,100,USA,Partial Scholarship
ST4237,Yatan Contractor,Male,21,Pune,Maharashtra,BSc,IT,7.94,8.0,Australia,Data Science,2102853,Yes,Instagram,Counseling,Rahul Singh,2025-07-24,2025-10-29,Inactive,99,Low,100,Canada,Partial Scholarship
ST4238,Anya Ratti,Male,28,Jaipur,Rajasthan,BA,ECE,9.49,6.6,Canada,Computer Science,2305982,Yes,Website,Visa,Rohit Gupta,2025-05-26,2025-07-17,Active,97,Low,100,Canada,Merit Scholarship
ST4239,Dhriti Khalsa,Male,27,Indore,Madhya Pradesh,BSc,Marketing,6.86,6.0,Canada,MBA,2809960,No,Seminar,Visa,Amit Verma,2025-08-29,2025-11-03,Converted,83,Medium,73,Canada,Not Eligible
ST4240,Vasana Kashyap,Male,27,Indore,Madhya Pradesh,BCom,IT,7.16,6.1,Germany,MBA,1210760,No,Seminar,New Lead,Priya Sharma,2024-12-12,2025-02-13,Inactive,60,Medium,66,Germany,Not Eligible
ST4241,Yoshita Iyer,Male,21,Chennai,Tamil Nadu,BBA,ECE,6.89,7.0,Germany,Artificial Intelligence,1179010,No,Seminar,Contacted,Sneha Jain,2024-08-02,2024-10-18,Dropped,65,Medium,73,Germany,Not Eligible
ST4242,Falguni Swamy,Male,22,Chennai,Tamil Nadu,BA,CSE,9.04,6.0,Canada,Data Science,1834209,Yes,Website,Visa,Rohit Gupta,2025-05-02,2025-08-09,Active,88,Low,85,Canada,Merit Scholarship
ST4243,Nicholas Mallick,Male,19,Chennai,Tamil Nadu,BSc,Finance,8.37,7.4,UK,Business Analytics,2641032,Yes,WhatsApp,Counseling,Sneha Jain,2024-07-19,2024-07-26,Inactive,99,Low,100,Canada,Partial Scholarship
ST4244,Amruta Khosla,Female,25,Mumbai,Maharashtra,BSc,Mechanical,9.48,7.8,Australia,Finance,1613641,Yes,Website,Offer Letter,Rohit Gupta,2026-05-31,2026-06-04,Inactive,99,Low,100,Canada,Merit Scholarship
ST4245,Oscar Mukhopadhyay,Female,18,Jaipur,Rajasthan,BBA,Marketing,8.67,7.6,UK,Artificial Intelligence,3262341,Yes,Website,Documents,Amit Verma,2026-04-08,2026-08-03,Active,99,Low,100,Canada,Merit Scholarship
ST4246,Leena Bahl,Female,24,Hyderabad,Telangana,BCom,Biotechnology,7.24,7.4,Germany,MBA,920734,Yes,Referral,New Lead,Priya Sharma,2024-08-13,2024-11-16,Inactive,94,Low,96,Germany,Not Eligible
ST4247,Akshay Dayal,Male,21,Pune,Maharashtra,BTech,CSE,8.04,7.0,UK,Finance,2251304,Yes,Website,Contacted,Sneha Jain,2025-12-06,2025-12-23,Active,99,Low,95,Canada,Partial Scholarship
ST4248,Jagdish Char,Female,28,Mumbai,Maharashtra,BTech,ECE,7.65,8.3,Australia,MBA,3135741,Yes,Referral,Application,Rahul Singh,2025-02-05,2025-05-27,Inactive,99,Low,100,Canada,Partial Scholarship
ST4249,Ekaraj Modi,Male,18,Hyderabad,Telangana,BBA,Mechanical,6.22,8.1,UK,Cyber Security,3077596,Yes,Website,Documents,Sneha Jain,2024-10-25,2025-01-31,Active,90,Low,87,Canada,Not Eligible
ST4250,Ikbal Rama,Female,19,Hyderabad,Telangana,BBA,Finance,7.03,5.7,Canada,Cyber Security,3379036,Yes,Instagram,New Lead,Rahul Singh,2025-11-15,2026-02-06,Dropped,74,Medium,72,Canada,Not Eligible
ST4251,Kashvi Babu,Female,19,Indore,Madhya Pradesh,BA,Biotechnology,6.44,6.0,Canada,Data Science,3182266,Yes,Website,Contacted,Rohit Gupta,2025-01-04,2025-01-26,Dropped,74,Medium,69,Canada,Not Eligible
ST4252,Rajeshri Pradhan,Male,23,Chennai,Tamil Nadu,BSc,Mechanical,8.39,7.7,UK,MBA,828631,Yes,Seminar,Contacted,Rohit Gupta,2025-04-25,2025-07-08,Active,99,Low,95,Germany,Partial Scholarship
ST4253,Kashvi Talwar,Male,26,Indore,Madhya Pradesh,BA,ECE,8.76,6.2,Germany,Data Science,1061838,Yes,Website,Contacted,Priya Sharma,2026-02-12,2026-04-07,Dropped,91,Low,84,Germany,Merit Scholarship
ST4254,Ishita Dass,Female,21,Bangalore,Karnataka,BCom,CSE,6.14,6.3,Canada,Finance,1443642,Yes,Website,Offer Letter,Rahul Singh,2025-06-16,2025-09-09,Active,66,High,58,Germany,Not Eligible
ST4255,Aishani Patla,Male,19,Hyderabad,Telangana,BBA,ECE,9.03,6.9,UK,Data Science,1605206,Yes,Referral,Contacted,Rohit Gupta,2024-10-14,2025-01-10,Inactive,99,Low,100,UK,Merit Scholarship
ST4256,Ekaja Parmer,Male,27,Chennai,Tamil Nadu,BCom,IT,6.55,8.3,UK,Artificial Intelligence,2062427,Yes,WhatsApp,New Lead,Rohit Gupta,2025-11-22,2026-03-19,Inactive,83,Low,93,Canada,Not Eligible
ST4257,Vivaan Thaker,Female,21,Hyderabad,Telangana,BBA,Mechanical,6.96,5.6,UK,Finance,2193176,No,WhatsApp,Application,Rohit Gupta,2025-04-15,2025-05-25,Active,63,Medium,69,UK,Not Eligible
ST4258,Odika Ghose,Female,26,Hyderabad,Telangana,BTech,ECE,8.5,6.1,Canada,Business Analytics,1804163,Yes,Website,Application,Rohit Gupta,2025-04-29,2025-08-08,Dropped,90,Low,80,Canada,Merit Scholarship
ST4259,Praneel Basu,Female,23,Delhi,Delhi,BTech,Finance,9.41,8.2,UK,MBA,2984819,Yes,Website,New Lead,Priya Sharma,2025-10-21,2025-11-10,Dropped,99,Low,100,Canada,Merit Scholarship
ST4260,Qasim Din,Male,20,Jaipur,Rajasthan,BCom,CSE,8.25,7.9,Canada,MBA,2324114,No,Seminar,Documents,Priya Sharma,2025-04-11,2025-06-23,Inactive,99,Low,100,Canada,Partial Scholarship
ST4261,Yauvani Shenoy,Male,27,Chennai,Tamil Nadu,BBA,ECE,6.28,6.7,Canada,MBA,1238171,No,Seminar,Counseling,Sneha Jain,2026-05-20,2026-06-07,Inactive,59,Medium,64,Germany,Not Eligible
ST4262,Urmi Sengupta,Male,18,Jaipur,Rajasthan,BBA,Mechanical,8.83,7.2,Australia,Cyber Security,2707557,Yes,Instagram,Documents,Rahul Singh,2025-09-02,2025-11-24,Active,99,Low,100,Canada,Merit Scholarship
ST4263,Manya Gaba,Male,23,Indore,Madhya Pradesh,BA,Finance,8.5,5.7,Canada,Data Science,2580842,Yes,Seminar,Documents,Amit Verma,2025-05-14,2025-05-22,Active,85,Low,87,Canada,Merit Scholarship
ST4264,Wridesh Vala,Female,21,Mumbai,Maharashtra,BA,Biotechnology,7.66,7.0,Germany,Finance,1113695,No,WhatsApp,New Lead,Rahul Singh,2026-02-26,2026-05-20,Active,73,Low,81,Germany,Partial Scholarship
ST4265,Lajita Reddy,Female,19,Jaipur,Rajasthan,BCom,IT,8.75,7.8,Australia,Data Science,3177712,Yes,Instagram,Documents,Amit Verma,2025-10-10,2025-10-15,Dropped,96,Low,100,Canada,Merit Scholarship
ST4266,Baghyawati Kara,Female,25,Bhopal,Madhya Pradesh,BTech,CSE,7.87,8.2,Canada,Data Science,952156,Yes,Website,New Lead,Rahul Singh,2024-12-11,2025-03-03,Inactive,99,Low,94,Germany,Partial Scholarship
ST4267,Advika Bhatti,Female,21,Hyderabad,Telangana,BBA,Marketing,7.22,7.0,Canada,MBA,1778561,Yes,Referral,New Lead,Rahul Singh,2024-10-24,2025-02-17,Dropped,86,Low,92,Canada,Not Eligible
ST4268,Abdul Seth,Female,23,Delhi,Delhi,BCom,CSE,7.31,6.7,Canada,MBA,3245232,No,Website,Enrolled,Amit Verma,2024-06-27,2024-08-03,Converted,89,Low,85,Canada,Not Eligible
ST4269,Janya Buch,Female,28,Bangalore,Karnataka,BSc,Mechanical,8.34,6.7,UK,Artificial Intelligence,2690144,No,Website,Documents,Sneha Jain,2026-03-13,2026-04-18,Dropped,99,Low,95,UK,Partial Scholarship
ST4270,Shivansh Deep,Female,28,Mumbai,Maharashtra,BA,ECE,6.57,7.7,UK,Cyber Security,2685673,Yes,Instagram,Documents,Rahul Singh,2025-12-08,2026-01-21,Active,81,Low,87,Canada,Not Eligible
ST4271,Yashasvi Mahajan,Male,18,Bangalore,Karnataka,BBA,Mechanical,7.62,7.9,UK,Artificial Intelligence,2876325,No,Referral,Contacted,Priya Sharma,2025-08-31,2025-10-10,Dropped,99,Low,100,Canada,Partial Scholarship
ST4272,Aahana Dubey,Female,20,Chennai,Tamil Nadu,BTech,ECE,7.04,7.8,UK,Finance,2370504,No,Website,Enrolled,Rahul Singh,2025-01-31,2025-02-12,Converted,86,Low,93,Canada,Not Eligible
ST4273,Arya Ramakrishnan,Female,18,Jaipur,Rajasthan,BCom,Finance,9.26,7.1,Canada,Business Analytics,3100323,Yes,Website,Application,Amit Verma,2024-06-04,2024-06-22,Dropped,99,Low,100,Canada,Merit Scholarship
ST4274,Abha Muni,Male,23,Jaipur,Rajasthan,BSc,ECE,6.55,6.3,Germany,Data Science,1194342,Yes,WhatsApp,Enrolled,Amit Verma,2025-06-22,2025-10-10,Converted,64,Medium,62,Germany,Not Eligible
ST4275,Daniel Keer,Female,25,Jaipur,Rajasthan,BCom,ECE,6.87,6.2,Australia,Cyber Security,2230013,Yes,Seminar,Application,Rahul Singh,2026-03-23,2026-03-28,Dropped,82,Medium,75,Australia,Not Eligible
ST4276,Simon Bhasin,Male,27,Mumbai,Maharashtra,BSc,IT,8.44,6.5,USA,Finance,2753363,No,Referral,Offer Letter,Sneha Jain,2025-09-01,2025-12-29,Dropped,99,Low,100,USA,Partial Scholarship
ST4277,Jasmit Anne,Male,22,Bangalore,Karnataka,BSc,CSE,8.55,7.1,UK,Artificial Intelligence,1588308,Yes,Website,Offer Letter,Rahul Singh,2026-04-15,2026-04-22,Inactive,86,Low,90,Canada,Merit Scholarship
ST4278,Balendra Pandya,Female,18,Hyderabad,Telangana,BTech,Biotechnology,8.03,7.6,Canada,Data Science,3486958,No,Referral,Visa,Amit Verma,2024-10-29,2025-02-22,Converted,93,Low,100,Canada,Partial Scholarship
ST4279,Amol Bhagat,Female,20,Jaipur,Rajasthan,BBA,IT,6.06,7.4,Australia,MBA,3131244,No,Instagram,Enrolled,Sneha Jain,2024-12-20,2025-01-01,Converted,82,Medium,79,Canada,Not Eligible
ST4280,Janya Chana,Male,20,Ahmedabad,Gujarat,BCom,IT,7.4,6.7,Germany,Business Analytics,861980,Yes,Instagram,Contacted,Amit Verma,2025-11-29,2025-12-15,Dropped,79,Medium,76,Germany,Not Eligible
ST4281,Udarsh Bajwa,Male,22,Ahmedabad,Gujarat,BTech,CSE,8.38,5.9,Germany,Data Science,809692,No,Referral,New Lead,Priya Sharma,2024-06-14,2024-07-27,Inactive,94,Low,92,Germany,Partial Scholarship
ST4282,Mitali Rajagopalan,Male,23,Indore,Madhya Pradesh,BBA,ECE,9.45,8.3,UK,Cyber Security,3123389,Yes,Seminar,Contacted,Sneha Jain,2024-11-23,2025-02-15,Dropped,99,Low,100,Canada,Merit Scholarship
ST4283,Anay Goda,Male,18,Hyderabad,Telangana,BTech,ECE,7.3,6.3,Germany,Cyber Security,1232190,No,WhatsApp,Visa,Rohit Gupta,2025-03-14,2025-06-01,Converted,67,Medium,69,Germany,Not Eligible
ST4284,Saumya Patla,Female,22,Mumbai,Maharashtra,BCom,IT,9.53,5.9,Germany,Business Analytics,1030781,Yes,Website,Visa,Rohit Gupta,2024-12-06,2024-12-23,Converted,83,Low,89,Germany,Merit Scholarship
ST4285,Jatin Saxena,Female,18,Chennai,Tamil Nadu,BTech,Biotechnology,9.29,6.8,Australia,Finance,2210021,Yes,Website,Documents,Rohit Gupta,2025-04-20,2025-04-23,Inactive,99,Low,100,Australia,Merit Scholarship
ST4286,Ria Wali,Female,26,Delhi,Delhi,BTech,CSE,9.03,7.1,Australia,MBA,3284034,Yes,Seminar,New Lead,Rahul Singh,2026-01-25,2026-01-27,Dropped,93,Low,100,Canada,Merit Scholarship
ST4287,Pranav Dass,Female,19,Bhopal,Madhya Pradesh,BBA,ECE,6.25,8.1,Australia,Cyber Security,1264815,Yes,Instagram,Application,Sneha Jain,2025-01-07,2025-01-24,Active,78,Medium,77,Germany,Not Eligible
ST4288,Harita Narang,Male,22,Hyderabad,Telangana,BA,Marketing,9.73,8.5,Australia,Computer Science,890696,Yes,Instagram,Offer Letter,Amit Verma,2025-02-01,2025-04-19,Active,92,Low,100,Germany,Merit Scholarship
ST4289,Ladli Ramesh,Female,25,Jaipur,Rajasthan,BBA,Finance,6.87,6.5,Canada,Computer Science,3197074,Yes,Referral,New Lead,Rahul Singh,2024-07-13,2024-11-07,Active,95,Low,93,Canada,Not Eligible
ST4290,Thomas Mody,Female,25,Bangalore,Karnataka,BA,Mechanical,6.08,5.6,Germany,MBA,1172401,Yes,Website,Counseling,Amit Verma,2025-03-12,2025-04-19,Dropped,44,High,50,Germany,Not Eligible
ST4291,Krishna Zacharia,Female,22,Mumbai,Maharashtra,BTech,Mechanical,7.9,8.0,Australia,MBA,1874708,Yes,Referral,Visa,Sneha Jain,2025-06-03,2025-08-03,Active,97,Low,100,Canada,Partial Scholarship
ST4292,Sai Chokshi,Male,19,Delhi,Delhi,BSc,Finance,6.66,8.1,Australia,Computer Science,3250859,No,Instagram,Application,Priya Sharma,2024-10-31,2024-12-20,Dropped,87,Low,91,Canada,Not Eligible
ST4293,Yasti Aurora,Male,21,Bhopal,Madhya Pradesh,BA,Biotechnology,7.83,7.8,Australia,MBA,936384,No,Referral,Visa,Sneha Jain,2025-07-21,2025-10-18,Converted,99,Low,100,Germany,Partial Scholarship
ST4294,Urmi Bains,Male,23,Indore,Madhya Pradesh,BCom,Marketing,9.78,5.8,Germany,Cyber Security,839936,Yes,Seminar,Counseling,Sneha Jain,2026-04-08,2026-06-21,Active,82,Low,89,Germany,Merit Scholarship
ST4295,Harsh Jaggi,Female,28,Hyderabad,Telangana,BTech,Marketing,8.54,8.1,UK,Cyber Security,2671239,Yes,WhatsApp,Offer Letter,Rahul Singh,2025-10-31,2025-11-06,Dropped,90,Low,100,Canada,Merit Scholarship
ST4296,Yuvraj Munshi,Female,21,Indore,Madhya Pradesh,BA,Mechanical,7.76,7.1,Australia,Computer Science,2024506,Yes,Instagram,Counseling,Priya Sharma,2026-02-16,2026-03-20,Active,97,Low,92,Canada,Partial Scholarship
ST4297,Zaitra Ramakrishnan,Male,22,Bangalore,Karnataka,BTech,ECE,6.45,7.7,Canada,Cyber Security,3000395,Yes,Instagram,Application,Sneha Jain,2025-10-15,2025-10-30,Dropped,79,Low,86,Canada,Not Eligible
ST4298,Abhiram Bhandari,Male,26,Chennai,Tamil Nadu,BBA,CSE,7.24,7.4,Canada,Business Analytics,2995292,Yes,Referral,Documents,Sneha Jain,2025-01-07,2025-01-18,Inactive,99,Low,100,Canada,Not Eligible
ST4299,Riya Sanghvi,Male,22,Bhopal,Madhya Pradesh,BCom,Mechanical,8.26,6.5,UK,Artificial Intelligence,2587632,No,Instagram,Offer Letter,Amit Verma,2024-11-12,2025-02-14,Inactive,90,Low,92,UK,Partial Scholarship
ST4300,Kiaan Nazareth,Male,26,Hyderabad,Telangana,BA,IT,6.28,7.2,UK,Computer Science,2689346,Yes,Instagram,Application,Priya Sharma,2025-03-23,2025-07-04,Active,84,Medium,79,Canada,Not Eligible
ST4301,Sara Cherian,Female,18,Bangalore,Karnataka,BBA,Biotechnology,8.36,6.4,Australia,Artificial Intelligence,2917481,Yes,Website,Offer Letter,Rohit Gupta,2025-04-23,2025-05-27,Dropped,99,Low,92,Australia,Partial Scholarship
ST4302,Hritik Varughese,Male,22,Bangalore,Karnataka,BCom,Marketing,6.49,6.0,Australia,MBA,2652978,Yes,WhatsApp,Counseling,Rahul Singh,2024-09-04,2024-10-22,Inactive,61,Medium,69,Australia,Not Eligible
ST4303,Saanvi Sehgal,Female,26,Chennai,Tamil Nadu,BBA,Finance,7.92,5.9,Germany,Finance,1100768,Yes,Seminar,Contacted,Rahul Singh,2025-07-20,2025-09-02,Dropped,80,Medium,73,Germany,Partial Scholarship
ST4304,Deepa Pingle,Male,19,Chennai,Tamil Nadu,BTech,CSE,8.75,7.1,Germany,MBA,1238112,Yes,Instagram,Application,Rohit Gupta,2025-02-26,2025-04-23,Active,84,Low,92,Germany,Merit Scholarship
ST4305,Lila Chaudhari,Female,25,Bangalore,Karnataka,BBA,Mechanical,8.72,8.4,Australia,Business Analytics,1900523,Yes,Seminar,Documents,Rohit Gupta,2024-08-02,2024-11-27,Active,99,Low,100,Canada,Merit Scholarship
ST4306,Rajeshri Deol,Male,21,Ahmedabad,Gujarat,BA,ECE,9.44,6.1,Canada,Computer Science,2492255,Yes,Website,New Lead,Priya Sharma,2025-07-29,2025-08-30,Dropped,99,Low,99,Canada,Merit Scholarship
ST4307,Yamini Ganesh,Male,24,Pune,Maharashtra,BA,Biotechnology,7.75,6.4,USA,Cyber Security,2649694,Yes,Website,Offer Letter,Rahul Singh,2025-10-28,2026-01-12,Active,81,Low,86,USA,Partial Scholarship
ST4308,Jasmit Iyengar,Female,21,Indore,Madhya Pradesh,BCom,CSE,6.92,7.6,Canada,Data Science,2153080,Yes,Website,Enrolled,Amit Verma,2024-10-05,2024-10-16,Converted,94,Low,89,Canada,Not Eligible
ST4309,Maya Narayanan,Male,26,Mumbai,Maharashtra,BSc,Biotechnology,7.34,7.5,Australia,Artificial Intelligence,3277969,No,Website,Enrolled,Amit Verma,2025-09-21,2025-12-13,Converted,98,Low,93,Canada,Not Eligible
ST4310,Ekantika Barad,Female,23,Bhopal,Madhya Pradesh,BSc,CSE,8.29,8.3,Australia,Business Analytics,2027314,Yes,WhatsApp,Contacted,Sneha Jain,2025-10-06,2026-01-10,Active,91,Low,100,Canada,Partial Scholarship
ST4311,Mitali Behl,Female,26,Delhi,Delhi,BTech,Marketing,9.09,6.9,Canada,Computer Science,1765772,Yes,Seminar,New Lead,Priya Sharma,2025-10-11,2025-11-29,Dropped,91,Low,94,Canada,Merit Scholarship
ST4312,Kamya Kala,Female,19,Bhopal,Madhya Pradesh,BBA,Biotechnology,6.35,7.6,Australia,Business Analytics,1595608,Yes,Website,Contacted,Rahul Singh,2025-10-18,2025-12-09,Active,74,Medium,73,Canada,Not Eligible
ST4313,Odika Sahni,Male,26,Indore,Madhya Pradesh,BCom,ECE,9.65,7.1,Canada,Data Science,2554866,Yes,Website,New Lead,Rahul Singh,2025-08-11,2025-09-11,Inactive,99,Low,100,Canada,Merit Scholarship
ST4314,Pavani Deo,Male,19,Pune,Maharashtra,BTech,CSE,6.04,8.5,Canada,Business Analytics,1063698,Yes,Instagram,Visa,Priya Sharma,2024-07-23,2024-10-20,Converted,83,Low,80,Germany,Not Eligible
ST4315,Hemal Iyer,Female,20,Bangalore,Karnataka,BCom,Finance,7.3,7.7,Canada,Finance,3080341,Yes,Instagram,Counseling,Rahul Singh,2024-10-10,2024-11-27,Active,99,Low,94,Canada,Not Eligible
ST4316,Priya Parekh,Male,26,Hyderabad,Telangana,BSc,Finance,6.37,7.9,Canada,Data Science,2286982,Yes,Instagram,Application,Amit Verma,2026-05-09,2026-08-17,Dropped,81,Low,87,Canada,Not Eligible
ST4317,Mitali Puri,Female,23,Mumbai,Maharashtra,BA,Finance,7.13,7.2,Canada,MBA,2372751,Yes,Website,Documents,Sneha Jain,2025-09-13,2025-12-17,Inactive,94,Low,88,Canada,Not Eligible
ST4318,Rajeshri Choudhary,Female,27,Hyderabad,Telangana,BSc,IT,7.03,5.9,Germany,MBA,919472,No,Seminar,Application,Rahul Singh,2025-11-15,2025-12-31,Dropped,64,Medium,64,Germany,Not Eligible
ST4319,Ishani Ghosh,Male,21,Delhi,Delhi,BSc,IT,9.61,7.0,Canada,Business Analytics,1242900,Yes,Seminar,New Lead,Rahul Singh,2026-01-10,2026-05-06,Active,99,Low,100,Germany,Merit Scholarship
ST4320,Chameli Bhargava,Female,21,Delhi,Delhi,BSc,Finance,7.37,5.9,Canada,Artificial Intelligence,2891676,No,WhatsApp,Documents,Priya Sharma,2025-05-04,2025-08-22,Inactive,73,Medium,77,Canada,Not Eligible
ST4321,Maanav Ahuja,Male,21,Ahmedabad,Gujarat,BA,ECE,9.13,6.2,Germany,Business Analytics,1372658,Yes,Seminar,Counseling,Amit Verma,2024-07-27,2024-11-23,Dropped,91,Low,88,Germany,Merit Scholarship
ST4322,Yagnesh Toor,Female,28,Pune,Maharashtra,BBA,Mechanical,9.79,5.6,Australia,Finance,2487724,Yes,Seminar,Application,Amit Verma,2025-11-08,2025-12-06,Inactive,96,Low,97,Australia,Merit Scholarship
ST4323,Aahana Kanda,Female,27,Pune,Maharashtra,BA,CSE,7.71,8.0,Australia,Data Science,1447405,Yes,Website,Offer Letter,Rahul Singh,2025-04-18,2025-07-17,Dropped,86,Low,92,Germany,Partial Scholarship
ST4324,Darika Morar,Male,27,Hyderabad,Telangana,BBA,Marketing,9.43,7.7,Canada,Cyber Security,1445071,Yes,Website,Offer Letter,Priya Sharma,2025-05-26,2025-07-09,Dropped,99,Low,100,Germany,Merit Scholarship
ST4325,Kiaan Buch,Female,25,Ahmedabad,Gujarat,BSc,CSE,6.34,6.9,Australia,MBA,2320325,No,WhatsApp,Offer Letter,Sneha Jain,2024-12-11,2025-02-21,Inactive,86,Medium,77,Australia,Not Eligible
ST4326,Arunima Pradhan,Male,23,Indore,Madhya Pradesh,BBA,Finance,9.54,6.8,Canada,Finance,3103948,Yes,Seminar,Application,Rohit Gupta,2026-01-27,2026-05-17,Inactive,95,Low,100,Canada,Merit Scholarship
ST4327,Anthony Chowdhury,Female,26,Ahmedabad,Gujarat,BCom,CSE,9.61,8.1,UK,Cyber Security,1613457,Yes,WhatsApp,Documents,Amit Verma,2026-05-11,2026-05-29,Dropped,99,Low,100,Canada,Merit Scholarship
ST4328,Ridhi Kala,Female,27,Bhopal,Madhya Pradesh,BBA,CSE,6.97,7.4,Germany,Business Analytics,1280014,No,WhatsApp,Documents,Rahul Singh,2024-11-16,2024-12-29,Active,70,Medium,78,Germany,Not Eligible
ST4329,Warhi Butala,Female,26,Hyderabad,Telangana,BSc,IT,9.6,6.0,Australia,Artificial Intelligence,1992324,Yes,Seminar,Enrolled,Rohit Gupta,2024-07-10,2024-07-18,Converted,86,Low,91,Australia,Merit Scholarship
ST4330,Kashish Soman,Male,24,Pune,Maharashtra,BTech,ECE,6.16,6.1,Australia,MBA,2399247,No,WhatsApp,Visa,Priya Sharma,2025-02-04,2025-03-30,Active,62,Medium,66,Australia,Not Eligible
ST4331,Aarna Chaudhary,Male,18,Hyderabad,Telangana,BA,Marketing,9.52,8.2,UK,Data Science,3163302,Yes,Website,Visa,Sneha Jain,2026-02-08,2026-05-20,Converted,99,Low,100,Canada,Merit Scholarship
ST4332,Logan Char,Female,23,Bangalore,Karnataka,BTech,Biotechnology,8.77,8.4,Australia,Artificial Intelligence,2285350,Yes,Referral,Enrolled,Priya Sharma,2026-04-29,2026-07-12,Converted,99,Low,100,Canada,Merit Scholarship
ST4333,Zehaan Chopra,Male,26,Chennai,Tamil Nadu,BSc,Marketing,6.69,7.8,Australia,Artificial Intelligence,3265129,No,WhatsApp,Contacted,Amit Verma,2025-09-19,2025-11-02,Active,91,Low,89,Canada,Not Eligible
ST4334,Banjeet Kota,Male,18,Ahmedabad,Gujarat,BBA,ECE,6.13,7.5,UK,Finance,1156770,Yes,Instagram,Enrolled,Amit Verma,2025-02-17,2025-06-17,Converted,70,Medium,71,Germany,Not Eligible
ST4335,Fitan Barad,Female,21,Hyderabad,Telangana,BSc,Finance,7.27,6.3,Australia,Computer Science,1733319,Yes,Website,Offer Letter,Priya Sharma,2025-12-07,2025-12-14,Inactive,67,Medium,69,Australia,Not Eligible
ST4336,Aarna Shenoy,Male,28,Jaipur,Rajasthan,BA,IT,8.5,7.3,UK,Business Analytics,2589681,No,Instagram,Application,Sneha Jain,2025-05-04,2025-06-14,Inactive,91,Low,100,Canada,Merit Scholarship
ST4337,Irya D’Alia,Male,20,Hyderabad,Telangana,BCom,Biotechnology,8.09,7.9,UK,Business Analytics,2535878,Yes,Instagram,Documents,Amit Verma,2025-05-01,2025-06-20,Active,91,Low,100,Canada,Partial Scholarship
ST4338,Timothy Kala,Female,19,Indore,Madhya Pradesh,BCom,Biotechnology,9.72,6.0,USA,MBA,3339625,Yes,WhatsApp,Enrolled,Rahul Singh,2026-02-19,2026-05-10,Converted,99,Low,100,USA,Merit Scholarship
ST4339,Jeet Desai,Male,19,Bhopal,Madhya Pradesh,BTech,IT,6.54,6.3,Germany,Data Science,1056181,No,Instagram,Offer Letter,Rahul Singh,2025-11-18,2025-12-12,Dropped,71,Medium,62,Germany,Not Eligible
ST4340,Neel Nagarajan,Female,25,Indore,Madhya Pradesh,BA,Marketing,6.46,5.6,UK,Business Analytics,2739332,Yes,Seminar,Counseling,Amit Verma,2025-10-04,2025-10-12,Inactive,61,Medium,64,UK,Not Eligible
ST4341,Naksh Anand,Female,23,Ahmedabad,Gujarat,BCom,CSE,9.56,7.1,Canada,Artificial Intelligence,2093548,Yes,Website,Application,Rahul Singh,2024-11-02,2025-02-18,Dropped,99,Low,100,Canada,Merit Scholarship
ST4342,Sathvik Mandal,Male,24,Mumbai,Maharashtra,BTech,ECE,8.02,6.9,UK,Business Analytics,1562812,No,WhatsApp,Application,Amit Verma,2025-09-24,2025-11-18,Inactive,81,Low,84,UK,Partial Scholarship
ST4343,Megha Srivastava,Female,28,Delhi,Delhi,BCom,Mechanical,7.9,6.7,Canada,Business Analytics,3376523,Yes,Seminar,Visa,Rahul Singh,2025-07-15,2025-09-17,Converted,94,Low,91,Canada,Partial Scholarship
ST4344,Anmol Amble,Female,28,Bhopal,Madhya Pradesh,BA,Marketing,9.52,8.5,Australia,Finance,2415510,Yes,Website,Counseling,Sneha Jain,2024-11-05,2024-11-12,Dropped,92,Low,100,Canada,Merit Scholarship
ST4345,Vrinda Issac,Female,28,Bangalore,Karnataka,BSc,Marketing,8.91,7.9,Australia,Business Analytics,1031719,Yes,Seminar,Documents,Rohit Gupta,2026-05-09,2026-06-12,Inactive,99,Low,100,Germany,Merit Scholarship
ST4346,Neel Palla,Male,19,Chennai,Tamil Nadu,BTech,ECE,9.57,7.1,Australia,MBA,3383850,Yes,Instagram,Offer Letter,Amit Verma,2026-05-10,2026-06-23,Dropped,99,Low,100,Canada,Merit Scholarship
ST4347,Fitan Balasubramanian,Male,28,Jaipur,Rajasthan,BCom,Mechanical,7.56,5.7,Canada,Data Science,1431374,Yes,Instagram,New Lead,Priya Sharma,2024-11-14,2024-12-21,Active,77,Medium,67,Germany,Partial Scholarship
ST4348,Om Chahal,Male,25,Indore,Madhya Pradesh,BTech,IT,8.84,8.5,Canada,Data Science,2565232,Yes,Seminar,Enrolled,Priya Sharma,2025-03-28,2025-04-30,Converted,92,Low,100,Canada,Merit Scholarship
ST4349,Arin Pandey,Female,19,Delhi,Delhi,BA,Marketing,9.28,5.5,UK,Business Analytics,2220681,Yes,Referral,Application,Priya Sharma,2024-07-14,2024-07-19,Inactive,94,Low,100,UK,Merit Scholarship
ST4350,Nirja Bath,Male,23,Delhi,Delhi,BSc,IT,7.36,6.9,USA,Artificial Intelligence,3065273,Yes,Seminar,Counseling,Priya Sharma,2024-07-20,2024-08-26,Active,80,Low,87,USA,Not Eligible
ST4351,Prisha Konda,Female,21,Pune,Maharashtra,BSc,Marketing,6.57,7.2,UK,Finance,1933265,No,Seminar,Enrolled,Rahul Singh,2025-01-05,2025-04-18,Converted,77,Medium,72,Canada,Not Eligible
ST4352,Triveni Sampath,Female,21,Delhi,Delhi,BCom,ECE,7.02,7.9,Australia,Finance,1624846,No,Seminar,Contacted,Amit Verma,2024-06-27,2024-09-02,Inactive,81,Low,84,Canada,Not Eligible
ST4353,Harini Loke,Male,26,Bangalore,Karnataka,BBA,CSE,6.06,6.7,Canada,Finance,1597683,Yes,Instagram,Application,Rohit Gupta,2024-06-12,2024-06-15,Dropped,60,Medium,62,Canada,Not Eligible
ST4354,Harita Brar,Male,20,Ahmedabad,Gujarat,BSc,Biotechnology,8.87,8.4,Australia,Business Analytics,3491326,Yes,Seminar,Counseling,Amit Verma,2025-02-13,2025-04-19,Active,96,Low,100,Canada,Merit Scholarship
ST4355,Alexander Zacharia,Female,21,Ahmedabad,Gujarat,BTech,ECE,7.23,7.1,USA,Data Science,2526534,No,WhatsApp,Enrolled,Priya Sharma,2025-09-11,2025-09-17,Converted,87,Low,87,Canada,Not Eligible
ST4356,Radhika Khurana,Female,24,Delhi,Delhi,BSc,Mechanical,6.47,6.5,Australia,Cyber Security,2557514,No,WhatsApp,Documents,Amit Verma,2026-06-01,2026-09-08,Active,64,Medium,74,Australia,Not Eligible
ST4357,Udant Sant,Male,21,Jaipur,Rajasthan,BSc,CSE,7.22,6.4,Germany,Finance,1386825,No,Referral,Application,Rahul Singh,2025-03-14,2025-06-17,Active,85,Low,86,Germany,Not Eligible
ST4358,Bachittar Choudhry,Female,21,Delhi,Delhi,BTech,Biotechnology,7.77,8.2,UK,Data Science,2417483,Yes,Instagram,Offer Letter,Rahul Singh,2025-09-05,2025-12-08,Active,96,Low,100,Canada,Partial Scholarship
ST4359,Vivaan Mandal,Female,25,Pune,Maharashtra,BSc,Mechanical,6.47,7.4,UK,Data Science,1531054,No,WhatsApp,Counseling,Rahul Singh,2024-07-03,2024-10-27,Inactive,75,Medium,73,Canada,Not Eligible
ST4360,Garima Comar,Female,22,Ahmedabad,Gujarat,BBA,ECE,7.98,5.7,UK,Data Science,3155356,No,WhatsApp,Visa,Amit Verma,2025-02-22,2025-05-15,Converted,90,Low,81,UK,Partial Scholarship
ST4361,Samaksh Sagar,Male,21,Hyderabad,Telangana,BSc,Marketing,6.86,5.7,USA,MBA,3125290,Yes,Website,Documents,Rahul Singh,2024-11-01,2024-11-15,Dropped,61,Medium,70,USA,Not Eligible
ST4362,Mohammed Kashyap,Male,24,Bangalore,Karnataka,BCom,CSE,9.55,7.8,UK,Cyber Security,2593414,Yes,WhatsApp,New Lead,Rahul Singh,2025-10-04,2025-11-19,Inactive,91,Low,100,Canada,Merit Scholarship
ST4363,Tanveer Char,Female,28,Chennai,Tamil Nadu,BCom,Finance,7.37,7.8,Canada,Data Science,2547001,Yes,Website,New Lead,Rohit Gupta,2025-04-21,2025-06-07,Dropped,99,Low,96,Canada,Not Eligible
ST4364,Lakshit Kant,Female,22,Ahmedabad,Gujarat,BBA,Finance,8.39,6.8,Canada,Cyber Security,1823649,Yes,Website,Counseling,Rohit Gupta,2025-05-31,2025-07-26,Dropped,82,Low,85,Canada,Partial Scholarship
ST4365,Nandini Chadha,Male,27,Jaipur,Rajasthan,BA,Finance,6.54,7.6,UK,Artificial Intelligence,923819,Yes,Referral,Offer Letter,Rahul Singh,2025-03-21,2025-04-28,Inactive,92,Low,90,Germany,Not Eligible
ST4366,Nirja Batta,Male,23,Hyderabad,Telangana,BCom,Biotechnology,7.21,7.1,Canada,Artificial Intelligence,2310774,No,Referral,New Lead,Rahul Singh,2026-04-07,2026-05-03,Dropped,99,Low,100,Canada,Not Eligible
ST4367,Nikita Khanna,Female,23,Bangalore,Karnataka,BTech,Mechanical,8.96,7.0,Canada,MBA,2459819,Yes,Website,New Lead,Sneha Jain,2025-10-24,2026-02-15,Inactive,96,Low,100,Canada,Merit Scholarship
ST4368,Aachal Vaidya,Male,28,Mumbai,Maharashtra,BTech,Biotechnology,8.86,5.6,Australia,MBA,1516889,Yes,Website,Documents,Rahul Singh,2025-10-15,2025-11-20,Dropped,84,Medium,78,Australia,Merit Scholarship
ST4369,Yashoda Gopal,Female,20,Bhopal,Madhya Pradesh,BTech,Biotechnology,8.65,7.0,Germany,Business Analytics,1260654,Yes,Referral,Application,Amit Verma,2025-10-02,2026-01-20,Active,99,Low,100,Germany,Merit Scholarship
ST4370,Caleb Solanki,Female,24,Pune,Maharashtra,BCom,Finance,6.84,7.8,Canada,Data Science,1656087,No,WhatsApp,Application,Rahul Singh,2026-04-10,2026-05-09,Active,82,Low,81,Canada,Not Eligible
ST4371,Gaurika Merchant,Female,22,Indore,Madhya Pradesh,BA,IT,8.69,7.1,Australia,Artificial Intelligence,3411733,Yes,Website,New Lead,Sneha Jain,2025-06-09,2025-09-18,Active,97,Low,100,Canada,Merit Scholarship
ST4372,Wakeeta Sastry,Female,23,Indore,Madhya Pradesh,BSc,Biotechnology,7.88,7.1,Australia,MBA,2389613,Yes,Seminar,Counseling,Amit Verma,2025-12-25,2026-03-31,Active,91,Low,93,Canada,Partial Scholarship
ST4373,Jeremiah Kumer,Female,25,Pune,Maharashtra,BA,Mechanical,8.03,5.6,USA,Artificial Intelligence,3061152,Yes,WhatsApp,Offer Letter,Priya Sharma,2026-01-26,2026-03-27,Inactive,72,Low,80,USA,Partial Scholarship
ST4374,Unnati Chaudhari,Male,18,Jaipur,Rajasthan,BBA,Biotechnology,9.51,5.9,Australia,MBA,2725418,Yes,Website,New Lead,Priya Sharma,2024-06-23,2024-09-14,Dropped,99,Low,99,Australia,Merit Scholarship
ST4375,Jonathan Dube,Female,18,Mumbai,Maharashtra,BTech,Biotechnology,7.56,8.1,Australia,MBA,2907694,Yes,Website,Enrolled,Rahul Singh,2025-05-04,2025-07-17,Converted,99,Low,100,Canada,Partial Scholarship
ST4376,Priya Padmanabhan,Male,18,Mumbai,Maharashtra,BBA,CSE,8.36,5.5,Australia,Artificial Intelligence,1569342,No,Instagram,New Lead,Priya Sharma,2026-03-08,2026-06-14,Inactive,75,Medium,73,Australia,Partial Scholarship
ST4377,Rachita Tella,Female,19,Jaipur,Rajasthan,BCom,Mechanical,7.81,6.4,USA,Computer Science,2941703,No,Referral,Visa,Rohit Gupta,2024-10-06,2024-12-26,Converted,93,Low,100,USA,Partial Scholarship
ST4378,Damyanti Bava,Male,25,Pune,Maharashtra,BSc,Biotechnology,6.02,6.1,Canada,Cyber Security,1820032,Yes,WhatsApp,Offer Letter,Rahul Singh,2025-02-07,2025-02-28,Dropped,47,High,55,Canada,Not Eligible
ST4379,Jackson Sheth,Male,19,Pune,Maharashtra,BSc,Marketing,6.67,6.7,Canada,Artificial Intelligence,1498021,No,WhatsApp,Documents,Priya Sharma,2024-10-10,2024-11-05,Dropped,63,Medium,68,Germany,Not Eligible
ST4380,Hemani Sankar,Female,20,Delhi,Delhi,BCom,IT,6.34,8.1,UK,Computer Science,3423664,No,Instagram,Offer Letter,Sneha Jain,2024-11-03,2024-12-26,Dropped,84,Low,88,Canada,Not Eligible
ST4381,Victor Bains,Female,28,Jaipur,Rajasthan,BSc,IT,6.83,7.2,Australia,Artificial Intelligence,1890191,No,Referral,Counseling,Rohit Gupta,2024-08-23,2024-11-05,Inactive,82,Low,90,Canada,Not Eligible
ST4382,Nidhi Borra,Male,27,Jaipur,Rajasthan,BSc,IT,9.68,6.1,Canada,Data Science,1798380,Yes,Referral,Visa,Rahul Singh,2026-04-17,2026-08-09,Converted,96,Low,100,Canada,Merit Scholarship
ST4383,Yadavi Nagy,Male,28,Pune,Maharashtra,BSc,Marketing,9.55,7.4,UK,Artificial Intelligence,1997014,Yes,Website,Documents,Rohit Gupta,2026-01-19,2026-04-03,Inactive,99,Low,100,Canada,Merit Scholarship
ST4384,Qarin Sengupta,Male,23,Ahmedabad,Gujarat,BCom,Marketing,9.69,5.6,Australia,Data Science,1608389,Yes,Seminar,New Lead,Priya Sharma,2024-07-08,2024-08-28,Dropped,88,Low,86,Australia,Merit Scholarship
ST4385,Peter Bhatia,Male,18,Jaipur,Rajasthan,BCom,Marketing,6.52,8.4,UK,Business Analytics,1975504,Yes,Website,New Lead,Rohit Gupta,2025-03-07,2025-06-12,Dropped,75,Low,84,Canada,Not Eligible
ST4386,Balvan Batta,Female,26,Bangalore,Karnataka,BCom,IT,7.14,7.1,Canada,Cyber Security,2893341,Yes,Website,Contacted,Sneha Jain,2024-08-09,2024-08-31,Inactive,92,Low,86,Canada,Not Eligible
ST4387,Laksh Rajan,Female,18,Jaipur,Rajasthan,BA,Mechanical,6.4,5.7,UK,Data Science,3233413,Yes,Seminar,Application,Rahul Singh,2026-02-16,2026-05-01,Dropped,59,Medium,66,UK,Not Eligible
ST4388,Harini Bhatti,Female,18,Indore,Madhya Pradesh,BCom,CSE,7.92,6.1,Germany,Cyber Security,1264570,No,Seminar,Visa,Priya Sharma,2024-11-21,2025-01-27,Converted,72,Medium,74,Germany,Partial Scholarship
ST4389,Gayathri Taneja,Male,28,Hyderabad,Telangana,BTech,Biotechnology,8.11,6.6,Canada,Computer Science,1475967,Yes,Website,Application,Priya Sharma,2024-09-19,2024-10-30,Dropped,84,Low,81,Germany,Partial Scholarship
ST4390,Gautami Bhasin,Male,28,Delhi,Delhi,BTech,ECE,9.25,8.2,Canada,Computer Science,2103369,Yes,Seminar,Application,Rahul Singh,2026-01-10,2026-02-18,Inactive,90,Low,100,Canada,Merit Scholarship
ST4391,Harish De,Female,22,Jaipur,Rajasthan,BBA,Biotechnology,7.35,5.6,UK,Cyber Security,3340319,Yes,Website,Application,Rohit Gupta,2024-08-03,2024-10-16,Active,69,Medium,73,UK,Not Eligible
ST4392,Chameli Batra,Male,19,Bangalore,Karnataka,BCom,Mechanical,7.27,6.8,Canada,Data Science,3177550,Yes,Referral,Counseling,Priya Sharma,2025-02-07,2025-04-02,Dropped,94,Low,99,Canada,Not Eligible
ST4393,Yadavi Lala,Male,23,Delhi,Delhi,BSc,Mechanical,6.1,8.3,Australia,Business Analytics,3088953,No,WhatsApp,Contacted,Amit Verma,2025-10-25,2026-01-04,Active,93,Low,88,Canada,Not Eligible
ST4394,Amol Sur,Male,27,Pune,Maharashtra,BTech,Biotechnology,7.31,7.9,Canada,Cyber Security,2672319,Yes,Instagram,Enrolled,Priya Sharma,2025-07-31,2025-11-12,Converted,99,Low,97,Canada,Not Eligible
ST4395,Chameli Issac,Female,24,Bangalore,Karnataka,BA,Finance,8.32,5.5,Canada,Computer Science,2825217,Yes,Website,New Lead,Rahul Singh,2025-04-26,2025-08-18,Dropped,73,Low,83,Canada,Partial Scholarship
ST4396,Forum Sehgal,Male,18,Indore,Madhya Pradesh,BTech,CSE,8.53,7.7,Canada,Cyber Security,2515777,Yes,WhatsApp,Visa,Sneha Jain,2026-01-29,2026-02-25,Active,91,Low,100,Canada,Merit Scholarship
ST4397,Umang Khare,Male,27,Ahmedabad,Gujarat,BA,ECE,9.72,7.6,Canada,Artificial Intelligence,2775690,Yes,Referral,Offer Letter,Rohit Gupta,2025-09-10,2026-01-02,Dropped,98,Low,100,Canada,Merit Scholarship
ST4398,Hemangini Mammen,Female,21,Mumbai,Maharashtra,BBA,Mechanical,6.3,6.9,UK,Artificial Intelligence,2003992,No,WhatsApp,New Lead,Rohit Gupta,2025-03-22,2025-05-27,Dropped,66,Medium,76,UK,Not Eligible
ST4399,Indira Bava,Female,20,Ahmedabad,Gujarat,BSc,Mechanical,7.51,5.6,Germany,MBA,1115146,Yes,Seminar,Application,Rohit Gupta,2025-09-22,2025-10-09,Inactive,74,Medium,65,Germany,Partial Scholarship
ST4400,Viraj Kulkarni,Female,18,Jaipur,Rajasthan,BTech,Biotechnology,6.35,7.0,Australia,Data Science,3360269,No,WhatsApp,Documents,Priya Sharma,2024-12-31,2025-02-28,Dropped,85,Medium,78,Canada,Not Eligible
ST4401,Warhi Goda,Female,27,Jaipur,Rajasthan,BBA,Finance,9.78,7.0,UK,Cyber Security,2922103,Yes,WhatsApp,Counseling,Priya Sharma,2026-02-15,2026-04-09,Inactive,99,Low,100,Canada,Merit Scholarship
ST4402,Jagrati Mishra,Female,23,Ahmedabad,Gujarat,BBA,ECE,8.17,6.4,UK,MBA,2504691,Yes,Instagram,Offer Letter,Amit Verma,2025-01-31,2025-03-04,Inactive,82,Low,90,UK,Partial Scholarship
ST4403,Netra Dua,Female,20,Jaipur,Rajasthan,BTech,ECE,6.52,6.5,Canada,Business Analytics,1317168,Yes,Referral,Visa,Rohit Gupta,2025-02-05,2025-04-25,Active,72,Low,80,Germany,Not Eligible
ST4404,Yahvi Sachdev,Female,25,Hyderabad,Telangana,BTech,Finance,6.9,7.3,Canada,Artificial Intelligence,3283543,Yes,Instagram,New Lead,Priya Sharma,2026-03-12,2026-06-03,Inactive,81,Low,87,Canada,Not Eligible
ST4405,Mason Bahri,Female,24,Jaipur,Rajasthan,BTech,CSE,7.59,5.7,Canada,Business Analytics,1111203,Yes,Instagram,New Lead,Rohit Gupta,2026-04-26,2026-08-24,Dropped,59,Medium,67,Germany,Partial Scholarship
ST4406,Pratyush Choudhary,Male,25,Hyderabad,Telangana,BSc,ECE,8.1,7.3,USA,Finance,2648436,No,Instagram,Visa,Rahul Singh,2024-10-03,2024-12-29,Active,93,Low,98,Canada,Partial Scholarship
ST4407,Leena Anne,Male,26,Pune,Maharashtra,BBA,Biotechnology,9.09,6.7,UK,Finance,2621484,Yes,Referral,Contacted,Sneha Jain,2025-04-13,2025-07-24,Dropped,91,Low,100,UK,Merit Scholarship
ST4408,Divya Ramachandran,Male,21,Ahmedabad,Gujarat,BTech,CSE,7.46,7.1,USA,Artificial Intelligence,2767424,No,Seminar,Documents,Priya Sharma,2025-10-13,2026-01-16,Active,82,Low,89,Canada,Not Eligible
ST4409,Sara Dass,Female,27,Pune,Maharashtra,BSc,Mechanical,7.36,6.5,Canada,Business Analytics,3422179,No,Referral,Enrolled,Priya Sharma,2024-06-09,2024-09-07,Converted,91,Low,98,Canada,Not Eligible
ST4410,Onveer Singhal,Male,22,Mumbai,Maharashtra,BTech,ECE,7.47,5.8,UK,Computer Science,1512534,No,WhatsApp,Counseling,Amit Verma,2025-10-16,2025-10-21,Inactive,76,Medium,66,UK,Not Eligible
ST4411,Zarna Karpe,Female,20,Jaipur,Rajasthan,BCom,ECE,8.35,6.7,Canada,Computer Science,3300615,Yes,Seminar,Enrolled,Rohit Gupta,2025-05-08,2025-08-15,Converted,97,Low,95,Canada,Partial Scholarship
ST4412,Vinaya Deshmukh,Male,20,Indore,Madhya Pradesh,BTech,Finance,9.45,7.0,USA,Computer Science,3385272,Yes,WhatsApp,Offer Letter,Priya Sharma,2024-07-06,2024-08-17,Dropped,99,Low,100,Canada,Merit Scholarship
ST4413,Sneha Kakar,Female,25,Chennai,Tamil Nadu,BA,Marketing,9.35,8.2,UK,Finance,2407137,Yes,WhatsApp,Contacted,Amit Verma,2025-04-23,2025-08-19,Inactive,99,Low,100,Canada,Merit Scholarship
ST4414,Leela Mann,Male,20,Pune,Maharashtra,BBA,Finance,9.18,8.3,UK,Business Analytics,911675,Yes,Referral,Documents,Amit Verma,2024-10-29,2025-01-20,Dropped,99,Low,100,Germany,Merit Scholarship
ST4415,Dev Nagy,Male,26,Pune,Maharashtra,BA,ECE,6.99,7.0,Canada,Finance,2868082,No,Seminar,Visa,Rahul Singh,2026-03-09,2026-05-13,Converted,94,Low,84,Canada,Not Eligible
ST4416,Bhavani Shukla,Female,26,Pune,Maharashtra,BBA,CSE,7.99,7.2,Canada,MBA,3306654,Yes,Seminar,Contacted,Amit Verma,2025-03-19,2025-06-22,Active,99,Low,96,Canada,Partial Scholarship
ST4417,William Chad,Male,26,Bhopal,Madhya Pradesh,BA,Biotechnology,7.53,7.6,Canada,Business Analytics,992358,Yes,Instagram,Documents,Sneha Jain,2025-02-15,2025-04-13,Active,90,Low,85,Germany,Partial Scholarship
ST4418,Eesha Randhawa,Female,26,Delhi,Delhi,BBA,IT,9.25,5.5,Canada,Cyber Security,1579546,Yes,Referral,Counseling,Sneha Jain,2024-10-04,2025-01-31,Dropped,99,Low,97,Canada,Merit Scholarship
ST4419,Yatin Acharya,Male,24,Delhi,Delhi,BCom,Finance,6.03,7.0,USA,Business Analytics,3315257,No,Instagram,New Lead,Sneha Jain,2024-07-11,2024-07-31,Dropped,76,Medium,75,Canada,Not Eligible
ST4420,Warhi Butala,Female,20,Bangalore,Karnataka,BBA,Finance,7.11,6.1,Germany,MBA,1499893,No,WhatsApp,Offer Letter,Rahul Singh,2025-08-19,2025-09-19,Inactive,57,Medium,66,Germany,Not Eligible
ST4421,Ekaja Mand,Male,26,Bangalore,Karnataka,BTech,Biotechnology,6.12,6.7,Australia,Artificial Intelligence,2647930,No,Instagram,Visa,Amit Verma,2026-05-04,2026-06-03,Converted,73,Medium,73,Australia,Not Eligible
ST4422,Raksha Iyer,Male,21,Ahmedabad,Gujarat,BCom,Marketing,8.37,7.3,Australia,Business Analytics,2070564,No,Instagram,Counseling,Sneha Jain,2025-06-16,2025-09-01,Active,93,Low,100,Canada,Partial Scholarship
ST4423,Yash Shroff,Male,19,Chennai,Tamil Nadu,BCom,Biotechnology,7.45,6.9,UK,Artificial Intelligence,2922593,Yes,Seminar,Application,Rohit Gupta,2026-04-18,2026-08-13,Inactive,98,Low,88,UK,Not Eligible
ST4424,Amol Dyal,Female,24,Bhopal,Madhya Pradesh,BTech,IT,9.28,7.5,Australia,Business Analytics,2747911,Yes,Seminar,Visa,Amit Verma,2025-10-18,2025-12-31,Converted,97,Low,100,Canada,Merit Scholarship
ST4425,Michael Sarraf,Male,27,Indore,Madhya Pradesh,BBA,Mechanical,7.47,6.7,Canada,Computer Science,2229653,No,Referral,Counseling,Sneha Jain,2024-11-12,2024-12-08,Active,99,Low,100,Canada,Not Eligible
ST4426,Jyoti Raman,Female,28,Delhi,Delhi,BTech,CSE,7.51,7.5,Canada,Business Analytics,2249034,Yes,Instagram,Enrolled,Amit Verma,2026-01-09,2026-04-12,Converted,99,Low,95,Canada,Partial Scholarship
ST4427,Damini Upadhyay,Male,23,Chennai,Tamil Nadu,BTech,Finance,8.24,6.0,Canada,Business Analytics,1646973,No,WhatsApp,Offer Letter,Sneha Jain,2025-03-09,2025-04-27,Inactive,73,Medium,77,Canada,Partial Scholarship
ST4428,Naksh Tata,Female,18,Bangalore,Karnataka,BCom,Biotechnology,6.84,6.8,Australia,Computer Science,2773580,No,Referral,Application,Rahul Singh,2025-11-04,2025-11-06,Active,90,Low,95,Australia,Not Eligible
ST4429,Aishani Uppal,Female,24,Pune,Maharashtra,BA,ECE,9.08,6.1,Canada,Artificial Intelligence,3099364,Yes,WhatsApp,Documents,Priya Sharma,2025-01-02,2025-03-07,Inactive,99,Low,95,Canada,Merit Scholarship
ST4430,Kai Goel,Male,18,Chennai,Tamil Nadu,BCom,ECE,7.68,6.9,Australia,Business Analytics,2298700,No,Website,Visa,Rohit Gupta,2025-02-08,2025-04-17,Active,83,Low,90,Australia,Partial Scholarship
ST4431,Dakshesh Choudhury,Male,28,Jaipur,Rajasthan,BA,Marketing,9.16,5.5,Australia,Computer Science,2394810,Yes,Website,Contacted,Rahul Singh,2025-08-25,2025-09-06,Inactive,99,Low,91,Australia,Merit Scholarship
ST4432,Lucky Shroff,Male,19,Hyderabad,Telangana,BBA,ECE,8.93,6.7,Canada,MBA,2527645,Yes,Website,New Lead,Amit Verma,2024-08-05,2024-09-07,Active,95,Low,100,Canada,Merit Scholarship
ST4433,Elijah Chand,Male,24,Hyderabad,Telangana,BCom,ECE,6.64,6.4,Germany,Business Analytics,1220982,No,Instagram,Documents,Rohit Gupta,2024-12-10,2025-01-28,Inactive,65,Medium,65,Germany,Not Eligible
ST4434,Ryan Ben,Female,28,Mumbai,Maharashtra,BSc,Marketing,7.57,5.8,Australia,Finance,1596803,Yes,Website,Enrolled,Priya Sharma,2026-03-17,2026-03-30,Converted,60,Medium,67,Australia,Partial Scholarship
ST4435,Qabil Parekh,Male,18,Mumbai,Maharashtra,BA,Mechanical,6.51,6.4,UK,Data Science,1814466,No,Seminar,Enrolled,Rohit Gupta,2024-12-10,2025-02-05,Converted,62,Medium,64,UK,Not Eligible
ST4436,Ekavir Wason,Male,24,Ahmedabad,Gujarat,BTech,Finance,9.68,5.7,UK,Data Science,3051976,Yes,WhatsApp,New Lead,Amit Verma,2024-06-08,2024-07-29,Inactive,93,Low,98,UK,Merit Scholarship
ST4437,Sanaya Muni,Female,21,Chennai,Tamil Nadu,BTech,Marketing,6.33,8.5,Australia,MBA,1011518,No,Referral,Documents,Sneha Jain,2024-11-16,2025-02-20,Dropped,99,Low,98,Germany,Not Eligible
ST4438,Nidhi Ram,Female,21,Ahmedabad,Gujarat,BBA,ECE,6.93,6.7,UK,Artificial Intelligence,2006062,Yes,Seminar,Enrolled,Sneha Jain,2024-09-18,2024-11-05,Converted,81,Low,81,UK,Not Eligible
ST4439,Onveer Bakshi,Female,24,Chennai,Tamil Nadu,BBA,Finance,7.59,6.9,Australia,Finance,1786588,Yes,Instagram,Counseling,Sneha Jain,2024-09-13,2024-10-05,Dropped,77,Medium,79,Australia,Partial Scholarship
ST4440,Chandani Kari,Female,21,Delhi,Delhi,BBA,Finance,7.17,8.2,UK,Cyber Security,1294018,No,WhatsApp,Contacted,Priya Sharma,2024-08-03,2024-11-09,Dropped,92,Low,87,Germany,Not Eligible
ST4441,Omkaar Chakraborty,Male,21,Jaipur,Rajasthan,BA,Mechanical,7.41,6.5,Canada,Computer Science,1219519,Yes,Seminar,Counseling,Rohit Gupta,2025-10-10,2025-11-13,Dropped,65,Medium,74,Germany,Not Eligible
ST4442,Bishakha Sura,Female,24,Indore,Madhya Pradesh,BBA,Finance,6.45,6.7,UK,Data Science,3287225,No,Instagram,Application,Amit Verma,2025-02-21,2025-04-08,Inactive,67,Medium,76,UK,Not Eligible
ST4443,Manan Mohanty,Male,28,Indore,Madhya Pradesh,BCom,CSE,9.49,6.5,Australia,Cyber Security,1865742,Yes,Website,Application,Rohit Gupta,2025-05-01,2025-06-20,Active,90,Low,94,Australia,Merit Scholarship
ST4444,Aarush Korpal,Female,18,Bangalore,Karnataka,BTech,ECE,7.71,5.8,UK,Cyber Security,1801289,Yes,Instagram,New Lead,Sneha Jain,2024-10-30,2025-02-16,Active,59,Medium,69,UK,Partial Scholarship
ST4445,Nachiket Sen,Female,28,Bhopal,Madhya Pradesh,BA,Finance,9.77,6.2,Australia,Data Science,2802100,Yes,Referral,Visa,Sneha Jain,2024-09-26,2025-01-08,Active,99,Low,100,Australia,Merit Scholarship
ST4446,Ishita Sarma,Male,26,Mumbai,Maharashtra,BCom,Finance,9.4,7.6,Australia,Cyber Security,2978082,Yes,Seminar,Offer Letter,Amit Verma,2026-02-04,2026-02-07,Dropped,95,Low,100,Canada,Merit Scholarship
ST4447,Arunima Manda,Female,25,Chennai,Tamil Nadu,BCom,Finance,9.13,8.2,Canada,Business Analytics,3096466,Yes,Instagram,New Lead,Amit Verma,2026-05-27,2026-08-23,Inactive,91,Low,100,Canada,Merit Scholarship
ST4448,Avi Palla,Female,28,Hyderabad,Telangana,BBA,Marketing,8.69,5.6,UK,Artificial Intelligence,2076249,Yes,Instagram,Application,Rohit Gupta,2025-12-29,2026-01-12,Dropped,89,Low,86,UK,Merit Scholarship
ST4449,Viraj Maharaj,Male,23,Chennai,Tamil Nadu,BSc,CSE,6.99,6.9,Australia,Finance,3118427,Yes,Website,Visa,Priya Sharma,2024-08-09,2024-11-29,Converted,73,Low,83,Australia,Not Eligible
ST4450,Timothy Malhotra,Male,23,Ahmedabad,Gujarat,BA,Mechanical,6.2,6.5,Germany,Artificial Intelligence,1093697,Yes,Seminar,New Lead,Sneha Jain,2025-07-03,2025-10-17,Inactive,61,Medium,62,Germany,Not Eligible
ST4451,Kevin Gokhale,Male,19,Delhi,Delhi,BBA,Marketing,7.53,6.8,Australia,MBA,1884607,No,Referral,Application,Priya Sharma,2026-01-24,2026-04-06,Inactive,83,Low,92,Australia,Partial Scholarship
ST4452,Lipika Nazareth,Male,20,Bangalore,Karnataka,BCom,Finance,8.85,5.7,Germany,Business Analytics,1038409,Yes,WhatsApp,Visa,Rahul Singh,2024-09-01,2024-11-19,Converted,75,Low,80,Germany,Merit Scholarship
ST4453,Manthan Nazareth,Male,25,Pune,Maharashtra,BA,IT,7.03,5.6,Canada,Cyber Security,2557519,Yes,Referral,Enrolled,Amit Verma,2024-09-04,2024-12-22,Converted,82,Low,85,Canada,Not Eligible
ST4454,Janya Dhaliwal,Male,28,Bangalore,Karnataka,BSc,Marketing,6.51,7.8,Australia,Data Science,2281067,Yes,Referral,Counseling,Rohit Gupta,2026-04-01,2026-06-25,Active,96,Low,100,Canada,Not Eligible
ST4455,Oni Hayre,Female,24,Delhi,Delhi,BBA,Biotechnology,9.5,5.8,USA,Cyber Security,3067606,Yes,Instagram,New Lead,Sneha Jain,2025-06-07,2025-08-31,Dropped,92,Low,97,USA,Merit Scholarship
ST4456,Vrishti Kalita,Female,19,Pune,Maharashtra,BBA,Marketing,9.31,6.4,Canada,Artificial Intelligence,2182616,Yes,Website,Documents,Rohit Gupta,2024-10-17,2024-12-07,Active,95,Low,100,Canada,Merit Scholarship
ST4457,Christopher Gara,Male,26,Jaipur,Rajasthan,BSc,Finance,9.14,6.5,Germany,MBA,1039804,Yes,Instagram,Counseling,Amit Verma,2024-06-22,2024-07-22,Active,93,Low,91,Germany,Merit Scholarship
ST4458,Triya Dutt,Female,23,Hyderabad,Telangana,BTech,Marketing,7.71,7.8,Canada,Business Analytics,1063368,Yes,Website,Documents,Rahul Singh,2025-02-02,2025-05-10,Active,83,Low,90,Germany,Partial Scholarship
ST4459,Yashawini Bhargava,Female,21,Indore,Madhya Pradesh,BSc,IT,8.48,8.3,UK,Artificial Intelligence,1051054,Yes,Instagram,Enrolled,Rohit Gupta,2025-10-11,2025-11-21,Converted,99,Low,100,Germany,Partial Scholarship
ST4460,Anjali Agrawal,Female,23,Ahmedabad,Gujarat,BCom,IT,8.04,8.4,Australia,Finance,2314670,Yes,Seminar,New Lead,Priya Sharma,2026-04-15,2026-06-13,Active,99,Low,100,Canada,Partial Scholarship
ST4461,Fariq Krishnamurthy,Female,27,Indore,Madhya Pradesh,BA,Biotechnology,7.0,7.1,Canada,Finance,1988778,No,Seminar,Enrolled,Priya Sharma,2024-09-24,2024-10-26,Converted,76,Medium,75,Canada,Not Eligible
ST4462,Shivani Kaul,Female,24,Jaipur,Rajasthan,BCom,ECE,8.56,6.3,Canada,MBA,3060228,Yes,WhatsApp,Counseling,Priya Sharma,2025-09-25,2026-01-15,Inactive,99,Low,92,Canada,Merit Scholarship
ST4463,Omisha Kara,Female,24,Ahmedabad,Gujarat,BSc,Marketing,6.67,8.3,UK,MBA,1496622,Yes,Referral,Enrolled,Amit Verma,2026-03-09,2026-06-25,Converted,99,Low,99,Germany,Not Eligible
ST4464,Meera Kant,Male,23,Bangalore,Karnataka,BBA,Mechanical,7.58,6.9,UK,Artificial Intelligence,2540182,No,WhatsApp,Visa,Rahul Singh,2025-04-12,2025-07-24,Active,80,Low,89,UK,Partial Scholarship
ST4465,Rudra Nadkarni,Male,24,Hyderabad,Telangana,BSc,IT,8.65,6.2,Germany,Artificial Intelligence,828331,Yes,Referral,New Lead,Rohit Gupta,2024-11-30,2024-12-23,Active,96,Low,98,Germany,Merit Scholarship
ST4466,Jack Subramaniam,Female,28,Bangalore,Karnataka,BBA,CSE,9.72,5.9,UK,Cyber Security,1522077,Yes,WhatsApp,Visa,Rahul Singh,2024-11-01,2025-02-09,Converted,93,Low,91,UK,Merit Scholarship
ST4467,Bhavya Agarwal,Female,28,Bhopal,Madhya Pradesh,BSc,CSE,7.67,6.0,Australia,MBA,2626147,No,Website,Application,Amit Verma,2025-03-01,2025-06-19,Inactive,89,Low,81,Australia,Partial Scholarship
ST4468,Tanay Sampath,Male,26,Indore,Madhya Pradesh,BA,Finance,7.24,6.9,Canada,Artificial Intelligence,2885414,Yes,Referral,New Lead,Rahul Singh,2024-11-24,2025-01-18,Inactive,90,Low,100,Canada,Not Eligible
ST4469,Yagnesh Soman,Male,23,Jaipur,Rajasthan,BCom,CSE,8.11,7.4,Germany,Artificial Intelligence,1296103,Yes,WhatsApp,Application,Sneha Jain,2026-05-16,2026-05-22,Active,89,Low,90,Germany,Partial Scholarship
ST4470,Aarna Memon,Male,27,Ahmedabad,Gujarat,BSc,Biotechnology,9.5,6.9,Australia,Computer Science,2370321,Yes,Referral,Enrolled,Rahul Singh,2025-10-30,2026-01-10,Converted,94,Low,100,Australia,Merit Scholarship
ST4471,Anay Puri,Female,21,Hyderabad,Telangana,BTech,ECE,9.24,8.3,Canada,Finance,1136656,Yes,Referral,Enrolled,Priya Sharma,2025-02-16,2025-03-18,Converted,99,Low,100,Germany,Merit Scholarship
ST4472,Damyanti Vala,Male,18,Hyderabad,Telangana,BCom,CSE,6.59,5.9,Australia,Business Analytics,2895673,Yes,Website,Application,Amit Verma,2024-08-14,2024-11-22,Inactive,60,Medium,69,Australia,Not Eligible
ST4473,Dayita Sankar,Female,20,Jaipur,Rajasthan,BBA,Biotechnology,7.84,6.5,Canada,MBA,1178006,Yes,Website,Visa,Priya Sharma,2025-11-10,2026-01-16,Converted,68,Medium,78,Germany,Partial Scholarship
ST4474,Tarak Bora,Female,23,Ahmedabad,Gujarat,BA,Mechanical,8.38,7.7,Canada,Finance,1536775,No,Referral,Contacted,Amit Verma,2024-12-25,2025-03-26,Inactive,93,Low,100,Canada,Partial Scholarship
ST4475,Kamala Radhakrishnan,Male,21,Pune,Maharashtra,BSc,CSE,8.87,5.7,Australia,Computer Science,3434661,Yes,Seminar,New Lead,Sneha Jain,2025-08-30,2025-09-08,Inactive,88,Low,90,Australia,Merit Scholarship
ST4476,Yug Vasa,Female,24,Chennai,Tamil Nadu,BTech,Biotechnology,9.26,7.9,Australia,Finance,3307918,Yes,Seminar,New Lead,Amit Verma,2024-07-21,2024-10-15,Dropped,99,Low,100,Canada,Merit Scholarship
ST4477,Lipika Lal,Female,27,Mumbai,Maharashtra,BSc,Finance,8.89,5.7,USA,Artificial Intelligence,3215475,Yes,WhatsApp,New Lead,Sneha Jain,2025-09-28,2026-01-20,Dropped,81,Low,90,USA,Merit Scholarship
ST4478,Panini Chaudry,Female,28,Delhi,Delhi,BSc,Biotechnology,8.15,5.6,Australia,Data Science,2508583,No,WhatsApp,New Lead,Rahul Singh,2025-07-25,2025-09-11,Inactive,73,Low,81,Australia,Partial Scholarship
ST4479,Kashish Parikh,Male,23,Indore,Madhya Pradesh,BA,Biotechnology,6.37,8.2,Canada,Data Science,2416271,Yes,Seminar,New Lead,Priya Sharma,2024-06-26,2024-08-01,Active,91,Low,89,Canada,Not Eligible
ST4480,Tanish Sarin,Female,18,Bhopal,Madhya Pradesh,BTech,CSE,6.92,6.2,Canada,Data Science,2204117,No,WhatsApp,Contacted,Rohit Gupta,2025-06-28,2025-09-11,Inactive,84,Medium,76,Canada,Not Eligible
ST4481,Anvi Reddy,Female,22,Ahmedabad,Gujarat,BCom,Biotechnology,9.41,6.5,Germany,Computer Science,832460,Yes,Website,Counseling,Priya Sharma,2024-12-11,2025-02-27,Inactive,95,Low,94,Germany,Merit Scholarship
ST4482,Banjeet Mutti,Male,25,Chennai,Tamil Nadu,BCom,Marketing,6.29,8.5,UK,Computer Science,970463,Yes,WhatsApp,Enrolled,Rohit Gupta,2024-06-25,2024-09-20,Converted,83,Low,82,Germany,Not Eligible
ST4483,Krish Shere,Male,24,Bangalore,Karnataka,BCom,Finance,9.15,7.5,Australia,MBA,1494947,Yes,Website,Enrolled,Priya Sharma,2025-08-11,2025-10-24,Converted,99,Low,100,Germany,Merit Scholarship
ST4484,Michael Bhakta,Female,25,Chennai,Tamil Nadu,BSc,IT,8.9,7.4,Germany,Computer Science,897499,Yes,Seminar,Enrolled,Sneha Jain,2024-06-20,2024-06-22,Converted,92,Low,98,Germany,Merit Scholarship
ST4485,Charan Varty,Female,27,Hyderabad,Telangana,BTech,Mechanical,9.07,6.8,UK,MBA,1859378,Yes,WhatsApp,Offer Letter,Rahul Singh,2025-06-25,2025-08-27,Active,99,Low,92,UK,Merit Scholarship
ST4486,Dayamai Doctor,Female,25,Indore,Madhya Pradesh,BTech,Finance,6.03,5.6,Australia,Computer Science,2465798,No,Instagram,Enrolled,Rohit Gupta,2024-10-20,2024-11-03,Converted,61,Medium,60,Australia,Not Eligible
ST4487,Adweta Sheth,Male,21,Hyderabad,Telangana,BCom,Mechanical,8.91,8.5,UK,Business Analytics,938704,Yes,Website,New Lead,Rahul Singh,2025-08-28,2025-12-20,Dropped,93,Low,100,Germany,Merit Scholarship
ST4488,Jairaj Patel,Female,25,Delhi,Delhi,BA,Mechanical,6.18,7.7,UK,Computer Science,2989547,No,Referral,New Lead,Sneha Jain,2026-03-28,2026-06-01,Dropped,96,Low,98,Canada,Not Eligible
ST4489,Mahika Devan,Female,23,Indore,Madhya Pradesh,BA,Finance,9.12,6.7,USA,Computer Science,2745717,Yes,Website,Enrolled,Sneha Jain,2024-09-30,2024-11-29,Converted,99,Low,100,USA,Merit Scholarship
ST4490,Omaja Andra,Male,19,Pune,Maharashtra,BTech,Mechanical,7.87,7.2,USA,Artificial Intelligence,3366727,Yes,Instagram,Offer Letter,Rohit Gupta,2024-06-05,2024-06-19,Active,99,Low,95,Canada,Partial Scholarship
ST4491,Dev Pandey,Male,22,Mumbai,Maharashtra,BCom,Finance,8.79,7.3,Canada,Cyber Security,3260948,Yes,Referral,Visa,Sneha Jain,2025-05-03,2025-06-12,Converted,99,Low,100,Canada,Merit Scholarship
ST4492,Vedika Ravi,Male,22,Mumbai,Maharashtra,BCom,ECE,8.98,6.1,Germany,Data Science,1350620,Yes,WhatsApp,Application,Rohit Gupta,2025-12-17,2026-01-28,Active,81,Low,84,Germany,Merit Scholarship
ST4493,Max Edwin,Female,24,Bhopal,Madhya Pradesh,BBA,Finance,6.63,6.6,Australia,Artificial Intelligence,2459364,No,Instagram,Counseling,Rohit Gupta,2025-04-29,2025-05-13,Inactive,80,Medium,76,Australia,Not Eligible
ST4494,Rohan Tella,Female,22,Bangalore,Karnataka,BCom,IT,8.86,7.5,Canada,Artificial Intelligence,2729177,Yes,Seminar,Offer Letter,Amit Verma,2025-08-29,2025-12-21,Active,91,Low,100,Canada,Merit Scholarship
ST4495,Darsh Gade,Female,21,Chennai,Tamil Nadu,BTech,Mechanical,8.01,6.1,Germany,Computer Science,1204435,Yes,Seminar,New Lead,Rohit Gupta,2026-05-13,2026-07-23,Dropped,85,Medium,75,Germany,Partial Scholarship
ST4496,Chatresh Nanda,Male,26,Jaipur,Rajasthan,BSc,Biotechnology,9.29,7.0,Australia,Cyber Security,3249027,Yes,WhatsApp,Counseling,Sneha Jain,2024-10-16,2024-11-22,Dropped,99,Low,100,Canada,Merit Scholarship
ST4497,Chanakya Mammen,Female,18,Indore,Madhya Pradesh,BTech,Mechanical,8.87,8.4,Canada,MBA,3096894,Yes,Referral,New Lead,Amit Verma,2025-03-27,2025-07-24,Inactive,99,Low,100,Canada,Merit Scholarship
ST4498,Jagvi Prasad,Female,21,Chennai,Tamil Nadu,BBA,CSE,6.09,7.4,Canada,MBA,1978443,Yes,Website,Contacted,Rohit Gupta,2025-06-13,2025-07-14,Active,75,Medium,69,Canada,Not Eligible
ST4499,Chasmum Rajan,Female,21,Bangalore,Karnataka,BCom,CSE,8.02,7.6,UK,Business Analytics,1484165,Yes,Referral,Enrolled,Priya Sharma,2025-06-05,2025-08-24,Converted,98,Low,100,Germany,Partial Scholarship
ST4500,Ayaan Pant,Female,27,Hyderabad,Telangana,BSc,Mechanical,8.0,7.1,Canada,MBA,3238303,Yes,Instagram,Contacted,Rahul Singh,2024-09-29,2024-11-23,Active,99,Low,95,Canada,Partial Scholarship
ST4501,Zayan Amble,Male,23,Indore,Madhya Pradesh,BCom,IT,8.32,6.8,Germany,Finance,1198769,Yes,Seminar,New Lead,Rohit Gupta,2025-12-05,2026-02-26,Active,89,Low,85,Germany,Partial Scholarship
ST4502,Dev Bhasin,Female,27,Indore,Madhya Pradesh,BA,IT,7.96,6.3,Australia,Cyber Security,2917231,No,Website,Documents,Rahul Singh,2024-06-27,2024-09-14,Dropped,80,Low,86,Australia,Partial Scholarship
ST4503,Aachal Pillay,Male,27,Delhi,Delhi,BSc,Mechanical,8.42,8.0,Australia,Cyber Security,2524407,No,WhatsApp,Documents,Rohit Gupta,2025-12-07,2025-12-09,Inactive,98,Low,100,Canada,Partial Scholarship
ST4504,Fiyaz Dyal,Male,25,Hyderabad,Telangana,BA,Mechanical,6.06,6.0,Germany,MBA,1011612,No,Instagram,Counseling,Amit Verma,2024-10-25,2025-02-18,Inactive,46,High,55,Germany,Not Eligible
ST4505,Ekaja Gole,Female,27,Delhi,Delhi,BA,Marketing,7.3,7.4,UK,Computer Science,1618038,No,Seminar,Contacted,Sneha Jain,2026-05-24,2026-07-12,Inactive,76,Low,81,Canada,Not Eligible
ST4506,Garima Chahal,Male,22,Mumbai,Maharashtra,BCom,Mechanical,6.98,7.0,Germany,Finance,1402641,Yes,Instagram,Documents,Sneha Jain,2025-11-11,2026-01-22,Active,83,Medium,74,Germany,Not Eligible
ST4507,Lakshmi Varghese,Male,25,Bangalore,Karnataka,BTech,ECE,8.62,8.5,Canada,Artificial Intelligence,2427601,Yes,Instagram,Application,Rohit Gupta,2025-09-08,2025-10-14,Dropped,91,Low,100,Canada,Merit Scholarship
ST4508,Finn Date,Male,23,Hyderabad,Telangana,BTech,Mechanical,6.35,8.3,Australia,Finance,1011486,Yes,Website,Visa,Sneha Jain,2024-12-12,2025-01-25,Converted,75,Low,81,Germany,Not Eligible
ST4509,Jagvi Zacharia,Female,21,Hyderabad,Telangana,BTech,IT,6.04,8.2,Australia,MBA,1286895,No,Instagram,Visa,Rahul Singh,2026-03-07,2026-07-05,Converted,85,Medium,76,Germany,Not Eligible
ST4510,Wyatt Ram,Female,22,Jaipur,Rajasthan,BCom,Biotechnology,9.2,8.2,Australia,Computer Science,1765542,Yes,Referral,Enrolled,Amit Verma,2024-08-26,2024-10-29,Converted,99,Low,100,Canada,Merit Scholarship
ST4511,Rachita Kumer,Male,25,Chennai,Tamil Nadu,BCom,Marketing,7.09,7.5,Canada,Finance,1122189,Yes,Referral,Offer Letter,Rohit Gupta,2024-07-17,2024-09-06,Active,99,Low,95,Germany,Not Eligible
ST4512,Leena Oommen,Female,25,Ahmedabad,Gujarat,BTech,IT,7.6,7.8,Canada,Cyber Security,3240815,Yes,Referral,Contacted,Rahul Singh,2024-06-12,2024-08-16,Dropped,99,Low,100,Canada,Partial Scholarship
ST4513,Amaira Subramaniam,Female,22,Bhopal,Madhya Pradesh,BCom,Biotechnology,7.29,6.2,Germany,Finance,1028143,Yes,Seminar,Contacted,Rohit Gupta,2025-04-06,2025-05-30,Inactive,79,Medium,69,Germany,Not Eligible
ST4514,Warjas Dasgupta,Male,28,Bhopal,Madhya Pradesh,BSc,Mechanical,7.95,6.7,UK,Business Analytics,2409808,No,Instagram,Enrolled,Amit Verma,2025-05-23,2025-05-28,Converted,91,Low,91,UK,Partial Scholarship
ST4515,Bachittar Kadakia,Female,24,Indore,Madhya Pradesh,BTech,Marketing,7.11,8.5,UK,Cyber Security,1660345,Yes,Seminar,Offer Letter,Rahul Singh,2024-11-02,2024-11-30,Dropped,85,Low,91,Canada,Not Eligible
ST4516,Qarin Cheema,Female,23,Pune,Maharashtra,BA,Marketing,7.2,7.0,USA,Cyber Security,3033501,Yes,Website,Enrolled,Sneha Jain,2026-05-31,2026-07-14,Converted,86,Low,87,Canada,Not Eligible
ST4517,Kevin Mand,Female,27,Delhi,Delhi,BTech,ECE,9.2,5.7,Canada,MBA,2330088,Yes,Referral,Counseling,Rahul Singh,2024-07-03,2024-09-30,Inactive,94,Low,100,Canada,Merit Scholarship
ST4518,Jairaj Ramanathan,Male,28,Bangalore,Karnataka,BA,Mechanical,6.28,5.6,USA,Artificial Intelligence,3389696,Yes,Website,Enrolled,Amit Verma,2025-02-18,2025-05-22,Converted,58,Medium,62,USA,Not Eligible
ST4519,Wridesh Tara,Male,26,Chennai,Tamil Nadu,BA,CSE,8.75,6.8,Canada,MBA,3318741,Yes,Seminar,Documents,Rahul Singh,2025-03-13,2025-06-10,Active,99,Low,99,Canada,Merit Scholarship
ST4520,Ojas Mohan,Female,28,Jaipur,Rajasthan,BBA,CSE,6.81,6.8,Australia,Data Science,2679816,Yes,WhatsApp,Counseling,Sneha Jain,2026-02-06,2026-05-31,Dropped,90,Low,80,Australia,Not Eligible
ST4521,Siddharth Balan,Male,27,Jaipur,Rajasthan,BCom,CSE,6.95,5.7,USA,MBA,2631045,No,WhatsApp,Offer Letter,Priya Sharma,2024-07-12,2024-10-08,Dropped,63,Medium,71,USA,Not Eligible
ST4522,Libni Rao,Male,21,Delhi,Delhi,BA,CSE,6.93,8.5,UK,Data Science,2745631,No,Website,Documents,Rahul Singh,2024-10-04,2024-12-04,Dropped,99,Low,99,Canada,Not Eligible
ST4523,Eiravati Balakrishnan,Male,20,Chennai,Tamil Nadu,BSc,Mechanical,6.67,7.1,Australia,Computer Science,3157077,Yes,WhatsApp,New Lead,Rohit Gupta,2024-10-28,2025-02-24,Inactive,91,Low,81,Canada,Not Eligible
ST4524,Jack Kapadia,Male,19,Jaipur,Rajasthan,BBA,ECE,8.7,7.5,UK,Data Science,1726686,Yes,Referral,Documents,Priya Sharma,2025-12-30,2026-02-21,Inactive,99,Low,100,Canada,Merit Scholarship
ST4525,Farhan Goda,Female,25,Delhi,Delhi,BTech,IT,8.95,5.6,Canada,Computer Science,2272861,Yes,Website,Offer Letter,Rohit Gupta,2026-03-25,2026-06-16,Active,95,Low,89,Canada,Merit Scholarship
ST4526,Nathan Mallick,Male,18,Chennai,Tamil Nadu,BA,ECE,7.58,8.1,Canada,Business Analytics,3200835,No,WhatsApp,Documents,Priya Sharma,2025-05-21,2025-06-29,Dropped,94,Low,100,Canada,Partial Scholarship
ST4527,Yauvani Varkey,Female,22,Delhi,Delhi,BA,Mechanical,9.06,6.4,Germany,Business Analytics,946708,Yes,Website,Enrolled,Sneha Jain,2025-10-06,2025-10-19,Converted,79,Low,89,Germany,Merit Scholarship
ST4528,Darika Menon,Female,18,Bhopal,Madhya Pradesh,BBA,CSE,9.11,8.4,Canada,Data Science,1001801,Yes,Seminar,New Lead,Rahul Singh,2024-08-14,2024-09-02,Inactive,99,Low,100,Germany,Merit Scholarship
ST4529,Vasudha Savant,Female,26,Chennai,Tamil Nadu,BA,ECE,6.47,7.6,UK,Computer Science,1351205,No,Website,Visa,Priya Sharma,2024-12-27,2025-04-21,Converted,64,Medium,74,Germany,Not Eligible
ST4530,Vasudha Devi,Male,23,Mumbai,Maharashtra,BCom,IT,6.92,8.1,Canada,Data Science,2535720,No,Instagram,Offer Letter,Sneha Jain,2024-11-26,2025-01-18,Dropped,91,Low,94,Canada,Not Eligible
ST4531,Kala Sachar,Male,27,Jaipur,Rajasthan,BCom,ECE,7.25,5.7,UK,Business Analytics,2378585,Yes,Seminar,Documents,Priya Sharma,2025-06-07,2025-07-24,Active,78,Medium,74,UK,Not Eligible
ST4532,Yashawini Swaminathan,Female,27,Pune,Maharashtra,BBA,IT,8.57,8.5,Australia,Cyber Security,2530416,Yes,WhatsApp,Contacted,Rohit Gupta,2026-05-30,2026-08-14,Dropped,96,Low,100,Canada,Merit Scholarship
ST4533,Krisha Sarkar,Female,27,Chennai,Tamil Nadu,BBA,Marketing,6.32,7.5,Australia,Data Science,1159413,No,Website,New Lead,Rahul Singh,2025-06-22,2025-08-23,Inactive,66,Medium,73,Germany,Not Eligible
ST4534,Isaac Krish,Female,28,Delhi,Delhi,BA,ECE,7.88,5.5,UK,Finance,3211229,No,Website,New Lead,Sneha Jain,2024-08-27,2024-12-23,Inactive,81,Medium,78,UK,Partial Scholarship
ST4535,Chaitanya Krishna,Male,27,Hyderabad,Telangana,BTech,ECE,7.9,7.9,Canada,Computer Science,3249345,No,Instagram,Counseling,Sneha Jain,2026-04-27,2026-05-29,Inactive,99,Low,100,Canada,Partial Scholarship
ST4536,Aahana Murty,Male,19,Chennai,Tamil Nadu,BTech,IT,8.63,7.9,Canada,Artificial Intelligence,869380,Yes,Referral,Documents,Priya Sharma,2025-12-10,2026-03-08,Inactive,94,Low,100,Germany,Merit Scholarship
ST4537,Oeshi Badal,Female,20,Ahmedabad,Gujarat,BBA,Finance,8.8,8.3,UK,Business Analytics,2027121,Yes,Instagram,Application,Amit Verma,2024-06-15,2024-06-30,Dropped,99,Low,100,Canada,Merit Scholarship
ST4538,Barkha Kulkarni,Male,27,Ahmedabad,Gujarat,BBA,CSE,6.53,5.5,Canada,Business Analytics,1822479,No,Website,Documents,Priya Sharma,2025-01-15,2025-05-10,Dropped,53,High,55,Canada,Not Eligible
ST4539,Kavya Taneja,Female,24,Jaipur,Rajasthan,BA,Biotechnology,6.69,5.9,Canada,Artificial Intelligence,1219258,No,Referral,Enrolled,Sneha Jain,2026-03-11,2026-05-26,Converted,84,Medium,75,Germany,Not Eligible
ST4540,Ishaan Devi,Male,20,Pune,Maharashtra,BBA,Marketing,7.78,7.7,Australia,Data Science,1857010,No,WhatsApp,Contacted,Amit Verma,2025-05-30,2025-07-23,Inactive,85,Low,89,Canada,Partial Scholarship
ST4541,Kai Ravi,Female,19,Indore,Madhya Pradesh,BBA,Finance,6.74,8.1,Australia,MBA,1092865,No,Instagram,Application,Priya Sharma,2025-09-19,2025-12-13,Dropped,77,Low,82,Germany,Not Eligible
ST4542,Tristan Gala,Male,28,Chennai,Tamil Nadu,BTech,Finance,7.8,7.3,UK,Business Analytics,3042365,Yes,Instagram,Offer Letter,Sneha Jain,2026-02-06,2026-04-20,Inactive,99,Low,96,Canada,Partial Scholarship
ST4543,Girindra Doshi,Male,27,Chennai,Tamil Nadu,BSc,Mechanical,9.06,5.9,Canada,Finance,1887264,Yes,WhatsApp,Offer Letter,Priya Sharma,2025-06-25,2025-10-13,Dropped,76,Low,84,Canada,Merit Scholarship
ST4544,Brinda Lall,Male,21,Ahmedabad,Gujarat,BCom,ECE,8.45,7.2,UK,Cyber Security,1729067,No,Seminar,Application,Rohit Gupta,2025-10-18,2025-11-16,Inactive,83,Low,91,Canada,Partial Scholarship
ST4545,Nidhi Shetty,Female,26,Mumbai,Maharashtra,BBA,Finance,8.41,6.8,USA,Artificial Intelligence,2761329,Yes,Referral,Enrolled,Priya Sharma,2025-09-24,2025-10-12,Converted,99,Low,100,USA,Partial Scholarship
ST4546,Zashil Kannan,Male,28,Ahmedabad,Gujarat,BA,Biotechnology,9.31,5.6,Australia,Data Science,2236750,Yes,Seminar,New Lead,Rohit Gupta,2024-09-26,2024-11-09,Active,93,Low,93,Australia,Merit Scholarship
ST4547,Veer Golla,Male,24,Pune,Maharashtra,BBA,Finance,6.13,8.2,UK,Business Analytics,846724,Yes,WhatsApp,Contacted,Sneha Jain,2026-02-24,2026-04-06,Inactive,70,Medium,77,Germany,Not Eligible
ST4548,Nitesh Ramanathan,Female,25,Mumbai,Maharashtra,BA,IT,8.42,8.1,Canada,Cyber Security,2935614,Yes,Website,Counseling,Rahul Singh,2026-02-06,2026-04-30,Active,99,Low,100,Canada,Partial Scholarship
ST4549,Gavin Dash,Female,28,Indore,Madhya Pradesh,BA,IT,8.31,8.2,UK,Artificial Intelligence,2549059,Yes,Seminar,Offer Letter,Amit Verma,2025-03-09,2025-05-29,Dropped,99,Low,100,Canada,Partial Scholarship
ST4550,Gautami Mall,Male,25,Delhi,Delhi,BSc,ECE,7.83,7.0,Germany,Finance,859437,No,Seminar,Contacted,Sneha Jain,2026-03-23,2026-07-11,Dropped,86,Low,83,Germany,Partial Scholarship
ST4551,Ranbir Pall,Male,27,Pune,Maharashtra,BTech,ECE,8.0,7.0,UK,Artificial Intelligence,2790197,Yes,WhatsApp,New Lead,Priya Sharma,2025-05-07,2025-08-09,Inactive,88,Low,95,Canada,Partial Scholarship
ST4552,Gunbir Sachdeva,Female,18,Indore,Madhya Pradesh,BSc,IT,7.17,8.3,Canada,MBA,2038356,Yes,Website,Enrolled,Sneha Jain,2025-11-24,2026-02-23,Converted,99,Low,99,Canada,Not Eligible
ST4553,Baljiwan Palan,Male,24,Indore,Madhya Pradesh,BTech,Marketing,7.07,5.6,UK,Computer Science,2167198,Yes,Referral,Documents,Rohit Gupta,2024-07-07,2024-07-15,Dropped,88,Low,85,UK,Not Eligible
ST4554,Shivani Amble,Female,19,Hyderabad,Telangana,BBA,Biotechnology,6.82,7.2,Canada,MBA,1530406,Yes,Website,Offer Letter,Sneha Jain,2025-01-21,2025-03-16,Inactive,77,Medium,75,Canada,Not Eligible
ST4555,Ira Varughese,Female,22,Ahmedabad,Gujarat,BBA,Marketing,6.51,7.8,Canada,Artificial Intelligence,2685245,No,WhatsApp,Counseling,Sneha Jain,2026-02-22,2026-06-21,Active,85,Low,88,Canada,Not Eligible
ST4556,Zaid Sekhon,Female,18,Bangalore,Karnataka,BBA,IT,7.5,5.5,Germany,Finance,1317785,Yes,Instagram,Enrolled,Sneha Jain,2024-11-05,2024-12-28,Converted,72,Medium,65,Germany,Partial Scholarship
ST4557,Panini Sen,Female,25,Delhi,Delhi,BA,CSE,6.92,6.2,Australia,Computer Science,1556409,Yes,Instagram,Documents,Sneha Jain,2025-02-20,2025-03-27,Active,60,Medium,66,Australia,Not Eligible
ST4558,Harini Doctor,Female,26,Jaipur,Rajasthan,BSc,Marketing,6.17,7.5,Canada,Computer Science,3107759,Yes,WhatsApp,Visa,Rahul Singh,2026-02-25,2026-02-27,Converted,81,Low,81,Canada,Not Eligible
ST4559,Ishanvi Gala,Male,20,Ahmedabad,Gujarat,BTech,ECE,8.04,7.3,Germany,MBA,974344,Yes,Referral,Documents,Amit Verma,2026-03-23,2026-05-30,Dropped,94,Low,100,Germany,Partial Scholarship
ST4560,Aarav Yadav,Female,25,Bangalore,Karnataka,BTech,Finance,8.11,8.1,Australia,Business Analytics,2954918,No,Seminar,Counseling,Priya Sharma,2025-04-15,2025-06-28,Active,99,Low,100,Canada,Partial Scholarship
ST4561,Janani Rana,Female,26,Delhi,Delhi,BBA,Marketing,9.4,6.1,Australia,Finance,2670018,Yes,Referral,Contacted,Rahul Singh,2025-11-19,2026-03-09,Dropped,99,Low,100,Australia,Merit Scholarship
ST4562,Robert Dhaliwal,Male,19,Bhopal,Madhya Pradesh,BBA,IT,9.51,5.9,Canada,Business Analytics,1087693,Yes,WhatsApp,Visa,Sneha Jain,2025-05-22,2025-06-18,Converted,91,Low,89,Germany,Merit Scholarship
ST4563,Chakrika Setty,Female,19,Delhi,Delhi,BBA,Biotechnology,6.84,8.0,Canada,Data Science,868554,No,Referral,Counseling,Rahul Singh,2025-03-07,2025-07-01,Inactive,99,Low,98,Germany,Not Eligible
ST4564,Warda Sant,Female,28,Chennai,Tamil Nadu,BSc,Marketing,8.66,5.6,Germany,MBA,819665,Yes,Referral,Documents,Rohit Gupta,2025-04-02,2025-06-08,Inactive,92,Low,91,Germany,Merit Scholarship
ST4565,Thomas Maharaj,Male,25,Jaipur,Rajasthan,BCom,Finance,6.15,7.5,UK,Data Science,2513566,No,Referral,New Lead,Amit Verma,2025-03-16,2025-06-02,Active,99,Low,96,Canada,Not Eligible
ST4566,Ryan Keer,Male,23,Mumbai,Maharashtra,BBA,CSE,8.72,7.9,Australia,Artificial Intelligence,2320362,Yes,Referral,Enrolled,Amit Verma,2026-01-31,2026-03-14,Converted,99,Low,100,Canada,Merit Scholarship
ST4567,Omkaar Dixit,Female,27,Ahmedabad,Gujarat,BCom,Biotechnology,7.46,6.9,Canada,MBA,1345444,No,Seminar,Enrolled,Priya Sharma,2026-06-01,2026-08-05,Converted,84,Medium,78,Germany,Not Eligible
ST4568,Vasudha Sood,Male,23,Jaipur,Rajasthan,BSc,Mechanical,6.07,6.6,Germany,Business Analytics,1207041,Yes,WhatsApp,Documents,Amit Verma,2024-07-25,2024-11-13,Dropped,57,Medium,60,Germany,Not Eligible
ST4569,Mitesh Viswanathan,Male,21,Mumbai,Maharashtra,BA,Biotechnology,6.42,5.6,Canada,Business Analytics,2452439,Yes,Website,New Lead,Sneha Jain,2024-08-30,2024-11-26,Dropped,54,Medium,64,Canada,Not Eligible
ST4570,Michael Venkatesh,Male,20,Bhopal,Madhya Pradesh,BTech,CSE,8.26,7.1,USA,MBA,3005800,Yes,Referral,Documents,Rohit Gupta,2024-07-03,2024-10-30,Dropped,99,Low,100,Canada,Partial Scholarship
ST4571,Saksham Comar,Male,26,Indore,Madhya Pradesh,BA,Finance,7.92,7.0,Canada,Finance,2087264,No,Instagram,Visa,Amit Verma,2024-09-11,2024-09-12,Active,91,Low,94,Canada,Partial Scholarship
ST4572,Radha Thaman,Female,22,Indore,Madhya Pradesh,BCom,CSE,6.43,7.4,Canada,Business Analytics,2241492,No,WhatsApp,Enrolled,Rahul Singh,2026-04-18,2026-07-19,Converted,90,Low,83,Canada,Not Eligible
ST4573,Zaid Soni,Male,23,Bhopal,Madhya Pradesh,BSc,ECE,7.22,7.9,Australia,MBA,2176931,No,Website,New Lead,Priya Sharma,2024-11-09,2024-12-05,Dropped,95,Low,96,Canada,Not Eligible
ST4574,Simon Kapadia,Male,28,Pune,Maharashtra,BTech,ECE,9.17,7.8,UK,MBA,2299255,Yes,Seminar,Enrolled,Rohit Gupta,2025-12-03,2026-02-16,Converted,99,Low,100,Canada,Merit Scholarship
ST4575,Yatin Grover,Female,22,Pune,Maharashtra,BCom,Mechanical,7.63,7.2,Germany,Data Science,845717,No,Seminar,Offer Letter,Rohit Gupta,2026-05-15,2026-09-10,Dropped,91,Low,83,Germany,Partial Scholarship
ST4576,Rachit Misra,Male,24,Mumbai,Maharashtra,BBA,Marketing,8.66,7.0,UK,Computer Science,3151958,Yes,Instagram,New Lead,Rohit Gupta,2025-02-07,2025-03-03,Active,99,Low,100,Canada,Merit Scholarship
ST4577,Jasmit Bhandari,Female,28,Hyderabad,Telangana,BSc,Biotechnology,9.09,7.3,UK,Cyber Security,2520136,Yes,Instagram,New Lead,Priya Sharma,2024-08-19,2024-10-04,Active,99,Low,100,Canada,Merit Scholarship
ST4578,Adweta Iyengar,Female,26,Mumbai,Maharashtra,BCom,ECE,9.02,7.8,UK,Artificial Intelligence,2102706,Yes,WhatsApp,Application,Sneha Jain,2024-11-22,2025-03-19,Active,93,Low,100,Canada,Merit Scholarship
ST4579,Warhi Varkey,Male,21,Pune,Maharashtra,BSc,IT,7.69,8.2,UK,Artificial Intelligence,3053025,Yes,WhatsApp,Enrolled,Amit Verma,2026-06-01,2026-07-20,Converted,91,Low,100,Canada,Partial Scholarship
ST4580,Dakshesh Gupta,Male,27,Indore,Madhya Pradesh,BTech,Mechanical,9.64,6.3,Germany,Computer Science,1238137,Yes,Instagram,Visa,Amit Verma,2025-12-25,2026-03-13,Converted,92,Low,93,Germany,Merit Scholarship
ST4581,Wyatt Singhal,Female,24,Ahmedabad,Gujarat,BA,ECE,9.43,5.9,USA,Computer Science,2855294,Yes,Instagram,Application,Priya Sharma,2024-10-19,2025-02-13,Active,99,Low,98,USA,Merit Scholarship
ST4582,Vasatika Walla,Male,24,Hyderabad,Telangana,BCom,ECE,7.38,8.0,Australia,Data Science,2696711,No,Website,Application,Amit Verma,2024-07-07,2024-08-07,Dropped,99,Low,98,Canada,Not Eligible
ST4583,Advay Narayan,Male,26,Bhopal,Madhya Pradesh,BA,Marketing,9.4,5.8,Canada,MBA,3116922,Yes,Seminar,Enrolled,Sneha Jain,2026-04-21,2026-04-27,Converted,99,Low,96,Canada,Merit Scholarship
ST4584,Jhalak Chander,Male,19,Hyderabad,Telangana,BBA,CSE,8.01,5.7,Canada,Computer Science,1353680,No,Referral,Contacted,Amit Verma,2026-02-26,2026-03-16,Inactive,81,Low,87,Germany,Partial Scholarship
ST4585,Vasudha Johal,Male,25,Jaipur,Rajasthan,BTech,IT,6.46,5.7,Australia,Finance,2708846,Yes,Website,Contacted,Rahul Singh,2025-02-09,2025-02-10,Inactive,70,Medium,66,Australia,Not Eligible
ST4586,Bhavini Bansal,Male,19,Delhi,Delhi,BA,Mechanical,8.72,6.6,Germany,Finance,1067667,Yes,Website,Visa,Amit Verma,2025-06-22,2025-08-20,Converted,90,Low,87,Germany,Merit Scholarship
ST4587,Michael Krishnamurthy,Female,25,Delhi,Delhi,BTech,IT,7.29,8.3,UK,Artificial Intelligence,2906011,No,WhatsApp,Documents,Priya Sharma,2026-05-02,2026-06-25,Active,99,Low,100,Canada,Not Eligible
ST4588,Isaiah Ghosh,Female,28,Mumbai,Maharashtra,BSc,CSE,7.45,7.5,Australia,Business Analytics,2664435,No,WhatsApp,Visa,Sneha Jain,2025-01-04,2025-04-18,Converted,99,Low,94,Canada,Not Eligible
ST4589,Nimrat Sen,Female,21,Pune,Maharashtra,BSc,Biotechnology,6.39,6.2,UK,Cyber Security,1590698,Yes,Website,Visa,Rahul Singh,2025-06-26,2025-08-22,Active,50,Medium,60,UK,Not Eligible
ST4590,Victor Prabhakar,Male,28,Ahmedabad,Gujarat,BSc,CSE,9.63,6.0,Australia,Artificial Intelligence,1900679,Yes,WhatsApp,Visa,Rohit Gupta,2024-06-08,2024-06-26,Converted,88,Low,91,Australia,Merit Scholarship
ST4591,Benjamin Gandhi,Female,24,Ahmedabad,Gujarat,BBA,IT,6.36,5.5,UK,Finance,2012153,No,WhatsApp,Counseling,Sneha Jain,2026-03-14,2026-05-19,Active,61,Medium,63,UK,Not Eligible
ST4592,Mekhala Din,Male,18,Jaipur,Rajasthan,BA,IT,6.49,7.3,Canada,MBA,1043343,Yes,Referral,Offer Letter,Priya Sharma,2025-04-16,2025-05-19,Dropped,95,Low,87,Germany,Not Eligible
ST4593,Chanakya Date,Female,26,Bhopal,Madhya Pradesh,BTech,Mechanical,8.33,7.5,Australia,Cyber Security,3191213,No,Website,Application,Priya Sharma,2025-09-12,2025-12-24,Active,99,Low,100,Canada,Partial Scholarship
ST4594,Brijesh Bobal,Male,26,Jaipur,Rajasthan,BBA,Finance,6.49,7.0,UK,Data Science,2292876,Yes,Referral,Counseling,Sneha Jain,2026-04-09,2026-04-23,Dropped,88,Low,94,Canada,Not Eligible
ST4595,Charan Minhas,Female,27,Bangalore,Karnataka,BSc,Mechanical,9.35,6.4,Canada,Cyber Security,1340842,Yes,Referral,Counseling,Rohit Gupta,2026-01-16,2026-04-07,Active,97,Low,100,Germany,Merit Scholarship
ST4596,Nirja Bawa,Female,22,Bhopal,Madhya Pradesh,BTech,Finance,6.62,6.8,Canada,Data Science,1045834,Yes,WhatsApp,Offer Letter,Priya Sharma,2026-03-13,2026-05-12,Active,67,Medium,68,Germany,Not Eligible
ST4597,Jeet Murthy,Male,28,Bhopal,Madhya Pradesh,BTech,Biotechnology,7.88,6.9,UK,Computer Science,3302288,No,Seminar,Enrolled,Rahul Singh,2025-09-19,2025-12-01,Converted,94,Low,92,UK,Partial Scholarship
ST4598,Fariq Lad,Female,25,Jaipur,Rajasthan,BSc,Mechanical,7.94,6.6,Australia,Business Analytics,3060968,No,Instagram,Counseling,Rahul Singh,2025-05-28,2025-07-30,Dropped,93,Low,89,Australia,Partial Scholarship
ST4599,Ekanta Sule,Male,23,Delhi,Delhi,BA,IT,7.16,8.2,UK,Finance,1650960,No,Instagram,Application,Priya Sharma,2026-05-02,2026-07-24,Active,89,Low,87,Canada,Not Eligible
ST4600,Gautami Singhal,Male,25,Bhopal,Madhya Pradesh,BSc,Marketing,6.94,5.9,Canada,Cyber Security,1698803,Yes,Referral,Enrolled,Rohit Gupta,2025-12-09,2026-03-28,Converted,86,Medium,78,Canada,Not Eligible
ST4601,Aachal Narula,Female,28,Mumbai,Maharashtra,BSc,Biotechnology,7.33,8.4,UK,Data Science,1356672,Yes,Instagram,New Lead,Sneha Jain,2026-04-12,2026-06-18,Active,93,Low,92,Germany,Not Eligible
ST4602,Gunbir Agrawal,Female,25,Ahmedabad,Gujarat,BTech,IT,6.22,8.1,Canada,Data Science,2400388,Yes,Instagram,New Lead,Amit Verma,2025-11-27,2025-11-28,Dropped,91,Low,87,Canada,Not Eligible
ST4603,Ekaja Madan,Male,28,Delhi,Delhi,BCom,Marketing,7.86,7.8,Canada,MBA,3272986,No,WhatsApp,Contacted,Rohit Gupta,2025-12-10,2026-04-07,Active,99,Low,100,Canada,Partial Scholarship
ST4604,Caleb Menon,Male,18,Jaipur,Rajasthan,BCom,IT,8.25,5.6,Germany,Artificial Intelligence,1273903,Yes,Instagram,Contacted,Priya Sharma,2026-01-25,2026-02-19,Inactive,67,Medium,72,Germany,Partial Scholarship
ST4605,Harsh Doctor,Female,20,Jaipur,Rajasthan,BA,Finance,7.53,8.4,Australia,Computer Science,2081409,Yes,Instagram,Counseling,Rahul Singh,2025-10-16,2025-12-16,Inactive,94,Low,100,Canada,Partial Scholarship
ST4606,Jackson Bose,Female,20,Chennai,Tamil Nadu,BBA,Biotechnology,7.77,6.7,USA,Cyber Security,2868235,Yes,WhatsApp,Counseling,Sneha Jain,2025-09-02,2025-10-22,Active,98,Low,89,USA,Partial Scholarship
ST4607,Victor Samra,Female,20,Bangalore,Karnataka,BA,Mechanical,6.34,7.6,Australia,MBA,911678,No,Seminar,Visa,Priya Sharma,2024-06-17,2024-09-07,Converted,68,Medium,73,Germany,Not Eligible
ST4608,Jonathan Doctor,Female,25,Ahmedabad,Gujarat,BCom,Finance,7.69,7.1,Australia,Cyber Security,2431846,No,Instagram,Enrolled,Rohit Gupta,2025-05-29,2025-08-26,Converted,87,Low,91,Canada,Partial Scholarship
ST4609,Reva Chowdhury,Male,19,Ahmedabad,Gujarat,BA,Finance,6.8,8.4,Canada,MBA,3095968,No,Seminar,Offer Letter,Rohit Gupta,2025-09-23,2025-10-16,Inactive,86,Low,96,Canada,Not Eligible
ST4610,Siya Tailor,Male,19,Ahmedabad,Gujarat,BA,Finance,8.31,8.3,Canada,MBA,1672166,Yes,Instagram,Visa,Amit Verma,2025-08-14,2025-09-11,Active,99,Low,100,Canada,Partial Scholarship
ST4611,Odika Khurana,Female,18,Indore,Madhya Pradesh,BA,Biotechnology,6.91,7.4,Canada,MBA,3309630,Yes,WhatsApp,Counseling,Priya Sharma,2025-10-07,2025-10-08,Inactive,89,Low,88,Canada,Not Eligible
ST4612,Akshay Bora,Female,26,Indore,Madhya Pradesh,BCom,Marketing,7.32,6.5,Australia,Computer Science,2008637,No,WhatsApp,Enrolled,Amit Verma,2025-10-19,2025-12-04,Converted,88,Low,83,Australia,Not Eligible
ST4613,Daksha Sant,Male,20,Bangalore,Karnataka,BA,Biotechnology,9.38,7.2,UK,MBA,2852963,Yes,Seminar,Documents,Amit Verma,2024-09-21,2024-09-23,Inactive,99,Low,100,Canada,Merit Scholarship
ST4614,Jagvi Rajan,Female,25,Chennai,Tamil Nadu,BCom,IT,7.24,6.4,Canada,Data Science,1211185,Yes,Referral,Documents,Amit Verma,2026-05-14,2026-06-17,Dropped,96,Low,86,Germany,Not Eligible
ST4615,Owen Boase,Male,20,Indore,Madhya Pradesh,BSc,Biotechnology,6.97,7.4,Canada,Business Analytics,2655435,Yes,Referral,New Lead,Rahul Singh,2024-09-16,2024-10-16,Inactive,99,Low,100,Canada,Not Eligible
ST4616,Daksha Shanker,Male,26,Hyderabad,Telangana,BCom,CSE,9.58,6.9,UK,Computer Science,2296769,Yes,Website,Visa,Sneha Jain,2025-09-24,2026-01-22,Active,92,Low,100,UK,Merit Scholarship
ST4617,Balveer Shroff,Female,28,Mumbai,Maharashtra,BTech,Biotechnology,9.14,7.1,Canada,Artificial Intelligence,1338737,Yes,Referral,Application,Rohit Gupta,2024-10-21,2024-12-23,Active,99,Low,100,Germany,Merit Scholarship
ST4618,Anika Dyal,Female,25,Chennai,Tamil Nadu,BBA,Mechanical,6.24,7.7,UK,Data Science,2604931,Yes,Seminar,Enrolled,Rohit Gupta,2024-09-16,2024-12-20,Converted,90,Low,84,Canada,Not Eligible
ST4619,Ryan Ravel,Female,21,Indore,Madhya Pradesh,BA,Biotechnology,6.51,6.3,UK,Cyber Security,1596257,Yes,Website,Contacted,Amit Verma,2025-06-18,2025-09-05,Inactive,66,Medium,62,UK,Not Eligible
ST4620,Gautami Kaur,Female,22,Hyderabad,Telangana,BCom,Biotechnology,9.06,6.9,Canada,Cyber Security,2326102,Yes,Instagram,Application,Rohit Gupta,2025-01-30,2025-04-12,Inactive,99,Low,100,Canada,Merit Scholarship
ST4621,Ethan Dada,Female,18,Indore,Madhya Pradesh,BA,ECE,9.18,8.4,UK,MBA,2145573,Yes,Seminar,Counseling,Priya Sharma,2024-11-20,2024-12-25,Dropped,90,Low,100,Canada,Merit Scholarship
ST4622,Balvan Upadhyay,Male,18,Delhi,Delhi,BCom,Mechanical,8.18,6.4,UK,Computer Science,3190571,Yes,Website,Contacted,Rohit Gupta,2025-04-20,2025-05-22,Inactive,90,Low,90,UK,Partial Scholarship
ST4623,Henry Dani,Female,26,Pune,Maharashtra,BBA,IT,9.62,7.9,Australia,Cyber Security,3161254,Yes,Referral,Counseling,Amit Verma,2025-10-03,2025-10-13,Inactive,99,Low,100,Canada,Merit Scholarship
ST4624,Sachi Khalsa,Female,20,Hyderabad,Telangana,BSc,ECE,9.32,8.2,Canada,Finance,1265359,Yes,Website,Counseling,Amit Verma,2026-02-13,2026-04-20,Dropped,99,Low,100,Germany,Merit Scholarship
ST4625,Advay Vohra,Male,26,Jaipur,Rajasthan,BBA,Marketing,8.89,8.3,UK,MBA,3385438,Yes,Instagram,Counseling,Priya Sharma,2024-12-26,2025-03-10,Active,99,Low,100,Canada,Merit Scholarship
ST4626,Meera Aurora,Male,24,Indore,Madhya Pradesh,BTech,Biotechnology,6.98,7.6,UK,Data Science,3322136,Yes,Referral,Visa,Priya Sharma,2026-01-06,2026-02-01,Converted,99,Low,100,Canada,Not Eligible
ST4627,Gavin Balasubramanian,Male,27,Pune,Maharashtra,BSc,Biotechnology,7.21,6.3,Germany,Cyber Security,1292234,No,Referral,Enrolled,Rahul Singh,2024-10-27,2025-02-04,Converted,75,Low,84,Germany,Not Eligible
ST4628,Ikshita Sura,Male,27,Indore,Madhya Pradesh,BA,Marketing,6.8,8.2,Canada,MBA,2811349,Yes,Instagram,Documents,Rohit Gupta,2024-11-28,2024-12-20,Dropped,99,Low,93,Canada,Not Eligible
ST4629,Chanakya Patla,Female,26,Pune,Maharashtra,BTech,CSE,7.76,5.6,Germany,MBA,979396,No,Instagram,Counseling,Amit Verma,2025-05-27,2025-08-29,Dropped,76,Medium,67,Germany,Partial Scholarship
ST4630,Turvi Buch,Female,25,Pune,Maharashtra,BA,Biotechnology,9.19,5.8,Germany,Computer Science,821735,Yes,Referral,Visa,Priya Sharma,2025-01-01,2025-02-03,Converted,99,Low,98,Germany,Merit Scholarship
ST4631,Banjeet Ratta,Male,28,Indore,Madhya Pradesh,BTech,Mechanical,8.5,5.7,Canada,Artificial Intelligence,3447459,No,WhatsApp,Visa,Rohit Gupta,2026-01-21,2026-02-26,Converted,82,Low,87,Canada,Merit Scholarship
ST4632,Jagdish Khatri,Female,18,Mumbai,Maharashtra,BSc,IT,9.41,6.1,Germany,Data Science,934178,Yes,Instagram,Contacted,Priya Sharma,2025-08-11,2025-11-22,Active,93,Low,89,Germany,Merit Scholarship
ST4633,Kiaan Chacko,Female,26,Mumbai,Maharashtra,BBA,Biotechnology,9.33,7.0,USA,Artificial Intelligence,3119045,Yes,Instagram,Offer Letter,Rohit Gupta,2025-03-07,2025-04-14,Inactive,97,Low,100,Canada,Merit Scholarship
ST4634,Vedika Modi,Female,19,Hyderabad,Telangana,BTech,Marketing,7.9,7.3,Canada,Business Analytics,2668916,Yes,Referral,New Lead,Rohit Gupta,2024-06-16,2024-09-09,Active,99,Low,100,Canada,Partial Scholarship
ST4635,Amrita Vaidya,Female,23,Ahmedabad,Gujarat,BTech,Finance,7.26,6.6,Australia,Data Science,1867089,No,Instagram,Enrolled,Priya Sharma,2026-01-08,2026-04-12,Converted,72,Medium,72,Australia,Not Eligible
ST4636,Aayush Char,Female,24,Chennai,Tamil Nadu,BCom,Finance,6.17,6.0,Canada,Finance,2973104,Yes,WhatsApp,Enrolled,Rahul Singh,2025-09-14,2025-12-28,Converted,70,Medium,66,Canada,Not Eligible
ST4637,Lajita Gola,Male,25,Mumbai,Maharashtra,BTech,Biotechnology,6.08,5.8,Germany,Finance,1188374,Yes,Seminar,Application,Sneha Jain,2025-12-13,2026-02-03,Active,60,High,52,Germany,Not Eligible
ST4638,Charvi Ram,Male,27,Indore,Madhya Pradesh,BSc,Finance,9.28,7.6,Canada,Data Science,1650699,Yes,Instagram,Offer Letter,Amit Verma,2024-08-25,2024-08-31,Active,99,Low,100,Canada,Merit Scholarship
ST4639,Christopher Raja,Female,24,Mumbai,Maharashtra,BSc,Mechanical,7.16,6.7,Canada,Artificial Intelligence,2321668,Yes,Referral,Visa,Rohit Gupta,2026-03-15,2026-04-09,Converted,95,Low,98,Canada,Not Eligible
ST4640,Mahika Kuruvilla,Female,26,Hyderabad,Telangana,BSc,Mechanical,7.58,7.3,UK,Business Analytics,3395697,Yes,WhatsApp,Visa,Priya Sharma,2026-03-24,2026-04-27,Converted,84,Low,93,Canada,Partial Scholarship
ST4641,Vrinda Choudhry,Female,26,Jaipur,Rajasthan,BA,Biotechnology,7.1,6.0,Germany,Artificial Intelligence,1079960,No,Website,Offer Letter,Rohit Gupta,2024-09-11,2024-11-13,Inactive,56,Medium,65,Germany,Not Eligible
ST4642,Sara Khatri,Male,25,Indore,Madhya Pradesh,BBA,IT,9.62,6.1,Australia,Cyber Security,3391044,Yes,Instagram,Offer Letter,Rahul Singh,2025-01-24,2025-02-21,Active,99,Low,100,Australia,Merit Scholarship
ST4643,Xalak Pandya,Female,27,Mumbai,Maharashtra,BTech,ECE,8.25,5.7,UK,Computer Science,3291884,Yes,Referral,Visa,Rohit Gupta,2026-01-22,2026-03-23,Active,99,Low,99,UK,Partial Scholarship
ST4644,Karan Bala,Male,19,Bhopal,Madhya Pradesh,BCom,CSE,9.43,7.6,UK,Data Science,1623031,Yes,WhatsApp,Documents,Amit Verma,2025-10-28,2026-01-13,Active,99,Low,100,Canada,Merit Scholarship
ST4645,Ikshita Kalita,Female,24,Hyderabad,Telangana,BSc,Biotechnology,7.82,7.5,Canada,Computer Science,2548203,No,Seminar,Offer Letter,Rahul Singh,2025-06-01,2025-09-19,Active,92,Low,98,Canada,Partial Scholarship
ST4646,Ekbal Subramanian,Male,20,Hyderabad,Telangana,BTech,Marketing,6.73,5.6,UK,Business Analytics,2758339,Yes,Referral,Visa,Priya Sharma,2024-07-25,2024-09-25,Converted,81,Low,82,UK,Not Eligible
ST4647,Quincy Nori,Male,21,Bangalore,Karnataka,BBA,ECE,9.33,5.8,UK,MBA,1874702,Yes,WhatsApp,New Lead,Rohit Gupta,2024-12-16,2025-04-04,Active,75,Low,85,UK,Merit Scholarship
ST4648,Rudra Rama,Female,26,Bangalore,Karnataka,BSc,CSE,7.77,7.5,UK,Business Analytics,3099333,No,Referral,Offer Letter,Amit Verma,2024-09-11,2024-11-09,Dropped,92,Low,100,Canada,Partial Scholarship
ST4649,Aradhana Shan,Male,19,Pune,Maharashtra,BBA,Marketing,9.08,7.2,Australia,Artificial Intelligence,1683141,Yes,Instagram,Offer Letter,Amit Verma,2024-10-09,2024-12-20,Inactive,99,Low,97,Canada,Merit Scholarship
ST4650,Nicholas Rajagopalan,Male,19,Mumbai,Maharashtra,BA,IT,9.17,7.9,UK,MBA,2200118,Yes,Referral,Contacted,Priya Sharma,2024-08-23,2024-11-09,Active,99,Low,100,Canada,Merit Scholarship
ST4651,Lakshmi Sharaf,Female,25,Indore,Madhya Pradesh,BSc,CSE,9.58,6.9,Canada,MBA,1431780,Yes,Website,Visa,Rohit Gupta,2024-11-05,2024-12-16,Converted,99,Low,99,Germany,Merit Scholarship
ST4652,Frederick Vig,Female,20,Jaipur,Rajasthan,BBA,ECE,7.91,7.1,Canada,Computer Science,2720047,No,Referral,Application,Sneha Jain,2024-07-21,2024-07-22,Dropped,99,Low,100,Canada,Partial Scholarship
ST4653,Nitesh Sarkar,Female,24,Mumbai,Maharashtra,BBA,CSE,7.61,8.1,Australia,Data Science,3480130,Yes,WhatsApp,Documents,Sneha Jain,2025-07-03,2025-08-06,Dropped,99,Low,100,Canada,Partial Scholarship
ST4654,Chavvi Bava,Female,27,Bhopal,Madhya Pradesh,BTech,ECE,9.17,8.2,Australia,Artificial Intelligence,1832539,Yes,Referral,Counseling,Rohit Gupta,2026-03-27,2026-06-02,Dropped,99,Low,100,Canada,Merit Scholarship
ST4655,Raagini Lalla,Female,28,Delhi,Delhi,BCom,Mechanical,7.62,8.0,UK,Data Science,3143043,No,Seminar,Application,Sneha Jain,2026-04-24,2026-08-18,Dropped,99,Low,100,Canada,Partial Scholarship
ST4656,Kalpit Dugar,Male,26,Indore,Madhya Pradesh,BTech,Marketing,9.72,5.9,Australia,Artificial Intelligence,1635885,Yes,Referral,Documents,Rahul Singh,2025-04-30,2025-05-11,Dropped,99,Low,100,Australia,Merit Scholarship
ST4657,Arjun Radhakrishnan,Female,23,Chennai,Tamil Nadu,BBA,Mechanical,8.04,6.4,USA,Data Science,3051857,Yes,Website,Enrolled,Rahul Singh,2025-02-24,2025-03-22,Converted,92,Low,89,USA,Partial Scholarship
ST4658,Leela Misra,Male,25,Jaipur,Rajasthan,BSc,IT,6.07,7.4,Germany,Data Science,1402807,No,Website,Application,Rahul Singh,2026-01-11,2026-02-26,Inactive,70,Medium,69,Germany,Not Eligible
ST4659,Brinda Karpe,Female,22,Ahmedabad,Gujarat,BSc,CSE,9.55,8.4,UK,Finance,1142131,Yes,Instagram,Visa,Sneha Jain,2026-02-04,2026-02-17,Converted,99,Low,100,Germany,Merit Scholarship
ST4660,Damyanti Sura,Male,23,Mumbai,Maharashtra,BTech,ECE,7.04,5.6,UK,Finance,2745164,Yes,Referral,Visa,Amit Verma,2026-05-10,2026-07-26,Active,87,Low,85,UK,Not Eligible
ST4661,Aarnav Samra,Female,20,Delhi,Delhi,BCom,ECE,7.25,5.6,Canada,MBA,819523,Yes,Website,Application,Sneha Jain,2024-11-16,2024-12-06,Active,57,Medium,62,Germany,Not Eligible
ST4662,Vinaya Gole,Female,22,Chennai,Tamil Nadu,BA,Marketing,7.63,5.9,Canada,Cyber Security,1540713,Yes,Seminar,Documents,Rahul Singh,2025-10-30,2026-01-17,Dropped,62,Medium,70,Canada,Partial Scholarship
ST4663,Meera Dubey,Female,23,Chennai,Tamil Nadu,BTech,Biotechnology,7.7,7.3,Germany,Data Science,1187626,Yes,Instagram,Enrolled,Priya Sharma,2025-09-05,2025-12-28,Converted,80,Low,85,Germany,Partial Scholarship
ST4664,Bachittar Rao,Female,25,Mumbai,Maharashtra,BSc,Mechanical,9.47,5.8,Germany,Artificial Intelligence,1357799,Yes,Seminar,Application,Sneha Jain,2025-02-12,2025-05-04,Dropped,91,Low,86,Germany,Merit Scholarship
ST4665,Max Bose,Female,28,Bangalore,Karnataka,BA,IT,9.2,8.4,UK,Business Analytics,2234295,Yes,WhatsApp,Contacted,Sneha Jain,2024-11-15,2025-02-18,Active,95,Low,100,Canada,Merit Scholarship
ST4666,Maanas Chaudhary,Female,22,Bangalore,Karnataka,BCom,Biotechnology,6.44,8.0,Australia,Cyber Security,3066829,Yes,Website,Application,Amit Verma,2025-05-04,2025-07-18,Active,97,Low,89,Canada,Not Eligible
ST4667,Chaman Dhar,Male,23,Bangalore,Karnataka,BTech,ECE,6.64,5.9,Germany,Finance,1370004,Yes,Referral,New Lead,Amit Verma,2024-06-02,2024-06-04,Inactive,66,Medium,75,Germany,Not Eligible
ST4668,Bhavini Pau,Female,21,Chennai,Tamil Nadu,BSc,Biotechnology,8.17,5.9,UK,MBA,1517541,No,Referral,Application,Rohit Gupta,2025-02-16,2025-02-22,Active,96,Low,90,UK,Partial Scholarship
ST4669,Ranbir Balan,Female,23,Mumbai,Maharashtra,BTech,Mechanical,8.09,5.5,Australia,Finance,3455778,Yes,Instagram,Counseling,Priya Sharma,2026-05-05,2026-05-28,Dropped,86,Low,80,Australia,Partial Scholarship
ST4670,Farhan Patla,Male,21,Chennai,Tamil Nadu,BTech,Mechanical,6.85,8.3,Australia,Cyber Security,1167393,No,WhatsApp,Documents,Rahul Singh,2026-01-11,2026-03-12,Inactive,83,Low,86,Germany,Not Eligible
ST4671,Samesh Nath,Female,22,Delhi,Delhi,BCom,ECE,9.35,6.8,Canada,Computer Science,997513,Yes,Referral,Contacted,Rahul Singh,2024-11-09,2025-02-28,Active,92,Low,100,Germany,Merit Scholarship
ST4672,Faris Pau,Male,25,Chennai,Tamil Nadu,BA,ECE,6.66,7.1,UK,Finance,1583891,No,Seminar,Counseling,Rahul Singh,2025-01-15,2025-01-29,Inactive,80,Medium,71,Canada,Not Eligible
ST4673,Daksh Bhalla,Male,19,Pune,Maharashtra,BCom,Finance,6.02,7.3,Australia,Business Analytics,2310520,No,Seminar,New Lead,Sneha Jain,2024-10-29,2025-02-01,Dropped,79,Medium,78,Canada,Not Eligible
ST4674,Frado Mandal,Female,24,Chennai,Tamil Nadu,BCom,Biotechnology,8.36,6.5,Australia,Business Analytics,3285959,Yes,Seminar,Contacted,Amit Verma,2024-12-07,2024-12-25,Inactive,83,Low,93,Australia,Partial Scholarship
ST4675,Abhimanyu Barad,Female,26,Pune,Maharashtra,BCom,Finance,8.13,6.1,Canada,Data Science,2910028,Yes,Website,Contacted,Amit Verma,2024-06-06,2024-08-14,Dropped,92,Low,86,Canada,Partial Scholarship
ST4676,Lakshmi Chaudhuri,Male,26,Jaipur,Rajasthan,BTech,CSE,9.27,8.3,UK,Business Analytics,3115339,Yes,Referral,Offer Letter,Amit Verma,2024-06-25,2024-10-01,Dropped,99,Low,100,Canada,Merit Scholarship
ST4677,Alexander Magar,Male,20,Pune,Maharashtra,BSc,CSE,8.91,6.5,Australia,Cyber Security,2400295,Yes,Referral,Enrolled,Amit Verma,2025-12-16,2026-02-09,Converted,99,Low,100,Australia,Merit Scholarship
ST4678,Mekhala Ahuja,Female,25,Mumbai,Maharashtra,BA,Finance,9.15,6.0,UK,Data Science,2022808,Yes,WhatsApp,Documents,Priya Sharma,2025-01-21,2025-03-12,Inactive,99,Low,96,UK,Merit Scholarship
ST4679,Sanaya Mukhopadhyay,Female,28,Hyderabad,Telangana,BSc,Finance,6.01,8.2,UK,Data Science,2667068,No,Website,Offer Letter,Amit Verma,2024-06-01,2024-06-05,Inactive,94,Low,86,Canada,Not Eligible
ST4680,Rayaan Warrior,Male,22,Jaipur,Rajasthan,BBA,Mechanical,8.79,6.0,Canada,Cyber Security,1228694,Yes,Seminar,Counseling,Rohit Gupta,2025-03-20,2025-07-13,Dropped,88,Low,82,Germany,Merit Scholarship
ST4681,Rishi Sarin,Female,27,Chennai,Tamil Nadu,BSc,Biotechnology,8.46,6.5,USA,MBA,2857112,No,WhatsApp,Application,Priya Sharma,2025-11-18,2025-12-23,Inactive,99,Low,94,USA,Partial Scholarship
ST4682,Balvan Borah,Female,23,Chennai,Tamil Nadu,BBA,ECE,7.09,6.0,UK,Data Science,1671668,No,Instagram,New Lead,Rohit Gupta,2026-05-14,2026-06-11,Dropped,66,Medium,65,UK,Not Eligible
ST4683,Vedika Choudhary,Male,27,Indore,Madhya Pradesh,BTech,Biotechnology,6.42,6.2,Germany,Finance,911105,Yes,Referral,New Lead,Sneha Jain,2025-09-29,2025-12-26,Dropped,72,Medium,76,Germany,Not Eligible
ST4684,Umang Rao,Female,19,Mumbai,Maharashtra,BTech,CSE,9.17,7.7,UK,Artificial Intelligence,1863271,Yes,Referral,Enrolled,Amit Verma,2025-10-26,2026-02-17,Converted,99,Low,100,Canada,Merit Scholarship
ST4685,Samesh Loyal,Male,25,Bhopal,Madhya Pradesh,BBA,IT,7.96,7.7,Australia,Business Analytics,3342403,No,Website,Counseling,Amit Verma,2025-09-03,2025-12-17,Dropped,90,Low,100,Canada,Partial Scholarship
ST4686,Samar Saha,Female,21,Mumbai,Maharashtra,BTech,ECE,6.37,7.6,Australia,Finance,3300832,Yes,Seminar,Counseling,Priya Sharma,2025-06-10,2025-09-30,Dropped,90,Low,83,Canada,Not Eligible
ST4687,Naksh Mutti,Female,21,Mumbai,Maharashtra,BTech,Finance,7.21,6.9,UK,MBA,3156101,No,Seminar,Contacted,Priya Sharma,2025-11-02,2026-01-08,Active,94,Low,86,UK,Not Eligible
ST4688,Balvan Sant,Female,20,Mumbai,Maharashtra,BTech,Marketing,7.11,6.0,Canada,Business Analytics,3219203,Yes,WhatsApp,Enrolled,Rohit Gupta,2025-04-20,2025-06-24,Converted,71,Medium,76,Canada,Not Eligible
ST4689,Nisha Bhatti,Male,24,Bangalore,Karnataka,BA,Marketing,9.54,7.4,UK,Data Science,2385143,Yes,Seminar,Counseling,Rohit Gupta,2025-08-15,2025-09-22,Inactive,99,Low,100,Canada,Merit Scholarship
ST4690,Bahadurjit Chad,Female,20,Pune,Maharashtra,BBA,Mechanical,7.8,6.3,Canada,MBA,1092188,No,Seminar,Visa,Rohit Gupta,2024-12-04,2024-12-21,Converted,74,Medium,75,Germany,Partial Scholarship
ST4691,Gautam Wali,Male,22,Pune,Maharashtra,BCom,CSE,7.68,6.8,UK,Computer Science,3401689,No,WhatsApp,Application,Sneha Jain,2024-11-28,2025-03-04,Active,89,Low,88,UK,Partial Scholarship
ST4692,Garima Basu,Male,27,Ahmedabad,Gujarat,BA,ECE,8.41,6.0,Canada,Data Science,1476195,Yes,Referral,Enrolled,Priya Sharma,2025-11-22,2025-12-31,Converted,86,Low,94,Germany,Partial Scholarship
ST4693,Lajita Luthra,Male,26,Delhi,Delhi,BBA,Biotechnology,9.08,6.8,Germany,Business Analytics,935803,Yes,Instagram,Visa,Priya Sharma,2025-10-28,2026-02-13,Active,96,Low,92,Germany,Merit Scholarship
ST4694,Ekavir Kar,Female,21,Bangalore,Karnataka,BTech,Mechanical,6.51,7.9,Canada,Data Science,2851309,No,Website,New Lead,Rahul Singh,2025-03-18,2025-07-12,Dropped,92,Low,89,Canada,Not Eligible
ST4695,Viraj Din,Male,21,Jaipur,Rajasthan,BCom,Finance,6.24,7.9,Canada,Finance,2589784,No,Website,Application,Amit Verma,2025-08-17,2025-12-14,Dropped,82,Low,86,Canada,Not Eligible
ST4696,Wriddhish Mittal,Male,19,Jaipur,Rajasthan,BA,Marketing,7.84,7.3,Canada,Cyber Security,2093231,No,Seminar,New Lead,Rohit Gupta,2025-03-08,2025-03-16,Dropped,99,Low,96,Canada,Partial Scholarship
ST4697,Vritti Kaur,Male,25,Bangalore,Karnataka,BSc,IT,8.34,5.6,UK,Business Analytics,3375630,No,Seminar,Documents,Amit Verma,2025-06-11,2025-09-03,Inactive,90,Low,83,UK,Partial Scholarship
ST4698,Ranbir Parekh,Female,26,Delhi,Delhi,BBA,Biotechnology,8.57,7.9,UK,Data Science,1372868,Yes,WhatsApp,Application,Rohit Gupta,2025-05-31,2025-08-13,Inactive,98,Low,99,Germany,Merit Scholarship
ST4699,Vivaan Anand,Male,25,Delhi,Delhi,BCom,ECE,7.26,8.4,UK,Artificial Intelligence,2451726,No,Seminar,Documents,Priya Sharma,2024-08-29,2024-11-17,Active,98,Low,100,Canada,Not Eligible
ST4700,Maya Patla,Male,18,Indore,Madhya Pradesh,BCom,CSE,6.45,8.1,Canada,Data Science,2123962,Yes,WhatsApp,New Lead,Sneha Jain,2025-05-06,2025-06-10,Active,90,Low,89,Canada,Not Eligible
ST4701,Lucky Mall,Female,26,Pune,Maharashtra,BBA,Biotechnology,8.76,7.7,Australia,MBA,3064878,Yes,Referral,Documents,Amit Verma,2025-11-27,2026-02-21,Inactive,99,Low,100,Canada,Merit Scholarship
ST4702,Ayush Gole,Female,19,Bhopal,Madhya Pradesh,BBA,CSE,8.25,7.9,Australia,Artificial Intelligence,2422764,Yes,Referral,Application,Priya Sharma,2025-01-26,2025-05-14,Active,99,Low,100,Canada,Partial Scholarship
ST4703,Adweta Hari,Female,27,Pune,Maharashtra,BA,CSE,8.91,7.2,Canada,Finance,1950626,Yes,Website,Counseling,Rahul Singh,2025-05-20,2025-07-14,Inactive,91,Low,96,Canada,Merit Scholarship
ST4704,Oliver Ben,Female,28,Hyderabad,Telangana,BSc,IT,8.97,7.7,UK,Business Analytics,1382436,Yes,WhatsApp,Documents,Amit Verma,2024-12-03,2025-03-05,Inactive,94,Low,100,Germany,Merit Scholarship
ST4705,Omkaar Saraf,Female,24,Indore,Madhya Pradesh,BTech,Biotechnology,8.83,6.7,Germany,Business Analytics,1430402,Yes,Seminar,Counseling,Rohit Gupta,2025-01-13,2025-02-11,Active,82,Low,90,Germany,Merit Scholarship
ST4706,Panini Bhat,Male,27,Hyderabad,Telangana,BSc,CSE,7.5,6.2,Germany,Data Science,1046185,Yes,Instagram,Offer Letter,Priya Sharma,2025-03-03,2025-05-31,Dropped,77,Medium,72,Germany,Partial Scholarship
ST4707,Dipta Kala,Female,27,Delhi,Delhi,BA,Mechanical,6.31,5.5,Canada,Business Analytics,2335095,Yes,Referral,Contacted,Rahul Singh,2025-11-14,2025-12-25,Inactive,68,Medium,78,Canada,Not Eligible
ST4708,Hiral Radhakrishnan,Male,27,Bangalore,Karnataka,BBA,CSE,6.14,6.5,UK,Computer Science,2065142,Yes,Seminar,New Lead,Rohit Gupta,2026-04-15,2026-06-29,Active,79,Medium,71,UK,Not Eligible
ST4709,Laksh Bhatia,Male,25,Indore,Madhya Pradesh,BBA,Marketing,7.04,6.0,UK,Data Science,2305711,No,Referral,Application,Rohit Gupta,2024-06-18,2024-07-22,Inactive,87,Low,90,UK,Not Eligible
ST4710,Damini Behl,Male,25,Delhi,Delhi,BA,IT,8.1,6.4,Canada,Business Analytics,1838313,No,Seminar,Offer Letter,Sneha Jain,2025-04-26,2025-07-25,Active,77,Medium,79,Canada,Partial Scholarship
ST4711,Prisha Issac,Male,23,Jaipur,Rajasthan,BTech,IT,9.51,6.3,Canada,Computer Science,2670586,Yes,Instagram,New Lead,Priya Sharma,2025-12-23,2026-01-10,Active,96,Low,100,Canada,Merit Scholarship
ST4712,Bina Balakrishnan,Male,27,Delhi,Delhi,BSc,ECE,7.59,6.0,Canada,Computer Science,2176038,No,Referral,Documents,Amit Verma,2025-08-04,2025-11-01,Dropped,91,Low,95,Canada,Partial Scholarship
ST4713,Luke Gokhale,Female,24,Bhopal,Madhya Pradesh,BA,Marketing,9.66,7.4,Australia,Business Analytics,2718892,Yes,WhatsApp,Application,Rohit Gupta,2025-07-16,2025-10-21,Active,94,Low,100,Canada,Merit Scholarship
ST4714,Imaran Nair,Female,24,Ahmedabad,Gujarat,BTech,ECE,6.74,6.5,Germany,Business Analytics,873642,Yes,WhatsApp,Counseling,Sneha Jain,2025-01-29,2025-03-03,Dropped,75,Medium,67,Germany,Not Eligible
ST4715,Jairaj Sani,Female,21,Jaipur,Rajasthan,BSc,CSE,7.29,8.1,UK,Computer Science,2758811,Yes,Seminar,Enrolled,Rahul Singh,2024-07-09,2024-08-21,Converted,99,Low,97,Canada,Not Eligible
ST4716,Sanya Vala,Female,28,Pune,Maharashtra,BTech,Biotechnology,8.66,6.2,Canada,Data Science,2034925,Yes,Referral,Visa,Priya Sharma,2026-05-27,2026-05-30,Converted,99,Low,100,Canada,Merit Scholarship
ST4717,Faqid Ganesan,Female,20,Chennai,Tamil Nadu,BCom,CSE,7.0,5.5,Canada,Computer Science,2396868,Yes,Seminar,New Lead,Priya Sharma,2025-07-13,2025-08-19,Inactive,79,Medium,70,Canada,Not Eligible
ST4718,Aishani Oak,Male,24,Bhopal,Madhya Pradesh,BTech,CSE,8.36,8.0,UK,Cyber Security,3268363,Yes,Referral,Contacted,Rohit Gupta,2025-01-22,2025-04-12,Active,99,Low,100,Canada,Partial Scholarship
ST4719,Eesha Sarma,Male,24,Bangalore,Karnataka,BSc,Mechanical,6.03,5.5,Canada,Business Analytics,1407407,Yes,Website,New Lead,Sneha Jain,2024-06-13,2024-07-13,Dropped,59,High,50,Germany,Not Eligible
ST4720,Ubika Malhotra,Female,23,Mumbai,Maharashtra,BBA,Mechanical,7.7,5.7,Canada,Data Science,1759453,Yes,Instagram,Offer Letter,Sneha Jain,2026-05-07,2026-05-25,Dropped,74,Medium,69,Canada,Partial Scholarship
ST4721,Jagat Yohannan,Female,22,Chennai,Tamil Nadu,BA,Finance,6.19,6.6,Australia,MBA,1878548,No,Instagram,Application,Rahul Singh,2026-01-17,2026-05-01,Dropped,54,Medium,61,Australia,Not Eligible
ST4722,Yash Hayre,Female,27,Indore,Madhya Pradesh,BA,IT,8.89,6.5,Canada,Business Analytics,3490108,Yes,Referral,Contacted,Rohit Gupta,2026-01-19,2026-03-21,Dropped,98,Low,100,Canada,Merit Scholarship
ST4723,Ikshita Wable,Female,27,Hyderabad,Telangana,BA,CSE,8.96,6.6,Canada,Cyber Security,1009833,Yes,Seminar,Counseling,Sneha Jain,2025-10-01,2025-11-28,Active,90,Low,89,Germany,Merit Scholarship
ST4724,Nirja Kamdar,Male,20,Delhi,Delhi,BA,IT,8.01,7.9,Australia,Finance,2372160,Yes,WhatsApp,Offer Letter,Sneha Jain,2025-09-27,2025-11-03,Inactive,96,Low,100,Canada,Partial Scholarship
ST4725,Amruta Thakkar,Female,27,Jaipur,Rajasthan,BCom,Biotechnology,9.12,7.5,Australia,Computer Science,1520672,Yes,Referral,Documents,Sneha Jain,2025-05-05,2025-08-19,Dropped,99,Low,100,Canada,Merit Scholarship
ST4726,Akshay Mall,Female,20,Mumbai,Maharashtra,BSc,Marketing,8.25,6.1,Canada,Artificial Intelligence,2292329,No,Instagram,Counseling,Priya Sharma,2026-03-30,2026-05-06,Inactive,86,Low,87,Canada,Partial Scholarship
ST4727,Anmol Madan,Female,27,Bhopal,Madhya Pradesh,BA,ECE,8.91,6.9,UK,Artificial Intelligence,2113977,Yes,Website,Documents,Rohit Gupta,2025-10-16,2026-01-07,Inactive,99,Low,100,UK,Merit Scholarship
ST4728,Avni Pandit,Female,19,Hyderabad,Telangana,BBA,Biotechnology,8.91,7.3,Germany,Finance,1102421,Yes,Instagram,Enrolled,Priya Sharma,2025-05-18,2025-07-30,Converted,91,Low,97,Germany,Merit Scholarship
ST4729,Tanish Shah,Male,23,Bhopal,Madhya Pradesh,BSc,Finance,9.21,8.2,UK,Cyber Security,3383428,Yes,Seminar,Visa,Rahul Singh,2025-01-19,2025-03-26,Active,94,Low,100,Canada,Merit Scholarship
ST4730,Upasna Choudhury,Female,20,Jaipur,Rajasthan,BSc,Mechanical,7.43,7.3,Canada,Computer Science,3360697,Yes,Referral,Application,Amit Verma,2025-07-04,2025-08-30,Inactive,98,Low,100,Canada,Not Eligible
ST4731,Fiyaz Sastry,Male,24,Delhi,Delhi,BSc,CSE,7.21,6.6,UK,Data Science,3050859,Yes,WhatsApp,Counseling,Sneha Jain,2025-01-13,2025-04-26,Inactive,79,Low,82,UK,Not Eligible
ST4732,Hema Badami,Female,27,Hyderabad,Telangana,BA,ECE,6.37,8.4,UK,Business Analytics,2033162,No,Instagram,Visa,Amit Verma,2026-01-08,2026-04-29,Converted,99,Low,92,Canada,Not Eligible
ST4733,Anamika Karpe,Male,21,Pune,Maharashtra,BCom,CSE,7.89,8.0,Australia,MBA,3136222,Yes,Referral,New Lead,Amit Verma,2025-05-28,2025-06-03,Dropped,99,Low,100,Canada,Partial Scholarship
ST4734,Harini Hayer,Female,25,Mumbai,Maharashtra,BTech,IT,6.24,5.9,Canada,Artificial Intelligence,1206282,No,Referral,Documents,Rahul Singh,2025-08-24,2025-11-09,Inactive,62,Medium,71,Germany,Not Eligible
ST4735,Gaurika Kapadia,Male,26,Bhopal,Madhya Pradesh,BA,ECE,8.82,6.1,USA,Business Analytics,3284667,Yes,WhatsApp,Offer Letter,Priya Sharma,2026-02-13,2026-04-17,Active,96,Low,93,USA,Merit Scholarship
ST4736,Yagnesh Aggarwal,Male,25,Bangalore,Karnataka,BA,Mechanical,8.04,5.8,Germany,Computer Science,1117837,Yes,Website,Application,Priya Sharma,2026-04-24,2026-05-21,Dropped,66,Medium,72,Germany,Partial Scholarship
ST4737,Baghyawati Bhakta,Female,25,Hyderabad,Telangana,BTech,Mechanical,8.22,6.8,Canada,MBA,1657921,No,WhatsApp,Enrolled,Amit Verma,2025-12-22,2026-03-27,Converted,88,Low,84,Canada,Partial Scholarship
ST4738,Rohan Shah,Female,25,Bhopal,Madhya Pradesh,BSc,Mechanical,7.44,7.2,UK,Computer Science,1991106,Yes,Website,Offer Letter,Rohit Gupta,2026-01-04,2026-02-24,Active,72,Low,81,Canada,Not Eligible
ST4739,Brijesh Behl,Female,27,Bangalore,Karnataka,BA,Mechanical,6.49,8.2,UK,Finance,2089323,No,Seminar,Application,Sneha Jain,2025-10-04,2025-10-09,Inactive,83,Low,90,Canada,Not Eligible
ST4740,Neel Prasad,Female,23,Bhopal,Madhya Pradesh,BCom,CSE,8.08,8.1,Australia,MBA,882830,No,Website,New Lead,Rahul Singh,2024-07-20,2024-07-31,Inactive,99,Low,95,Germany,Partial Scholarship
ST4741,Geetika Mahal,Female,18,Indore,Madhya Pradesh,BCom,Marketing,9.8,7.4,USA,Business Analytics,2505923,Yes,Seminar,New Lead,Sneha Jain,2026-01-23,2026-03-21,Dropped,91,Low,100,Canada,Merit Scholarship
ST4742,Nilima Sandhu,Female,27,Pune,Maharashtra,BTech,Marketing,6.1,6.5,UK,Data Science,3372542,No,WhatsApp,Offer Letter,Rohit Gupta,2025-07-10,2025-10-23,Dropped,60,Medium,70,UK,Not Eligible
ST4743,Aashi Borde,Female,25,Indore,Madhya Pradesh,BTech,Mechanical,6.4,7.0,Australia,Finance,2321772,No,Instagram,Contacted,Sneha Jain,2026-01-19,2026-03-02,Inactive,84,Medium,79,Canada,Not Eligible
ST4744,Laksh Datta,Female,26,Chennai,Tamil Nadu,BA,CSE,6.53,8.0,UK,Data Science,820175,Yes,WhatsApp,Offer Letter,Rahul Singh,2025-02-02,2025-05-08,Inactive,74,Low,80,Germany,Not Eligible
ST4745,Logan Hayre,Male,23,Bangalore,Karnataka,BBA,CSE,9.24,8.2,UK,Cyber Security,2514799,Yes,Referral,Counseling,Rohit Gupta,2025-05-13,2025-08-06,Inactive,99,Low,100,Canada,Merit Scholarship
ST4746,Farhan Joshi,Male,24,Jaipur,Rajasthan,BSc,Mechanical,6.55,8.4,Canada,Artificial Intelligence,3133466,Yes,WhatsApp,New Lead,Sneha Jain,2026-05-26,2026-08-15,Inactive,89,Low,94,Canada,Not Eligible
ST4747,Vrishti Prakash,Female,18,Chennai,Tamil Nadu,BA,Marketing,8.93,5.8,Canada,MBA,1902666,Yes,Seminar,Enrolled,Amit Verma,2025-05-09,2025-07-27,Converted,87,Low,81,Canada,Merit Scholarship
ST4748,Madhav Walia,Male,19,Delhi,Delhi,BCom,IT,6.22,7.5,UK,Finance,3008155,Yes,Instagram,Offer Letter,Rohit Gupta,2024-10-18,2024-10-21,Active,74,Low,82,Canada,Not Eligible
ST4749,Xavier Bedi,Female,18,Hyderabad,Telangana,BBA,IT,7.09,8.0,Canada,Business Analytics,2270812,Yes,Instagram,Visa,Amit Verma,2024-10-25,2024-10-26,Converted,97,Low,95,Canada,Not Eligible
ST4750,Chameli Saha,Male,28,Hyderabad,Telangana,BSc,Mechanical,7.17,8.3,Canada,Artificial Intelligence,817132,Yes,WhatsApp,Counseling,Rohit Gupta,2025-09-18,2025-11-24,Dropped,84,Low,89,Germany,Not Eligible
ST4751,Vedika Dhingra,Male,18,Delhi,Delhi,BA,Finance,8.12,6.5,Canada,Computer Science,1607898,Yes,Referral,Documents,Rahul Singh,2026-04-21,2026-06-21,Active,99,Low,96,Canada,Partial Scholarship
ST4752,Gagan Sekhon,Female,18,Pune,Maharashtra,BCom,ECE,9.48,5.9,UK,Artificial Intelligence,2591080,Yes,Website,Offer Letter,Amit Verma,2025-12-17,2026-02-21,Inactive,99,Low,98,UK,Merit Scholarship
ST4753,Mitali Dave,Female,21,Chennai,Tamil Nadu,BA,Finance,8.42,7.1,Germany,Computer Science,1388250,Yes,Website,Counseling,Sneha Jain,2026-04-24,2026-06-25,Active,90,Low,89,Germany,Partial Scholarship
ST4754,Mohammed Kar,Female,19,Bangalore,Karnataka,BCom,Mechanical,7.26,6.8,Germany,Cyber Security,951804,Yes,Website,Visa,Sneha Jain,2024-08-30,2024-11-22,Converted,84,Medium,74,Germany,Not Eligible
ST4755,Arunima Wali,Female,19,Chennai,Tamil Nadu,BCom,CSE,6.75,7.6,Canada,Business Analytics,3042939,Yes,Seminar,Application,Sneha Jain,2025-11-10,2026-02-21,Active,79,Low,87,Canada,Not Eligible
ST4756,Hitesh Dugal,Male,20,Bangalore,Karnataka,BA,Mechanical,7.18,6.3,Canada,Computer Science,1698221,No,Instagram,Counseling,Rohit Gupta,2026-01-29,2026-02-16,Inactive,75,Medium,68,Canada,Not Eligible
ST4757,Krishna Tata,Male,20,Jaipur,Rajasthan,BBA,IT,8.22,6.6,Australia,Business Analytics,2906297,No,Referral,New Lead,Rahul Singh,2024-07-09,2024-09-18,Inactive,99,Low,100,Australia,Partial Scholarship
ST4758,Indali Ravel,Male,18,Ahmedabad,Gujarat,BBA,Finance,9.49,6.3,Canada,Artificial Intelligence,1238881,Yes,Referral,Contacted,Priya Sharma,2024-08-15,2024-11-02,Active,99,Low,100,Germany,Merit Scholarship
ST4759,Jairaj Natarajan,Male,22,Hyderabad,Telangana,BCom,IT,6.85,7.6,Australia,Computer Science,2422532,Yes,Instagram,Offer Letter,Sneha Jain,2025-07-12,2025-10-28,Dropped,87,Low,88,Canada,Not Eligible
ST4760,Liam Minhas,Male,25,Bangalore,Karnataka,BTech,IT,9.21,7.8,UK,Computer Science,3251167,Yes,Website,Application,Sneha Jain,2024-10-01,2024-11-07,Active,99,Low,100,Canada,Merit Scholarship
ST4761,Anusha Raman,Female,21,Bhopal,Madhya Pradesh,BA,Finance,8.47,8.0,UK,Business Analytics,3336555,No,Referral,Enrolled,Priya Sharma,2024-07-11,2024-11-06,Converted,95,Low,100,Canada,Partial Scholarship
ST4762,Samuel Madan,Female,28,Delhi,Delhi,BBA,Mechanical,7.78,8.0,UK,Data Science,3008690,No,Instagram,Enrolled,Sneha Jain,2024-12-22,2025-02-05,Converted,92,Low,100,Canada,Partial Scholarship
ST4763,Vamakshi Ben,Female,26,Bhopal,Madhya Pradesh,BA,Finance,6.21,5.9,Australia,Data Science,2365165,Yes,Seminar,Contacted,Sneha Jain,2024-09-04,2024-09-15,Inactive,56,Medium,66,Australia,Not Eligible
ST4764,Lucky Badal,Female,26,Hyderabad,Telangana,BSc,ECE,7.51,7.1,UK,Data Science,3478714,Yes,Seminar,Offer Letter,Rohit Gupta,2025-07-22,2025-10-29,Active,99,Low,90,Canada,Partial Scholarship
ST4765,Vaishnavi Sampath,Male,27,Bangalore,Karnataka,BSc,IT,8.31,6.3,Germany,Artificial Intelligence,986617,Yes,WhatsApp,Application,Rahul Singh,2024-08-22,2024-11-21,Inactive,88,Low,80,Germany,Partial Scholarship
ST4766,Tara Mandal,Male,23,Bhopal,Madhya Pradesh,BA,CSE,9.4,5.9,Canada,Data Science,2192823,Yes,Website,Documents,Amit Verma,2025-12-29,2026-04-04,Active,95,Low,98,Canada,Merit Scholarship
ST4767,Meera Bhatia,Male,25,Bhopal,Madhya Pradesh,BA,Mechanical,7.13,6.3,Germany,Data Science,938808,No,Website,Enrolled,Rohit Gupta,2026-01-12,2026-01-26,Converted,67,Medium,68,Germany,Not Eligible
ST4768,Riya Kala,Male,28,Mumbai,Maharashtra,BCom,CSE,6.56,7.1,UK,Finance,2054409,No,Seminar,Application,Priya Sharma,2026-04-09,2026-07-10,Dropped,80,Low,80,Canada,Not Eligible
ST4769,Gagan Panchal,Male,24,Bhopal,Madhya Pradesh,BBA,ECE,9.47,7.6,Canada,Finance,959449,Yes,Instagram,Documents,Priya Sharma,2025-04-11,2025-05-25,Dropped,94,Low,100,Germany,Merit Scholarship
ST4770,Urvi Shah,Male,25,Bhopal,Madhya Pradesh,BSc,CSE,8.32,8.0,Australia,Business Analytics,2727461,Yes,Website,Counseling,Rohit Gupta,2025-11-13,2026-01-18,Active,92,Low,100,Canada,Partial Scholarship
ST4771,Pranav Krishna,Female,19,Ahmedabad,Gujarat,BSc,IT,8.26,7.3,Canada,Finance,3438321,No,Seminar,Application,Rohit Gupta,2025-11-01,2026-01-23,Dropped,94,Low,100,Canada,Partial Scholarship
ST4772,Yachana D’Alia,Female,26,Indore,Madhya Pradesh,BSc,Mechanical,9.75,5.7,UK,Artificial Intelligence,2986385,Yes,Instagram,Offer Letter,Rahul Singh,2025-06-22,2025-09-30,Inactive,97,Low,99,UK,Merit Scholarship
ST4773,Balendra Vig,Male,26,Pune,Maharashtra,BSc,IT,8.91,6.7,Germany,Business Analytics,1257198,Yes,Seminar,Counseling,Amit Verma,2025-03-14,2025-03-27,Active,92,Low,91,Germany,Merit Scholarship
ST4774,Sai Suresh,Female,23,Jaipur,Rajasthan,BSc,Finance,8.02,6.7,Australia,Finance,1712791,No,Seminar,Counseling,Sneha Jain,2025-04-20,2025-05-01,Inactive,84,Low,82,Australia,Partial Scholarship
ST4775,Girik Wagle,Male,26,Jaipur,Rajasthan,BTech,IT,8.16,5.7,Canada,Business Analytics,1737325,Yes,Instagram,New Lead,Rahul Singh,2025-01-10,2025-01-24,Active,77,Medium,73,Canada,Partial Scholarship
ST4776,Urvi Arya,Male,27,Jaipur,Rajasthan,BTech,Finance,8.21,6.4,Canada,Artificial Intelligence,2353234,No,Instagram,Offer Letter,Amit Verma,2025-02-15,2025-05-26,Active,99,Low,91,Canada,Partial Scholarship
ST4777,Darpan Murty,Female,19,Indore,Madhya Pradesh,BCom,ECE,7.94,8.1,Australia,Cyber Security,1538487,No,Instagram,New Lead,Rahul Singh,2026-02-23,2026-03-24,Active,97,Low,94,Canada,Partial Scholarship
ST4778,Zayan Gandhi,Female,20,Jaipur,Rajasthan,BA,ECE,7.67,7.4,USA,Data Science,2706098,Yes,Referral,New Lead,Sneha Jain,2025-05-10,2025-07-22,Dropped,92,Low,100,Canada,Partial Scholarship
ST4779,Varsha Mohan,Female,21,Jaipur,Rajasthan,BA,Marketing,6.34,8.3,Australia,Business Analytics,952369,No,Website,Documents,Sneha Jain,2026-05-10,2026-05-18,Inactive,82,Low,81,Germany,Not Eligible
ST4780,Ryan Golla,Female,28,Bhopal,Madhya Pradesh,BCom,IT,6.8,7.3,Canada,Computer Science,864715,No,WhatsApp,Enrolled,Sneha Jain,2025-07-18,2025-08-07,Converted,68,Medium,75,Germany,Not Eligible
ST4781,Ryan Parmar,Male,26,Indore,Madhya Pradesh,BBA,Marketing,6.86,6.5,UK,Artificial Intelligence,2247846,Yes,Referral,New Lead,Rahul Singh,2024-06-09,2024-06-18,Active,89,Low,93,UK,Not Eligible
ST4782,Wridesh Shenoy,Male,26,Ahmedabad,Gujarat,BSc,Mechanical,7.44,6.3,Australia,Computer Science,3112349,Yes,Website,Application,Priya Sharma,2025-07-18,2025-09-19,Dropped,85,Low,81,Australia,Not Eligible
ST4783,Qabil Manda,Female,22,Bhopal,Madhya Pradesh,BSc,IT,7.21,7.6,Australia,MBA,2474288,No,Instagram,Offer Letter,Amit Verma,2025-05-20,2025-07-31,Dropped,89,Low,92,Canada,Not Eligible
ST4784,Ikshita Saini,Female,25,Mumbai,Maharashtra,BA,Mechanical,6.72,6.0,Canada,Artificial Intelligence,2562002,No,Seminar,New Lead,Sneha Jain,2024-12-03,2024-12-29,Dropped,62,Medium,72,Canada,Not Eligible
ST4785,Lucky Sandal,Female,25,Jaipur,Rajasthan,BSc,CSE,8.01,6.3,Germany,Business Analytics,1296592,Yes,Referral,Application,Rohit Gupta,2025-06-28,2025-08-14,Inactive,91,Low,92,Germany,Partial Scholarship
ST4786,Balhaar Gala,Female,20,Chennai,Tamil Nadu,BBA,Mechanical,8.96,7.1,Canada,Computer Science,939520,Yes,Website,Offer Letter,Amit Verma,2026-04-02,2026-06-23,Inactive,84,Low,94,Germany,Merit Scholarship
ST4787,Michael Lala,Male,18,Pune,Maharashtra,BCom,Marketing,8.25,7.2,Germany,Business Analytics,872046,Yes,Seminar,New Lead,Rahul Singh,2026-04-12,2026-07-12,Active,87,Low,89,Germany,Partial Scholarship
ST4788,Chakradhar Baral,Female,18,Bangalore,Karnataka,BBA,CSE,7.8,5.9,Germany,Computer Science,1127188,Yes,Website,Application,Priya Sharma,2024-07-27,2024-10-30,Dropped,77,Medium,72,Germany,Partial Scholarship
ST4789,Jack Mann,Female,27,Bangalore,Karnataka,BBA,IT,9.46,7.3,Australia,Cyber Security,3400692,Yes,Seminar,Offer Letter,Sneha Jain,2025-01-21,2025-04-16,Dropped,99,Low,100,Canada,Merit Scholarship
ST4790,Tara Mammen,Female,26,Chennai,Tamil Nadu,BTech,Marketing,8.97,7.8,UK,Data Science,1508212,Yes,Seminar,Counseling,Sneha Jain,2026-02-24,2026-06-19,Dropped,99,Low,100,Canada,Merit Scholarship
ST4791,Vritti Kurian,Female,28,Indore,Madhya Pradesh,BA,ECE,8.2,7.3,Australia,Artificial Intelligence,2184956,Yes,Website,New Lead,Amit Verma,2025-01-24,2025-04-14,Inactive,99,Low,99,Canada,Partial Scholarship
ST4792,Wishi Karpe,Female,19,Pune,Maharashtra,BSc,Mechanical,8.16,7.9,Australia,Finance,3410347,Yes,Seminar,Enrolled,Rohit Gupta,2026-02-22,2026-03-16,Converted,90,Low,100,Canada,Partial Scholarship
ST4793,Gaurav Gokhale,Male,26,Jaipur,Rajasthan,BA,IT,9.72,7.2,Canada,Cyber Security,3497806,Yes,Seminar,Contacted,Sneha Jain,2026-04-07,2026-07-02,Inactive,93,Low,100,Canada,Merit Scholarship
ST4794,Logan Shukla,Female,26,Indore,Madhya Pradesh,BA,Biotechnology,7.97,6.1,Germany,Business Analytics,1397715,No,Website,Contacted,Rohit Gupta,2025-08-25,2025-11-27,Dropped,69,Medium,74,Germany,Partial Scholarship
ST4795,Oliver Vora,Male,20,Mumbai,Maharashtra,BSc,Marketing,6.61,7.0,UK,Data Science,2984958,No,Instagram,Contacted,Amit Verma,2025-05-05,2025-06-23,Active,76,Low,81,Canada,Not Eligible
ST4796,Jasmit Lal,Male,20,Mumbai,Maharashtra,BBA,Finance,9.17,6.5,Canada,Computer Science,1459678,Yes,Website,Application,Amit Verma,2025-11-26,2025-12-23,Active,92,Low,91,Germany,Merit Scholarship
ST4797,Guneet Pant,Female,23,Indore,Madhya Pradesh,BCom,Finance,7.77,6.4,Canada,Data Science,2940653,No,Seminar,Contacted,Rohit Gupta,2025-04-29,2025-05-13,Inactive,86,Low,86,Canada,Partial Scholarship
ST4798,Joshua Thaker,Female,24,Delhi,Delhi,BCom,Mechanical,9.66,6.2,Canada,Finance,3341445,Yes,WhatsApp,Documents,Rahul Singh,2026-05-31,2026-06-21,Dropped,91,Low,100,Canada,Merit Scholarship
ST4799,Sarthak Kurian,Male,28,Delhi,Delhi,BCom,Marketing,8.78,8.2,Australia,Finance,1084408,Yes,WhatsApp,Contacted,Amit Verma,2026-04-07,2026-04-25,Inactive,94,Low,100,Germany,Merit Scholarship
ST4800,Hardik Kade,Male,25,Jaipur,Rajasthan,BBA,IT,7.57,8.4,Australia,Data Science,2677285,No,Referral,Offer Letter,Priya Sharma,2025-06-07,2025-09-02,Dropped,99,Low,100,Canada,Partial Scholarship
ST4801,Januja Bahl,Male,26,Pune,Maharashtra,BCom,Biotechnology,7.61,5.9,Germany,Data Science,1040711,No,Seminar,Contacted,Rohit Gupta,2024-08-14,2024-11-30,Active,78,Medium,70,Germany,Partial Scholarship
ST4802,Raksha Bhasin,Male,21,Pune,Maharashtra,BTech,ECE,6.37,7.2,UK,MBA,1853112,Yes,Instagram,Offer Letter,Priya Sharma,2024-07-20,2024-11-15,Active,70,Medium,70,Canada,Not Eligible
ST4803,Yashvi Sabharwal,Male,20,Jaipur,Rajasthan,BTech,CSE,9.04,7.6,Australia,Finance,2989728,Yes,Referral,Enrolled,Sneha Jain,2025-02-28,2025-05-11,Converted,93,Low,100,Canada,Merit Scholarship
ST4804,Jalsa Lala,Female,25,Bhopal,Madhya Pradesh,BSc,CSE,8.7,7.2,Australia,Finance,3363300,Yes,Instagram,Enrolled,Rahul Singh,2026-02-20,2026-05-02,Converted,99,Low,100,Canada,Merit Scholarship
ST4805,Timothy Badal,Female,22,Jaipur,Rajasthan,BTech,ECE,8.62,6.6,UK,Computer Science,1598121,Yes,Referral,Offer Letter,Amit Verma,2024-07-20,2024-10-25,Inactive,94,Low,100,UK,Merit Scholarship
ST4806,Mahika Ramesh,Female,19,Ahmedabad,Gujarat,BSc,Marketing,6.5,8.5,Australia,Data Science,2093633,Yes,Instagram,Contacted,Rahul Singh,2024-10-24,2024-12-23,Active,87,Low,95,Canada,Not Eligible
ST4807,Aachal Bandi,Male,21,Jaipur,Rajasthan,BCom,CSE,8.25,7.7,Canada,Data Science,1858829,No,Referral,Application,Amit Verma,2025-04-28,2025-05-30,Inactive,91,Low,100,Canada,Partial Scholarship
ST4808,Baghyawati Zacharia,Male,25,Chennai,Tamil Nadu,BBA,Finance,6.44,7.8,Canada,Cyber Security,3373483,No,Referral,Contacted,Amit Verma,2024-08-17,2024-11-17,Active,98,Low,100,Canada,Not Eligible
ST4809,Urmi Batra,Male,23,Bhopal,Madhya Pradesh,BCom,Finance,9.29,6.6,Australia,Data Science,2467383,Yes,Instagram,Counseling,Sneha Jain,2025-02-05,2025-02-23,Active,99,Low,100,Australia,Merit Scholarship
ST4810,George Bora,Female,22,Chennai,Tamil Nadu,BCom,Biotechnology,8.98,6.5,UK,MBA,3032354,Yes,Website,New Lead,Priya Sharma,2025-03-01,2025-03-23,Dropped,99,Low,99,UK,Merit Scholarship
ST4811,Frederick Lalla,Male,25,Mumbai,Maharashtra,BSc,IT,6.63,7.4,Australia,Finance,2721110,No,Instagram,Documents,Rahul Singh,2025-07-21,2025-09-28,Inactive,92,Low,85,Canada,Not Eligible
ST4812,Chandani Dugar,Female,18,Bangalore,Karnataka,BTech,CSE,6.68,7.4,USA,Artificial Intelligence,3220562,No,Referral,Documents,Sneha Jain,2025-06-21,2025-07-24,Inactive,90,Low,100,Canada,Not Eligible
ST4813,Vanya Narasimhan,Female,24,Jaipur,Rajasthan,BBA,Marketing,6.26,6.3,UK,Artificial Intelligence,1511236,Yes,Website,Application,Priya Sharma,2026-04-23,2026-05-14,Dropped,58,High,59,UK,Not Eligible
ST4814,Urvashi Kapur,Female,23,Bhopal,Madhya Pradesh,BTech,Biotechnology,9.71,7.4,UK,Finance,2694544,Yes,Instagram,New Lead,Priya Sharma,2024-12-08,2025-02-01,Inactive,93,Low,100,Canada,Merit Scholarship
ST4815,Aadhya Shah,Male,24,Bhopal,Madhya Pradesh,BSc,Marketing,7.65,7.4,USA,Computer Science,2603251,No,WhatsApp,Documents,Amit Verma,2025-09-06,2025-11-22,Dropped,99,Low,95,Canada,Partial Scholarship
ST4816,Vasudha Toor,Female,27,Indore,Madhya Pradesh,BBA,Finance,8.7,7.4,Canada,Computer Science,3268726,Yes,Seminar,Enrolled,Amit Verma,2024-08-03,2024-11-04,Converted,99,Low,100,Canada,Merit Scholarship
ST4817,Chaaya Handa,Male,26,Mumbai,Maharashtra,BBA,Finance,8.54,6.2,Australia,Finance,1908097,Yes,Instagram,Visa,Rahul Singh,2025-12-12,2025-12-28,Converted,87,Low,82,Australia,Merit Scholarship
ST4818,Amaira Sehgal,Male,21,Pune,Maharashtra,BA,IT,8.02,7.6,Canada,Data Science,1566999,No,Instagram,Counseling,Rahul Singh,2025-09-13,2026-01-08,Inactive,83,Low,90,Canada,Partial Scholarship
ST4819,Damyanti Ahuja,Female,20,Mumbai,Maharashtra,BBA,IT,7.6,7.6,Canada,Finance,2060183,No,WhatsApp,New Lead,Priya Sharma,2024-07-15,2024-07-27,Dropped,99,Low,95,Canada,Partial Scholarship
ST4820,Yashoda Wagle,Female,22,Ahmedabad,Gujarat,BA,CSE,7.4,7.4,Canada,Artificial Intelligence,1456527,No,WhatsApp,Application,Priya Sharma,2026-04-23,2026-07-29,Dropped,78,Low,83,Germany,Not Eligible
ST4821,Yauvani Agarwal,Female,23,Indore,Madhya Pradesh,BTech,Biotechnology,7.85,5.9,USA,Artificial Intelligence,2735152,Yes,WhatsApp,Contacted,Sneha Jain,2025-01-16,2025-02-27,Inactive,73,Low,82,USA,Partial Scholarship
ST4822,Harini Ramachandran,Female,23,Mumbai,Maharashtra,BTech,ECE,6.69,8.2,UK,Data Science,2477538,Yes,WhatsApp,New Lead,Rohit Gupta,2024-09-15,2024-12-25,Active,82,Low,92,Canada,Not Eligible
ST4823,Diya Bhardwaj,Male,27,Pune,Maharashtra,BTech,Biotechnology,9.11,6.6,Germany,Finance,939755,Yes,WhatsApp,Application,Amit Verma,2025-03-28,2025-07-04,Active,81,Low,91,Germany,Merit Scholarship
ST4824,Zansi Bhavsar,Male,20,Pune,Maharashtra,BA,ECE,9.52,5.9,USA,Computer Science,2615886,Yes,Seminar,Visa,Rohit Gupta,2024-06-19,2024-07-28,Converted,99,Low,99,USA,Merit Scholarship
ST4825,Bhanumati Dhaliwal,Male,24,Chennai,Tamil Nadu,BA,Mechanical,8.98,8.4,Australia,Artificial Intelligence,3377691,Yes,Website,New Lead,Priya Sharma,2024-06-01,2024-09-23,Inactive,92,Low,100,Canada,Merit Scholarship
ST4826,Arjun Patil,Female,24,Delhi,Delhi,BBA,Biotechnology,6.71,7.8,Australia,MBA,1278720,No,Website,Enrolled,Rohit Gupta,2026-03-01,2026-03-07,Converted,89,Low,80,Germany,Not Eligible
ST4827,Viraj Srinivas,Female,27,Hyderabad,Telangana,BCom,Mechanical,6.04,6.3,Canada,MBA,1856111,No,Referral,Documents,Priya Sharma,2024-11-15,2025-02-21,Inactive,71,Medium,72,Canada,Not Eligible
ST4828,Devika Nagarajan,Female,19,Delhi,Delhi,BCom,CSE,9.22,8.4,Australia,Computer Science,2624957,Yes,WhatsApp,Application,Sneha Jain,2024-10-05,2025-02-02,Inactive,97,Low,100,Canada,Merit Scholarship
ST4829,Ikbal Bava,Male,23,Pune,Maharashtra,BA,Marketing,9.17,5.6,Canada,Finance,1565019,Yes,WhatsApp,Application,Rahul Singh,2025-09-07,2025-12-04,Dropped,71,Low,81,Canada,Merit Scholarship
ST4830,Urvi Kala,Female,23,Mumbai,Maharashtra,BSc,Marketing,8.19,5.6,Germany,Cyber Security,1464650,Yes,Referral,Offer Letter,Amit Verma,2025-01-06,2025-03-06,Inactive,84,Low,86,Germany,Partial Scholarship
ST4831,Anita Sidhu,Male,25,Delhi,Delhi,BSc,ECE,9.26,8.1,UK,Computer Science,2343042,Yes,Seminar,Offer Letter,Rohit Gupta,2025-10-14,2025-12-02,Inactive,95,Low,100,Canada,Merit Scholarship
ST4832,Sudiksha Patil,Female,21,Bangalore,Karnataka,BTech,Finance,9.68,7.0,UK,Computer Science,3392464,Yes,WhatsApp,Visa,Amit Verma,2026-05-24,2026-07-03,Active,99,Low,100,Canada,Merit Scholarship
ST4833,Ekta Ramesh,Female,28,Jaipur,Rajasthan,BBA,CSE,9.07,5.9,Canada,Computer Science,1674933,Yes,Referral,Counseling,Sneha Jain,2025-04-13,2025-05-25,Inactive,94,Low,99,Canada,Merit Scholarship
ST4834,Karan Sarma,Female,28,Bhopal,Madhya Pradesh,BBA,Biotechnology,8.6,6.5,Germany,Finance,1147495,Yes,WhatsApp,Offer Letter,Rahul Singh,2025-06-07,2025-06-16,Active,88,Low,85,Germany,Merit Scholarship
ST4835,Mugdha Muni,Male,24,Jaipur,Rajasthan,BTech,CSE,9.62,6.5,Canada,MBA,1776112,Yes,Instagram,Visa,Sneha Jain,2024-08-20,2024-11-01,Converted,95,Low,96,Canada,Merit Scholarship
ST4836,Januja Pall,Female,28,Delhi,Delhi,BBA,Mechanical,6.57,6.9,UK,MBA,2595007,Yes,Website,Counseling,Sneha Jain,2025-11-06,2026-01-08,Active,77,Medium,79,UK,Not Eligible
ST4837,Mitesh Jain,Female,19,Ahmedabad,Gujarat,BSc,ECE,8.78,7.7,UK,Finance,1295846,Yes,Instagram,Enrolled,Amit Verma,2025-12-27,2026-03-10,Converted,97,Low,99,Germany,Merit Scholarship
ST4838,Tamanna Chander,Female,22,Chennai,Tamil Nadu,BTech,IT,8.95,7.8,Australia,Business Analytics,2089471,Yes,Referral,Enrolled,Rahul Singh,2025-09-02,2025-09-19,Converted,99,Low,100,Canada,Merit Scholarship
ST4839,Balhaar De,Female,23,Pune,Maharashtra,BTech,Finance,8.03,6.6,UK,Artificial Intelligence,1767392,Yes,Website,Counseling,Rahul Singh,2026-03-04,2026-05-26,Active,81,Low,80,UK,Partial Scholarship
ST4840,Ansh Parekh,Male,22,Hyderabad,Telangana,BCom,Biotechnology,8.74,7.8,Australia,Artificial Intelligence,941573,Yes,Instagram,Enrolled,Amit Verma,2025-09-23,2025-10-04,Converted,98,Low,100,Germany,Merit Scholarship
ST4841,Janya Kanda,Female,25,Bangalore,Karnataka,BA,Mechanical,6.81,6.0,UK,Computer Science,1702633,No,Referral,New Lead,Rahul Singh,2025-02-10,2025-04-30,Dropped,86,Medium,78,UK,Not Eligible
ST4842,Triveni Chaudhary,Female,25,Mumbai,Maharashtra,BTech,CSE,6.15,6.0,Canada,Business Analytics,1025177,No,Seminar,Visa,Priya Sharma,2026-03-07,2026-05-11,Converted,63,High,56,Germany,Not Eligible
ST4843,Indrajit Saxena,Male,19,Indore,Madhya Pradesh,BBA,ECE,9.58,6.0,Germany,Cyber Security,998253,Yes,Website,Contacted,Rahul Singh,2025-07-06,2025-07-31,Active,92,Low,90,Germany,Merit Scholarship
ST4844,Rayaan Kuruvilla,Female,18,Jaipur,Rajasthan,BTech,IT,9.55,5.6,Canada,Computer Science,874771,Yes,Seminar,Offer Letter,Amit Verma,2024-09-12,2024-12-28,Active,82,Low,85,Germany,Merit Scholarship
ST4845,Anmol Chanda,Male,26,Chennai,Tamil Nadu,BBA,ECE,7.39,7.0,Canada,Data Science,2707311,Yes,Referral,Contacted,Sneha Jain,2026-02-05,2026-05-30,Dropped,99,Low,100,Canada,Not Eligible
ST4846,Abeer Rajan,Female,24,Hyderabad,Telangana,BSc,IT,9.28,7.4,Canada,Business Analytics,2260814,Yes,Referral,Counseling,Priya Sharma,2026-01-15,2026-03-06,Dropped,99,Low,100,Canada,Merit Scholarship
ST4847,Ekaraj Dass,Female,18,Jaipur,Rajasthan,BTech,Biotechnology,8.47,8.1,Canada,MBA,1939834,Yes,Website,Contacted,Amit Verma,2026-01-30,2026-02-10,Dropped,99,Low,99,Canada,Partial Scholarship
ST4848,Charan Gara,Female,21,Hyderabad,Telangana,BSc,CSE,6.07,5.5,Canada,Data Science,1709163,No,Instagram,Enrolled,Sneha Jain,2025-09-09,2025-10-01,Converted,60,High,50,Canada,Not Eligible
ST4849,Nimrat Srinivas,Male,19,Delhi,Delhi,BTech,CSE,9.28,8.0,UK,Computer Science,3241483,Yes,Referral,Visa,Amit Verma,2024-12-30,2025-02-22,Converted,99,Low,100,Canada,Merit Scholarship
ST4850,Kai More,Female,21,Hyderabad,Telangana,BA,Biotechnology,6.67,6.4,Canada,Computer Science,2260416,Yes,Website,Application,Rohit Gupta,2024-11-08,2024-11-27,Dropped,75,Medium,75,Canada,Not Eligible
ST4851,Waida Rout,Female,28,Ahmedabad,Gujarat,BBA,CSE,9.27,8.4,UK,Computer Science,2464183,Yes,WhatsApp,New Lead,Rohit Gupta,2024-10-14,2024-11-27,Inactive,99,Low,100,Canada,Merit Scholarship
ST4852,Michael Char,Female,23,Delhi,Delhi,BBA,IT,9.27,6.5,Australia,MBA,2364046,Yes,Website,Counseling,Rohit Gupta,2024-07-07,2024-09-01,Active,99,Low,100,Australia,Merit Scholarship
ST4853,Sneha Wali,Female,27,Ahmedabad,Gujarat,BCom,Finance,7.66,5.8,Canada,Artificial Intelligence,1885699,Yes,Website,Contacted,Rohit Gupta,2024-09-23,2024-12-31,Active,68,Medium,68,Canada,Partial Scholarship
ST4854,Unni Pillai,Male,26,Ahmedabad,Gujarat,BSc,Marketing,9.37,6.6,Australia,MBA,2833010,Yes,Referral,Counseling,Amit Verma,2024-06-25,2024-09-23,Inactive,93,Low,100,Australia,Merit Scholarship
ST4855,Sudiksha Garg,Female,19,Chennai,Tamil Nadu,BCom,Finance,7.47,5.9,Australia,MBA,1664340,No,Referral,Visa,Rahul Singh,2024-06-30,2024-09-27,Converted,88,Low,83,Australia,Not Eligible
ST4856,Aarini Sur,Female,28,Chennai,Tamil Nadu,BTech,Biotechnology,7.18,8.3,Canada,MBA,1373315,No,Referral,Enrolled,Rahul Singh,2025-08-14,2025-10-12,Converted,99,Low,100,Germany,Not Eligible
ST4857,Shaurya Varkey,Female,24,Delhi,Delhi,BCom,IT,7.16,7.8,UK,Artificial Intelligence,3233842,Yes,Instagram,Application,Rahul Singh,2025-04-23,2025-06-03,Active,97,Low,94,Canada,Not Eligible
ST4858,Rishi Sibal,Male,28,Indore,Madhya Pradesh,BCom,Biotechnology,9.36,8.3,UK,Business Analytics,2837261,Yes,WhatsApp,Documents,Rohit Gupta,2026-04-14,2026-07-29,Dropped,99,Low,100,Canada,Merit Scholarship
ST4859,Yatin Nagar,Female,18,Jaipur,Rajasthan,BBA,IT,6.92,6.9,Canada,Cyber Security,3458363,No,Seminar,Application,Rahul Singh,2026-02-15,2026-02-22,Inactive,75,Low,83,Canada,Not Eligible
ST4860,Hemal Chatterjee,Male,20,Pune,Maharashtra,BCom,CSE,8.03,6.7,Canada,MBA,1999823,Yes,Seminar,Contacted,Sneha Jain,2025-06-12,2025-06-25,Inactive,72,Low,82,Canada,Partial Scholarship
ST4861,Falak Jayaraman,Male,26,Bangalore,Karnataka,BCom,IT,7.56,7.9,Australia,Artificial Intelligence,2519984,No,WhatsApp,New Lead,Sneha Jain,2026-04-10,2026-06-07,Active,99,Low,99,Canada,Partial Scholarship
ST4862,Anya Mitra,Female,23,Chennai,Tamil Nadu,BTech,CSE,7.52,7.8,UK,Business Analytics,1466319,No,WhatsApp,Contacted,Sneha Jain,2024-12-22,2025-03-03,Active,80,Low,88,Germany,Partial Scholarship
ST4863,Anmol Mitter,Male,25,Jaipur,Rajasthan,BSc,Mechanical,6.9,6.6,Germany,Computer Science,851742,Yes,Instagram,Application,Priya Sharma,2024-11-14,2025-03-07,Dropped,61,Medium,69,Germany,Not Eligible
ST4864,Azaan Raval,Male,19,Hyderabad,Telangana,BSc,Marketing,9.55,7.3,Canada,Computer Science,862292,Yes,WhatsApp,Contacted,Sneha Jain,2026-05-15,2026-08-23,Dropped,97,Low,100,Germany,Merit Scholarship
ST4865,Chanchal Sen,Male,28,Pune,Maharashtra,BA,Mechanical,8.6,6.4,Canada,MBA,2882744,Yes,Website,Contacted,Amit Verma,2025-09-07,2025-11-05,Inactive,99,Low,94,Canada,Merit Scholarship
ST4866,Omisha Sura,Female,19,Hyderabad,Telangana,BTech,Mechanical,6.44,6.6,Canada,Computer Science,1221691,Yes,Instagram,Contacted,Amit Verma,2025-11-08,2026-02-12,Dropped,66,Medium,64,Germany,Not Eligible
ST4867,Umang Gulati,Female,24,Indore,Madhya Pradesh,BSc,Marketing,8.45,6.7,UK,Business Analytics,2434836,No,Referral,New Lead,Amit Verma,2025-02-18,2025-04-20,Active,99,Low,100,UK,Partial Scholarship
ST4868,Lucky Mall,Female,24,Jaipur,Rajasthan,BCom,Biotechnology,7.54,6.7,Germany,Computer Science,1088701,Yes,Website,Contacted,Sneha Jain,2024-07-18,2024-10-29,Dropped,77,Medium,77,Germany,Partial Scholarship
ST4869,Upkaar Chakrabarti,Male,24,Bangalore,Karnataka,BA,Biotechnology,6.3,6.3,UK,Artificial Intelligence,3427001,Yes,Referral,Documents,Rohit Gupta,2026-03-17,2026-03-31,Dropped,87,Low,84,UK,Not Eligible
ST4870,Vedant Dass,Female,28,Jaipur,Rajasthan,BA,IT,9.18,6.2,Canada,Finance,3426529,Yes,Seminar,Documents,Rahul Singh,2025-04-13,2025-04-20,Active,97,Low,98,Canada,Merit Scholarship
ST4871,Ayaan Gill,Female,19,Hyderabad,Telangana,BA,Marketing,6.93,7.3,Canada,Computer Science,2312689,Yes,Website,Counseling,Rohit Gupta,2025-11-01,2026-02-02,Dropped,92,Low,87,Canada,Not Eligible
ST4872,Jatin Baria,Female,26,Bhopal,Madhya Pradesh,BBA,ECE,8.12,7.3,UK,Data Science,1518893,No,Seminar,Counseling,Amit Verma,2025-05-04,2025-05-22,Active,93,Low,89,Canada,Partial Scholarship
ST4873,Ekbal Mishra,Male,26,Mumbai,Maharashtra,BTech,Biotechnology,6.79,7.6,UK,MBA,3119003,Yes,Instagram,Enrolled,Sneha Jain,2026-04-22,2026-08-19,Converted,96,Low,87,Canada,Not Eligible
ST4874,Frado Mall,Male,19,Indore,Madhya Pradesh,BA,IT,8.55,7.3,Canada,Data Science,2230342,Yes,WhatsApp,Enrolled,Priya Sharma,2025-09-27,2025-09-30,Converted,99,Low,100,Canada,Merit Scholarship
ST4875,Jagdish Kunda,Female,24,Pune,Maharashtra,BBA,Marketing,6.2,7.4,Germany,Business Analytics,902757,Yes,Instagram,Offer Letter,Rohit Gupta,2025-08-12,2025-08-29,Dropped,62,Medium,71,Germany,Not Eligible
ST4876,Eesha Nair,Male,19,Hyderabad,Telangana,BA,Mechanical,8.09,7.7,Canada,Finance,2531774,Yes,Instagram,Offer Letter,Amit Verma,2025-05-31,2025-07-29,Inactive,99,Low,100,Canada,Partial Scholarship
ST4877,Upasna Bhatti,Female,22,Delhi,Delhi,BCom,Mechanical,6.48,7.1,Australia,Computer Science,2108889,No,Referral,New Lead,Sneha Jain,2025-09-13,2025-11-03,Active,91,Low,94,Canada,Not Eligible
ST4878,Yash Mander,Male,20,Bhopal,Madhya Pradesh,BSc,CSE,7.85,7.3,Canada,Cyber Security,1457009,Yes,WhatsApp,Application,Amit Verma,2024-08-27,2024-10-28,Dropped,84,Low,86,Germany,Partial Scholarship
ST4879,Abha More,Male,23,Pune,Maharashtra,BTech,CSE,8.31,8.1,UK,MBA,1515646,Yes,Website,Offer Letter,Rahul Singh,2025-01-06,2025-01-26,Dropped,91,Low,98,Canada,Partial Scholarship
ST4880,Chaman Thakur,Male,25,Mumbai,Maharashtra,BTech,Mechanical,6.56,6.6,Canada,Computer Science,1742382,No,Seminar,New Lead,Rahul Singh,2025-05-14,2025-06-23,Dropped,75,Medium,65,Canada,Not Eligible
ST4881,Priya Shukla,Male,23,Mumbai,Maharashtra,BCom,Marketing,9.3,7.1,Canada,Cyber Security,1829406,Yes,WhatsApp,Visa,Rahul Singh,2026-02-04,2026-04-17,Converted,89,Low,98,Canada,Merit Scholarship
ST4882,Yamini Wadhwa,Female,19,Pune,Maharashtra,BTech,Marketing,8.33,7.7,UK,Data Science,2734655,Yes,Website,Offer Letter,Priya Sharma,2025-02-22,2025-03-04,Dropped,98,Low,100,Canada,Partial Scholarship
ST4883,Indira Sodhi,Male,28,Bhopal,Madhya Pradesh,BBA,IT,7.21,6.1,Germany,MBA,1039425,Yes,WhatsApp,New Lead,Rohit Gupta,2026-03-24,2026-05-09,Active,75,Medium,67,Germany,Not Eligible
ST4884,Vritti Kunda,Female,21,Chennai,Tamil Nadu,BCom,ECE,7.52,7.2,UK,Business Analytics,2452300,Yes,Instagram,Application,Rohit Gupta,2025-08-03,2025-08-20,Dropped,84,Low,92,Canada,Partial Scholarship
ST4885,Vedika Palan,Female,27,Pune,Maharashtra,BSc,Finance,8.73,7.6,UK,Business Analytics,2712842,Yes,Instagram,Documents,Priya Sharma,2026-01-18,2026-03-10,Dropped,96,Low,100,Canada,Merit Scholarship
ST4886,Yashoda Mohanty,Male,18,Delhi,Delhi,BTech,Mechanical,6.17,7.5,Australia,Artificial Intelligence,2695200,Yes,Seminar,Visa,Sneha Jain,2025-06-05,2025-07-07,Converted,86,Low,81,Canada,Not Eligible
ST4887,Shivani Master,Female,21,Delhi,Delhi,BTech,ECE,8.46,7.6,Australia,Artificial Intelligence,2708375,No,Website,Offer Letter,Priya Sharma,2025-09-22,2025-10-04,Dropped,99,Low,100,Canada,Partial Scholarship
ST4888,Bakhshi Dugar,Male,23,Delhi,Delhi,BSc,Finance,7.32,6.2,UK,MBA,3440632,Yes,Website,New Lead,Amit Verma,2024-12-01,2025-02-22,Inactive,70,Low,80,UK,Not Eligible
ST4889,Brinda Mital,Female,28,Indore,Madhya Pradesh,BSc,IT,9.36,7.5,Canada,MBA,3091136,Yes,WhatsApp,Visa,Priya Sharma,2024-09-15,2024-11-02,Active,99,Low,100,Canada,Merit Scholarship
ST4890,Simon Dutt,Male,22,Chennai,Tamil Nadu,BCom,Finance,9.52,5.7,Canada,MBA,3291690,Yes,Referral,Enrolled,Rahul Singh,2026-03-08,2026-04-15,Converted,91,Low,100,Canada,Merit Scholarship
ST4891,Dayita Raval,Male,25,Delhi,Delhi,BA,IT,7.55,8.3,Canada,MBA,2816176,No,Seminar,Documents,Rohit Gupta,2025-06-04,2025-06-14,Dropped,98,Low,100,Canada,Partial Scholarship
ST4892,Odika Kala,Female,23,Pune,Maharashtra,BTech,Finance,7.21,6.8,UK,Finance,2438231,Yes,Instagram,New Lead,Rahul Singh,2024-07-31,2024-09-10,Active,91,Low,84,UK,Not Eligible
ST4893,Nitara Edwin,Male,28,Hyderabad,Telangana,BSc,Finance,8.45,6.9,Germany,Data Science,1319201,Yes,WhatsApp,Contacted,Sneha Jain,2024-12-20,2025-01-26,Dropped,78,Low,88,Germany,Partial Scholarship
ST4894,Pavani Toor,Male,28,Delhi,Delhi,BCom,ECE,8.28,8.1,Australia,Computer Science,2529675,No,Referral,Counseling,Priya Sharma,2024-11-04,2024-11-15,Active,99,Low,100,Canada,Partial Scholarship
ST4895,Watika Lal,Female,25,Hyderabad,Telangana,BTech,Marketing,7.06,8.1,UK,Artificial Intelligence,1259125,Yes,WhatsApp,Contacted,Priya Sharma,2024-08-21,2024-11-23,Inactive,88,Low,85,Germany,Not Eligible
ST4896,Rachit Loke,Female,27,Pune,Maharashtra,BBA,ECE,8.83,7.3,UK,Artificial Intelligence,2495402,Yes,Referral,Enrolled,Amit Verma,2024-12-25,2025-01-16,Converted,99,Low,100,Canada,Merit Scholarship
ST4897,Darsh Rout,Male,27,Bhopal,Madhya Pradesh,BA,ECE,9.42,7.4,Australia,Business Analytics,1938329,Yes,Website,Visa,Priya Sharma,2025-07-26,2025-11-23,Converted,99,Low,100,Canada,Merit Scholarship
ST4898,Rachana Dash,Female,24,Hyderabad,Telangana,BBA,IT,8.5,6.5,Canada,Finance,3053498,Yes,Seminar,Offer Letter,Amit Verma,2025-01-31,2025-04-19,Dropped,99,Low,95,Canada,Merit Scholarship
ST4899,Sanya Batra,Male,21,Jaipur,Rajasthan,BA,IT,6.33,5.9,Australia,Artificial Intelligence,1802666,Yes,Referral,Contacted,Rahul Singh,2025-10-02,2025-12-09,Inactive,76,Medium,72,Australia,Not Eligible
ST4900,Jack Loke,Male,24,Bangalore,Karnataka,BSc,IT,7.85,7.8,Canada,Finance,2394158,Yes,Instagram,Visa,Priya Sharma,2025-06-14,2025-08-05,Converted,99,Low,100,Canada,Partial Scholarship
ST4901,Patrick Toor,Male,20,Pune,Maharashtra,BBA,IT,9.33,8.0,UK,Business Analytics,1930164,Yes,WhatsApp,Offer Letter,Rahul Singh,2025-12-10,2026-01-16,Dropped,99,Low,100,Canada,Merit Scholarship
ST4902,Faris Loke,Female,23,Hyderabad,Telangana,BCom,ECE,7.09,6.7,Australia,Finance,2450836,No,Referral,Enrolled,Sneha Jain,2025-06-09,2025-09-04,Converted,89,Low,97,Australia,Not Eligible
ST4903,Harrison Naik,Male,23,Jaipur,Rajasthan,BTech,ECE,7.54,7.7,Canada,Artificial Intelligence,2945895,No,Referral,Documents,Rohit Gupta,2024-12-14,2025-02-26,Inactive,94,Low,100,Canada,Partial Scholarship
ST4904,Yuvraj Mukherjee,Male,26,Chennai,Tamil Nadu,BCom,Mechanical,6.52,8.3,UK,Cyber Security,2307536,No,Seminar,New Lead,Sneha Jain,2026-02-26,2026-03-07,Active,85,Low,93,Canada,Not Eligible
ST4905,Ucchal Warrior,Male,28,Chennai,Tamil Nadu,BBA,Biotechnology,6.89,5.6,Canada,Finance,2925208,No,WhatsApp,Offer Letter,Sneha Jain,2025-04-19,2025-07-21,Dropped,75,Medium,68,Canada,Not Eligible
ST4906,Daksha Loke,Male,18,Indore,Madhya Pradesh,BSc,Biotechnology,6.06,7.4,UK,Business Analytics,2862390,Yes,WhatsApp,Enrolled,Rohit Gupta,2024-06-08,2024-07-15,Converted,73,Medium,79,Canada,Not Eligible
ST4907,Jonathan Chada,Female,28,Jaipur,Rajasthan,BSc,IT,6.63,6.9,Australia,Finance,3490259,Yes,Website,Offer Letter,Amit Verma,2025-01-29,2025-04-20,Inactive,82,Low,80,Australia,Not Eligible
ST4908,Urishilla Goswami,Male,26,Bangalore,Karnataka,BA,Finance,6.37,6.1,Germany,Computer Science,1078504,No,Website,Enrolled,Amit Verma,2025-10-10,2025-10-22,Converted,58,High,58,Germany,Not Eligible
ST4909,Elijah Shetty,Female,28,Mumbai,Maharashtra,BA,CSE,7.84,8.4,Australia,Data Science,1876332,No,Website,New Lead,Sneha Jain,2026-02-20,2026-03-16,Inactive,97,Low,97,Canada,Partial Scholarship
ST4910,Ekantika Karan,Female,18,Chennai,Tamil Nadu,BBA,Marketing,9.39,6.9,Australia,MBA,1820308,Yes,Website,Enrolled,Priya Sharma,2026-02-01,2026-04-09,Converted,99,Low,97,Australia,Merit Scholarship
ST4911,Deepa Pandit,Female,24,Indore,Madhya Pradesh,BA,Mechanical,6.53,6.8,Canada,Cyber Security,2198714,No,Instagram,New Lead,Priya Sharma,2025-06-23,2025-08-01,Inactive,72,Medium,77,Canada,Not Eligible
ST4912,Rushil Sehgal,Female,28,Ahmedabad,Gujarat,BA,Marketing,6.21,6.9,UK,Finance,2436195,Yes,Website,Contacted,Priya Sharma,2024-11-02,2025-02-19,Inactive,68,Medium,76,UK,Not Eligible
ST4913,Charita Jayaraman,Male,19,Bhopal,Madhya Pradesh,BTech,IT,9.21,8.3,Canada,Cyber Security,2543895,Yes,Referral,Application,Rohit Gupta,2026-03-29,2026-06-20,Inactive,99,Low,100,Canada,Merit Scholarship
ST4914,Kavya Ranganathan,Male,26,Jaipur,Rajasthan,BTech,Mechanical,8.21,6.5,Germany,Computer Science,1043978,No,Seminar,Enrolled,Rahul Singh,2024-11-01,2025-02-01,Converted,75,Low,82,Germany,Partial Scholarship
ST4915,Finn Golla,Female,25,Bhopal,Madhya Pradesh,BCom,Finance,6.01,7.5,UK,Cyber Security,3279068,Yes,Instagram,Contacted,Rahul Singh,2026-01-29,2026-04-02,Inactive,86,Low,80,Canada,Not Eligible
ST4916,Meera Pandey,Male,24,Jaipur,Rajasthan,BA,Finance,7.3,7.3,UK,MBA,1797181,Yes,Website,Counseling,Rohit Gupta,2025-06-15,2025-08-28,Inactive,73,Low,80,Canada,Not Eligible
ST4917,Vrinda Nagar,Female,28,Mumbai,Maharashtra,BA,Marketing,9.53,8.3,Canada,Cyber Security,1265338,Yes,Website,Contacted,Sneha Jain,2024-09-20,2024-11-13,Inactive,96,Low,100,Germany,Merit Scholarship
ST4918,Yuvraj Lad,Male,28,Chennai,Tamil Nadu,BA,ECE,8.12,8.4,UK,Artificial Intelligence,3048593,Yes,Website,Enrolled,Rohit Gupta,2025-09-06,2025-09-30,Converted,99,Low,100,Canada,Partial Scholarship
ST4919,Mohammed Chandra,Male,21,Hyderabad,Telangana,BCom,Marketing,6.77,7.9,UK,Cyber Security,1975085,Yes,Instagram,Counseling,Priya Sharma,2025-03-30,2025-07-21,Dropped,81,Low,81,Canada,Not Eligible
ST4920,Ishwar Agate,Male,21,Hyderabad,Telangana,BCom,IT,9.12,7.5,Canada,Computer Science,2503863,Yes,WhatsApp,New Lead,Rohit Gupta,2024-12-11,2025-03-04,Inactive,92,Low,100,Canada,Merit Scholarship
ST4921,Robert Bail,Female,26,Ahmedabad,Gujarat,BA,Mechanical,8.28,6.9,USA,Computer Science,3276067,Yes,Referral,Counseling,Rahul Singh,2025-02-27,2025-05-29,Active,99,Low,100,USA,Partial Scholarship
ST4922,Shivani Lal,Male,23,Ahmedabad,Gujarat,BBA,Mechanical,7.44,6.0,Germany,Finance,865483,Yes,WhatsApp,Application,Rohit Gupta,2026-02-20,2026-05-30,Inactive,62,Medium,69,Germany,Not Eligible
ST4923,Agastya Dutta,Male,23,Hyderabad,Telangana,BSc,IT,8.2,8.1,UK,MBA,3083605,Yes,Website,Offer Letter,Priya Sharma,2024-10-19,2025-01-02,Inactive,98,Low,100,Canada,Partial Scholarship
ST4924,Varenya Madan,Male,20,Chennai,Tamil Nadu,BCom,IT,9.25,5.9,Germany,Business Analytics,1466984,Yes,Instagram,Application,Rohit Gupta,2025-03-28,2025-04-12,Inactive,79,Low,86,Germany,Merit Scholarship
ST4925,Lipika Agarwal,Female,27,Chennai,Tamil Nadu,BTech,Biotechnology,8.86,6.2,Germany,Artificial Intelligence,1302861,Yes,Seminar,Offer Letter,Amit Verma,2026-05-05,2026-08-30,Active,86,Low,85,Germany,Merit Scholarship
ST4926,Ishaan Tailor,Male,23,Jaipur,Rajasthan,BSc,Biotechnology,6.74,5.6,Canada,MBA,906237,Yes,WhatsApp,New Lead,Sneha Jain,2025-10-20,2025-11-18,Inactive,57,High,57,Germany,Not Eligible
ST4927,Hamsini Jani,Female,23,Chennai,Tamil Nadu,BA,IT,9.71,6.2,UK,Cyber Security,1813075,Yes,Instagram,Offer Letter,Sneha Jain,2025-12-12,2026-03-31,Inactive,95,Low,94,UK,Merit Scholarship
ST4928,Qadim Tara,Female,24,Ahmedabad,Gujarat,BCom,Finance,6.7,6.0,USA,Cyber Security,2984762,Yes,Referral,Contacted,Rohit Gupta,2026-02-23,2026-03-18,Active,82,Low,87,USA,Not Eligible
ST4929,Nirja Ganesan,Female,18,Hyderabad,Telangana,BBA,CSE,7.97,6.0,UK,Computer Science,2396081,No,Website,Counseling,Amit Verma,2024-12-10,2025-03-10,Inactive,74,Low,84,UK,Partial Scholarship
ST4930,Guneet Nagarajan,Female,25,Indore,Madhya Pradesh,BCom,IT,8.57,6.0,Germany,Business Analytics,1238009,Yes,Seminar,Contacted,Amit Verma,2024-10-29,2024-11-16,Inactive,90,Low,80,Germany,Merit Scholarship
ST4931,Pavani Chanda,Female,28,Hyderabad,Telangana,BA,Finance,9.64,7.9,UK,MBA,3364338,Yes,Referral,Application,Priya Sharma,2026-05-24,2026-05-30,Dropped,99,Low,100,Canada,Merit Scholarship
ST4932,Jai Dhaliwal,Female,20,Chennai,Tamil Nadu,BA,Marketing,9.21,7.9,Canada,Data Science,1491055,Yes,Website,Enrolled,Rohit Gupta,2026-03-30,2026-05-27,Converted,99,Low,100,Germany,Merit Scholarship
ST4933,Ansh Dutt,Female,24,Delhi,Delhi,BTech,ECE,7.89,6.5,Canada,Data Science,3179305,Yes,Referral,Counseling,Rahul Singh,2024-09-18,2024-11-10,Dropped,99,Low,100,Canada,Partial Scholarship
ST4934,Azad Grover,Female,28,Bangalore,Karnataka,BSc,Biotechnology,8.71,8.3,Australia,Business Analytics,1255639,Yes,Website,Application,Amit Verma,2025-06-20,2025-08-25,Active,99,Low,100,Germany,Merit Scholarship
ST4935,Harsh Kurian,Female,28,Delhi,Delhi,BCom,Biotechnology,9.21,6.4,UK,MBA,1958385,Yes,Referral,Enrolled,Rahul Singh,2026-03-09,2026-03-11,Converted,94,Low,100,UK,Merit Scholarship
ST4936,Vritti Gokhale,Male,23,Bangalore,Karnataka,BTech,Mechanical,8.8,6.5,Australia,Artificial Intelligence,1902855,Yes,Instagram,Counseling,Sneha Jain,2025-04-03,2025-05-01,Inactive,82,Low,88,Australia,Merit Scholarship
ST4937,Bakhshi Thaman,Female,28,Hyderabad,Telangana,BCom,Marketing,9.23,8.2,Canada,MBA,2559829,Yes,WhatsApp,Contacted,Priya Sharma,2025-12-22,2026-01-08,Active,99,Low,100,Canada,Merit Scholarship
ST4938,Baljiwan Suri,Male,19,Bangalore,Karnataka,BSc,IT,7.94,5.6,Canada,Computer Science,3114275,Yes,Seminar,Application,Amit Verma,2025-09-01,2025-12-11,Active,85,Medium,79,Canada,Partial Scholarship
ST4939,Rajata Keer,Female,28,Chennai,Tamil Nadu,BCom,IT,6.62,5.7,Germany,Cyber Security,1014524,No,Website,Enrolled,Rahul Singh,2026-02-09,2026-04-02,Converted,66,High,58,Germany,Not Eligible
ST4940,Gaurangi Vala,Male,21,Bangalore,Karnataka,BTech,Biotechnology,6.22,7.4,Australia,Cyber Security,2305918,Yes,Website,Enrolled,Priya Sharma,2026-03-07,2026-05-18,Converted,88,Low,81,Canada,Not Eligible
ST4941,Adya Chandran,Female,25,Hyderabad,Telangana,BCom,Mechanical,7.76,6.7,Canada,Artificial Intelligence,3495931,No,Referral,Visa,Rohit Gupta,2024-06-05,2024-08-04,Converted,92,Low,100,Canada,Partial Scholarship
ST4942,Abhimanyu Mahajan,Female,18,Pune,Maharashtra,BBA,CSE,7.51,6.7,Canada,Finance,2672858,No,WhatsApp,Visa,Sneha Jain,2026-03-20,2026-04-25,Converted,77,Low,87,Canada,Partial Scholarship
ST4943,Priya Bedi,Female,22,Bhopal,Madhya Pradesh,BA,CSE,9.36,6.8,Canada,Data Science,2421324,Yes,Referral,Application,Priya Sharma,2025-12-10,2026-02-07,Active,98,Low,100,Canada,Merit Scholarship
ST4944,Priya Arora,Male,24,Hyderabad,Telangana,BTech,Mechanical,9.66,6.8,Germany,Computer Science,866347,Yes,Referral,New Lead,Sneha Jain,2026-05-03,2026-07-30,Active,93,Low,100,Germany,Merit Scholarship
ST4945,Finn Buch,Female,19,Ahmedabad,Gujarat,BTech,CSE,6.05,6.5,Germany,Artificial Intelligence,1464281,Yes,Instagram,Application,Rohit Gupta,2025-08-08,2025-09-01,Inactive,70,Medium,60,Germany,Not Eligible
ST4946,Vidhi Sha,Male,20,Bhopal,Madhya Pradesh,BBA,Biotechnology,8.62,7.4,Australia,Finance,2109710,Yes,Referral,Visa,Rahul Singh,2026-01-10,2026-01-24,Converted,90,Low,100,Canada,Merit Scholarship
ST4947,Jackson Kamdar,Female,25,Delhi,Delhi,BCom,Biotechnology,7.26,6.5,Germany,Cyber Security,1308941,No,Instagram,Visa,Rohit Gupta,2025-05-02,2025-06-01,Active,71,Medium,72,Germany,Not Eligible
ST4948,Odika Chaudhary,Male,27,Delhi,Delhi,BCom,Marketing,8.1,7.8,Australia,Business Analytics,1756756,No,Website,Counseling,Rahul Singh,2025-10-04,2025-11-30,Inactive,88,Low,93,Canada,Partial Scholarship
ST4949,Maanav Bhavsar,Male,24,Jaipur,Rajasthan,BSc,IT,9.78,6.5,UK,Cyber Security,1569486,Yes,Referral,Contacted,Rohit Gupta,2024-10-18,2024-10-23,Active,92,Low,100,UK,Merit Scholarship
ST4950,Ranveer Reddy,Female,23,Delhi,Delhi,BSc,Mechanical,6.72,8.1,Canada,Computer Science,2752279,Yes,WhatsApp,Enrolled,Priya Sharma,2024-08-22,2024-11-17,Converted,90,Low,92,Canada,Not Eligible
ST4951,Oni Pandey,Male,25,Mumbai,Maharashtra,BTech,CSE,8.86,7.7,UK,Data Science,3268625,Yes,Referral,Documents,Rahul Singh,2024-09-17,2024-12-27,Dropped,96,Low,100,Canada,Merit Scholarship
ST4952,Lopa Sule,Female,20,Hyderabad,Telangana,BSc,IT,8.33,7.2,Germany,Computer Science,1303797,No,Instagram,Enrolled,Amit Verma,2025-04-16,2025-07-23,Converted,83,Low,90,Germany,Partial Scholarship
ST4953,Wriddhish Tandon,Male,24,Delhi,Delhi,BCom,Marketing,6.51,5.7,Germany,Business Analytics,898419,Yes,Instagram,Offer Letter,Priya Sharma,2025-12-28,2026-03-30,Inactive,63,High,57,Germany,Not Eligible
ST4954,George Raghavan,Female,21,Hyderabad,Telangana,BCom,Marketing,9.13,6.1,USA,Business Analytics,3242144,Yes,Seminar,Enrolled,Rahul Singh,2025-01-19,2025-05-05,Converted,86,Low,96,USA,Merit Scholarship
ST4955,Azaan Narain,Male,19,Jaipur,Rajasthan,BBA,CSE,9.11,6.1,Canada,Data Science,1075537,Yes,Instagram,Visa,Rohit Gupta,2025-05-20,2025-08-21,Converted,84,Low,86,Germany,Merit Scholarship
ST4956,Ayaan Dugal,Male,19,Bangalore,Karnataka,BBA,IT,9.02,8.1,UK,Finance,1609947,Yes,Seminar,Offer Letter,Rahul Singh,2025-07-10,2025-10-08,Active,99,Low,100,Canada,Merit Scholarship
ST4957,Chaman Hayer,Female,21,Indore,Madhya Pradesh,BA,Biotechnology,6.59,7.9,UK,MBA,1938595,Yes,WhatsApp,Offer Letter,Rahul Singh,2025-07-10,2025-09-03,Inactive,87,Medium,79,Canada,Not Eligible
ST4958,Upma Sekhon,Female,27,Indore,Madhya Pradesh,BCom,ECE,8.3,7.8,Canada,Computer Science,2884131,No,Referral,Documents,Sneha Jain,2025-02-22,2025-04-14,Inactive,99,Low,100,Canada,Partial Scholarship
ST4959,Dalaja Hans,Male,22,Hyderabad,Telangana,BBA,Biotechnology,6.94,7.8,UK,Computer Science,3455412,Yes,Seminar,Application,Priya Sharma,2025-10-16,2026-01-30,Active,90,Low,92,Canada,Not Eligible
ST4960,Jagvi Salvi,Female,27,Delhi,Delhi,BTech,CSE,7.81,8.4,UK,Finance,2671902,No,Instagram,Application,Priya Sharma,2024-07-14,2024-08-22,Dropped,91,Low,100,Canada,Partial Scholarship
ST4961,Jai Dara,Female,21,Hyderabad,Telangana,BCom,IT,8.31,6.8,Australia,Business Analytics,2589724,No,Website,Contacted,Rahul Singh,2026-04-25,2026-07-27,Dropped,99,Low,95,Australia,Partial Scholarship
ST4962,Inaya Reddy,Male,19,Hyderabad,Telangana,BTech,ECE,8.02,5.8,Germany,Cyber Security,938770,No,Website,Documents,Sneha Jain,2025-06-30,2025-08-15,Inactive,79,Medium,72,Germany,Partial Scholarship
ST4963,Vidhi Luthra,Male,25,Bhopal,Madhya Pradesh,BTech,CSE,6.19,7.2,Australia,Business Analytics,2056028,No,Referral,Visa,Sneha Jain,2025-03-18,2025-04-13,Converted,93,Low,93,Canada,Not Eligible
ST4964,Wyatt Magar,Female,24,Bangalore,Karnataka,BCom,CSE,8.21,7.3,Canada,Artificial Intelligence,3005144,Yes,Website,Counseling,Amit Verma,2024-11-22,2024-12-05,Inactive,96,Low,100,Canada,Partial Scholarship
ST4965,Eshana Jha,Female,20,Pune,Maharashtra,BBA,CSE,6.77,7.3,Germany,Business Analytics,835804,Yes,Website,New Lead,Rahul Singh,2026-05-07,2026-08-08,Inactive,72,Medium,75,Germany,Not Eligible
ST4966,Aarav Tara,Male,22,Ahmedabad,Gujarat,BSc,ECE,9.66,7.8,Canada,Business Analytics,3079726,Yes,Website,Counseling,Rahul Singh,2025-02-27,2025-04-25,Inactive,99,Low,100,Canada,Merit Scholarship
ST4967,Hitesh Deo,Female,23,Mumbai,Maharashtra,BCom,ECE,6.47,8.0,Canada,Computer Science,1768623,No,Seminar,Enrolled,Priya Sharma,2025-03-07,2025-05-07,Converted,78,Medium,79,Canada,Not Eligible
ST4968,Nirja Dash,Female,23,Mumbai,Maharashtra,BBA,CSE,8.62,6.1,Australia,Business Analytics,2885904,Yes,Website,Counseling,Amit Verma,2025-05-13,2025-06-04,Active,82,Low,91,Australia,Merit Scholarship
ST4969,Nimrat Nazareth,Female,26,Mumbai,Maharashtra,BA,Mechanical,6.22,8.1,Australia,MBA,1831414,No,Seminar,Offer Letter,Rahul Singh,2024-08-02,2024-10-16,Inactive,82,Medium,77,Canada,Not Eligible
ST4970,Abhiram Palan,Male,18,Hyderabad,Telangana,BBA,IT,6.6,6.6,UK,Business Analytics,2210120,No,Referral,New Lead,Rahul Singh,2026-01-20,2026-04-19,Inactive,88,Low,90,UK,Not Eligible
ST4971,Brinda Dugar,Male,18,Bangalore,Karnataka,BTech,Biotechnology,6.59,7.8,Australia,Business Analytics,2760543,No,Instagram,Offer Letter,Rohit Gupta,2024-10-09,2024-12-08,Active,81,Low,88,Canada,Not Eligible
ST4972,Falak Singhal,Female,26,Hyderabad,Telangana,BTech,Mechanical,8.98,6.2,Canada,Finance,2241235,Yes,Seminar,Counseling,Amit Verma,2024-10-27,2025-01-10,Inactive,97,Low,96,Canada,Merit Scholarship
ST4973,Mekhala Ahuja,Male,25,Bangalore,Karnataka,BSc,Mechanical,9.29,7.8,UK,Business Analytics,2630542,Yes,Instagram,Documents,Priya Sharma,2025-02-22,2025-04-16,Inactive,99,Low,100,Canada,Merit Scholarship
ST4974,Anusha Guha,Male,18,Indore,Madhya Pradesh,BTech,Biotechnology,6.6,8.4,Australia,Artificial Intelligence,883903,Yes,Seminar,Counseling,Rohit Gupta,2025-11-11,2026-01-04,Dropped,89,Low,84,Germany,Not Eligible
ST4975,Aahana Sidhu,Female,18,Jaipur,Rajasthan,BTech,CSE,9.11,7.0,Australia,Business Analytics,1689931,Yes,Seminar,Counseling,Rohit Gupta,2025-03-01,2025-04-25,Inactive,99,Low,96,Canada,Merit Scholarship
ST4976,Girish Choudhary,Female,25,Bangalore,Karnataka,BBA,Marketing,6.75,6.0,Canada,Cyber Security,3225491,No,Instagram,Application,Rahul Singh,2026-03-20,2026-06-21,Inactive,66,Medium,72,Canada,Not Eligible
ST4977,Aryan Bhatia,Female,27,Hyderabad,Telangana,BSc,CSE,6.17,5.9,Germany,Finance,1208607,No,Referral,Counseling,Rahul Singh,2024-08-13,2024-10-13,Dropped,66,Medium,70,Germany,Not Eligible
ST4978,Pushti Pau,Female,27,Ahmedabad,Gujarat,BTech,Marketing,7.47,6.8,USA,Computer Science,3302160,No,Instagram,Application,Priya Sharma,2025-03-15,2025-07-13,Active,94,Low,86,USA,Not Eligible
ST4979,Shivansh Pall,Female,18,Delhi,Delhi,BBA,Marketing,6.43,6.8,Germany,Artificial Intelligence,814197,No,Seminar,Documents,Amit Verma,2025-03-11,2025-03-23,Inactive,61,Medium,66,Germany,Not Eligible
ST4980,Mahika Hora,Male,20,Ahmedabad,Gujarat,BSc,CSE,8.78,7.2,Australia,MBA,3250319,Yes,Referral,Visa,Sneha Jain,2025-08-15,2025-12-05,Converted,97,Low,100,Canada,Merit Scholarship
ST4981,Reyansh Contractor,Female,25,Chennai,Tamil Nadu,BSc,Mechanical,8.78,8.0,Australia,Finance,1004410,Yes,Instagram,New Lead,Priya Sharma,2025-06-30,2025-09-16,Inactive,99,Low,100,Germany,Merit Scholarship
ST4982,Sara Nagarajan,Female,27,Mumbai,Maharashtra,BA,Finance,8.06,7.2,UK,Computer Science,1740375,No,Seminar,Offer Letter,Rohit Gupta,2026-02-20,2026-04-10,Inactive,97,Low,87,Canada,Partial Scholarship
ST4983,Banjeet Samra,Male,22,Hyderabad,Telangana,BSc,ECE,7.45,7.0,USA,Business Analytics,2680151,Yes,WhatsApp,Offer Letter,Priya Sharma,2025-05-31,2025-07-05,Inactive,79,Low,89,Canada,Not Eligible
ST4984,Warjas Kothari,Female,19,Ahmedabad,Gujarat,BTech,ECE,7.3,7.3,Australia,Business Analytics,2402248,Yes,Referral,Visa,Rohit Gupta,2026-04-11,2026-08-04,Converted,94,Low,100,Canada,Not Eligible
ST4985,Kavya Gour,Male,18,Pune,Maharashtra,BA,IT,8.29,7.6,Canada,Artificial Intelligence,3183589,Yes,Website,Enrolled,Priya Sharma,2024-11-09,2025-03-05,Converted,99,Low,100,Canada,Partial Scholarship
ST4986,Kalpit Kalita,Male,18,Indore,Madhya Pradesh,BA,ECE,9.64,6.6,UK,Finance,2797313,Yes,Seminar,Contacted,Rahul Singh,2024-08-18,2024-11-14,Dropped,99,Low,100,UK,Merit Scholarship
ST4987,Rushil Thakkar,Male,23,Bangalore,Karnataka,BA,CSE,9.55,7.2,Australia,Data Science,1598365,Yes,WhatsApp,Contacted,Amit Verma,2025-04-06,2025-06-25,Inactive,90,Low,100,Canada,Merit Scholarship
ST4988,Jeevika Trivedi,Male,18,Mumbai,Maharashtra,BTech,Mechanical,7.7,6.1,UK,Finance,2354420,No,Referral,Application,Rohit Gupta,2026-02-18,2026-06-13,Dropped,88,Low,97,UK,Partial Scholarship
ST4989,Neha Saxena,Female,20,Chennai,Tamil Nadu,BSc,ECE,6.45,7.8,Australia,Artificial Intelligence,1493693,No,Referral,Enrolled,Amit Verma,2025-12-06,2026-03-23,Converted,82,Low,92,Germany,Not Eligible
ST4990,Lohit Boase,Male,27,Bangalore,Karnataka,BCom,CSE,9.24,8.1,UK,Finance,1036493,Yes,Seminar,Enrolled,Rohit Gupta,2025-11-11,2026-02-02,Converted,99,Low,100,Germany,Merit Scholarship
ST4991,Ridhi Nagar,Female,20,Hyderabad,Telangana,BSc,Mechanical,7.33,6.3,Canada,Data Science,1874790,Yes,Website,Documents,Amit Verma,2025-09-23,2025-11-23,Dropped,73,Medium,70,Canada,Not Eligible
ST4992,Samesh Varghese,Male,19,Bangalore,Karnataka,BSc,Mechanical,7.41,7.3,USA,Finance,3041324,No,Referral,Application,Rohit Gupta,2025-12-01,2026-02-04,Active,91,Low,100,Canada,Not Eligible
ST4993,Lipika Babu,Female,27,Pune,Maharashtra,BA,Mechanical,6.47,5.5,Canada,Data Science,2204653,No,Instagram,Contacted,Rahul Singh,2026-03-21,2026-06-13,Dropped,62,Medium,64,Canada,Not Eligible
ST4994,Kavya Mani,Female,19,Bhopal,Madhya Pradesh,BCom,Marketing,8.59,5.5,Germany,Business Analytics,910983,Yes,Referral,New Lead,Amit Verma,2025-06-18,2025-08-27,Active,87,Low,90,Germany,Merit Scholarship
ST4995,Pavani Kaur,Female,20,Mumbai,Maharashtra,BSc,IT,8.64,8.2,Canada,Business Analytics,1750637,Yes,Seminar,Documents,Rahul Singh,2026-01-26,2026-03-16,Active,96,Low,100,Canada,Merit Scholarship
ST4996,Gauri Din,Male,27,Bhopal,Madhya Pradesh,BSc,IT,9.05,7.6,UK,Computer Science,3017317,Yes,Referral,Documents,Rohit Gupta,2026-03-15,2026-05-28,Dropped,95,Low,100,Canada,Merit Scholarship
ST4997,Chameli Date,Female,25,Ahmedabad,Gujarat,BCom,Marketing,6.07,7.2,Australia,Artificial Intelligence,2646590,No,Seminar,Offer Letter,Priya Sharma,2026-03-24,2026-07-06,Active,71,Medium,77,Canada,Not Eligible
ST4998,Simon Khosla,Female,18,Pune,Maharashtra,BA,CSE,8.05,8.5,Canada,Business Analytics,3364244,Yes,Instagram,Contacted,Priya Sharma,2025-06-20,2025-08-11,Inactive,99,Low,100,Canada,Partial Scholarship
ST4999,Anirudh Nair,Female,27,Chennai,Tamil Nadu,BA,Mechanical,6.33,8.5,Canada,Computer Science,1613587,Yes,WhatsApp,Documents,Amit Verma,2024-10-05,2025-01-11,Inactive,75,Low,83,Canada,Not Eligible
ST5000,Neha Butala,Male,27,Bangalore,Karnataka,BA,CSE,6.71,5.5,Germany,Finance,1397574,No,WhatsApp,Visa,Rohit Gupta,2024-10-24,2024-10-26,Active,62,High,57,Germany,Not Eligible
ST5001,Michael Raja,Female,22,Bhopal,Madhya Pradesh,BSc,Marketing,8.2,6.7,Germany,Finance,818315,No,WhatsApp,Documents,Rohit Gupta,2025-07-13,2025-09-03,Active,80,Low,83,Germany,Partial Scholarship
ST5002,Radhika Vasa,Female,23,Indore,Madhya Pradesh,BTech,ECE,7.44,6.6,UK,Business Analytics,3378900,No,Instagram,Contacted,Priya Sharma,2025-03-01,2025-03-07,Dropped,83,Low,84,UK,Not Eligible
ST5003,Chaaya Raman,Female,26,Mumbai,Maharashtra,BTech,CSE,8.7,5.5,Australia,Artificial Intelligence,1664555,Yes,Seminar,Documents,Sneha Jain,2025-03-21,2025-03-25,Inactive,86,Medium,76,Australia,Merit Scholarship
ST5004,Xiti Handa,Female,27,Hyderabad,Telangana,BTech,Finance,8.99,6.4,Canada,Cyber Security,2285889,Yes,Seminar,Visa,Rahul Singh,2025-02-25,2025-05-28,Converted,96,Low,98,Canada,Merit Scholarship
ST5005,Dalaja Radhakrishnan,Female,25,Ahmedabad,Gujarat,BSc,Biotechnology,7.36,7.9,Australia,Artificial Intelligence,1797477,Yes,Instagram,Contacted,Rahul Singh,2024-06-28,2024-07-07,Dropped,83,Low,87,Canada,Not Eligible
ST5006,Advaith Gulati,Male,28,Hyderabad,Telangana,BA,Finance,6.64,6.4,UK,Computer Science,2514323,No,Seminar,Visa,Priya Sharma,2025-06-03,2025-09-19,Converted,81,Medium,75,UK,Not Eligible
ST5007,Sai Lalla,Female,26,Delhi,Delhi,BCom,Marketing,8.23,7.0,Germany,Computer Science,1064660,Yes,Referral,Counseling,Amit Verma,2024-07-22,2024-09-22,Active,99,Low,100,Germany,Partial Scholarship
ST5008,Mohammed Mistry,Female,19,Indore,Madhya Pradesh,BTech,IT,6.41,8.3,Australia,Cyber Security,2798849,No,Instagram,Counseling,Priya Sharma,2025-10-21,2025-12-09,Active,91,Low,92,Canada,Not Eligible
ST5009,Brinda Mannan,Female,28,Bangalore,Karnataka,BA,CSE,7.23,6.1,Germany,Business Analytics,1360974,Yes,Instagram,New Lead,Priya Sharma,2024-06-06,2024-07-24,Dropped,75,Medium,67,Germany,Not Eligible
ST5010,Rohan Lalla,Male,19,Hyderabad,Telangana,BSc,Biotechnology,9.7,7.8,UK,Computer Science,1389882,Yes,Instagram,Offer Letter,Priya Sharma,2025-03-23,2025-06-20,Inactive,99,Low,100,Germany,Merit Scholarship
ST5011,Yachana Ravi,Male,24,Bhopal,Madhya Pradesh,BSc,Biotechnology,7.11,6.7,UK,Cyber Security,1891353,No,WhatsApp,Offer Letter,Priya Sharma,2026-05-09,2026-06-24,Active,65,Medium,73,UK,Not Eligible
ST5012,Anusha Rajagopal,Male,21,Delhi,Delhi,BTech,CSE,7.65,6.9,Australia,Data Science,1664360,No,Instagram,Counseling,Priya Sharma,2026-02-15,2026-05-17,Dropped,75,Low,80,Australia,Partial Scholarship
ST5013,Jagat Sandhu,Male,22,Jaipur,Rajasthan,BCom,Finance,6.44,7.3,Canada,MBA,2451351,No,WhatsApp,Visa,Priya Sharma,2025-01-19,2025-03-27,Converted,80,Low,82,Canada,Not Eligible
ST5014,Warhi Chadha,Female,19,Jaipur,Rajasthan,BSc,IT,8.24,6.8,USA,Cyber Security,2799715,Yes,WhatsApp,Offer Letter,Amit Verma,2025-01-11,2025-05-08,Inactive,99,Low,94,USA,Partial Scholarship
ST5015,Hema Sangha,Female,20,Chennai,Tamil Nadu,BSc,IT,9.03,6.1,Australia,MBA,2359471,Yes,Website,Counseling,Sneha Jain,2024-11-23,2024-12-17,Active,99,Low,95,Australia,Merit Scholarship
ST5016,Avi Sami,Male,25,Jaipur,Rajasthan,BBA,Biotechnology,9.62,6.1,Germany,Data Science,956425,Yes,WhatsApp,Counseling,Priya Sharma,2025-03-04,2025-05-10,Dropped,94,Low,91,Germany,Merit Scholarship
ST5017,Onkar Hari,Male,18,Mumbai,Maharashtra,BA,IT,7.87,7.0,UK,Business Analytics,3370534,No,Seminar,Application,Amit Verma,2025-11-06,2026-01-01,Inactive,98,Low,93,Canada,Partial Scholarship
ST5018,Joshua Bhagat,Female,18,Jaipur,Rajasthan,BBA,Biotechnology,6.21,6.5,USA,MBA,3177794,Yes,Seminar,Application,Rahul Singh,2025-02-12,2025-02-14,Dropped,70,Medium,72,USA,Not Eligible
ST5019,Nandini Nayar,Male,23,Bangalore,Karnataka,BCom,Marketing,9.57,6.5,USA,Artificial Intelligence,3495843,Yes,WhatsApp,Visa,Amit Verma,2025-09-02,2025-11-13,Active,99,Low,100,USA,Merit Scholarship
ST5020,Abhimanyu Khanna,Male,22,Chennai,Tamil Nadu,BCom,Mechanical,9.2,6.6,Australia,Artificial Intelligence,3156089,Yes,Instagram,Contacted,Rahul Singh,2026-04-07,2026-06-29,Inactive,99,Low,100,Australia,Merit Scholarship
ST5021,Shaurya Golla,Male,27,Jaipur,Rajasthan,BSc,Mechanical,7.2,8.2,UK,Cyber Security,2899493,No,Referral,Counseling,Rahul Singh,2024-10-23,2024-11-01,Inactive,95,Low,100,Canada,Not Eligible
ST5022,Charan Acharya,Female,22,Chennai,Tamil Nadu,BTech,ECE,7.62,5.8,Australia,Business Analytics,2214736,No,Referral,Visa,Rohit Gupta,2025-12-19,2026-02-26,Converted,99,Low,93,Australia,Partial Scholarship
ST5023,Nisha Bandi,Female,26,Indore,Madhya Pradesh,BSc,IT,9.19,7.5,UK,Business Analytics,2137108,Yes,Instagram,Offer Letter,Sneha Jain,2025-07-20,2025-11-04,Active,99,Low,100,Canada,Merit Scholarship
ST5024,Liam Rastogi,Female,24,Pune,Maharashtra,BBA,Marketing,7.3,6.6,Canada,Artificial Intelligence,1526840,Yes,WhatsApp,New Lead,Amit Verma,2025-11-24,2025-11-26,Dropped,72,Medium,72,Canada,Not Eligible
ST5025,Megha Mukherjee,Female,23,Bhopal,Madhya Pradesh,BSc,Mechanical,9.04,6.1,Canada,Artificial Intelligence,1189449,Yes,WhatsApp,Counseling,Rahul Singh,2025-05-17,2025-05-18,Active,79,Low,85,Germany,Merit Scholarship
ST5026,Vincent Bawa,Male,18,Delhi,Delhi,BBA,Finance,9.28,7.6,UK,Data Science,1755494,Yes,WhatsApp,Enrolled,Rohit Gupta,2025-03-09,2025-05-03,Converted,99,Low,100,Canada,Merit Scholarship
ST5027,Deepa Sant,Male,22,Jaipur,Rajasthan,BTech,ECE,8.78,7.9,Canada,Business Analytics,1991794,Yes,Website,Documents,Priya Sharma,2026-03-11,2026-04-23,Inactive,99,Low,100,Canada,Merit Scholarship
ST5028,Mahika Kashyap,Female,26,Chennai,Tamil Nadu,BA,Biotechnology,8.45,7.9,UK,Business Analytics,1352909,No,Referral,Application,Rahul Singh,2025-11-03,2025-11-30,Dropped,92,Low,100,Germany,Partial Scholarship
ST5029,Karan Gill,Female,25,Chennai,Tamil Nadu,BA,IT,9.02,6.5,Germany,Computer Science,1416000,Yes,Referral,Enrolled,Rahul Singh,2025-11-18,2026-02-26,Converted,97,Low,100,Germany,Merit Scholarship
ST5030,Ijaya Sunder,Male,28,Mumbai,Maharashtra,BCom,Finance,6.63,6.7,Australia,MBA,2775955,No,WhatsApp,Enrolled,Rahul Singh,2024-06-24,2024-07-30,Converted,77,Medium,78,Australia,Not Eligible
ST5031,Daniel Mahal,Male,18,Hyderabad,Telangana,BSc,Finance,7.19,7.2,USA,Cyber Security,3105933,Yes,Instagram,New Lead,Sneha Jain,2025-12-20,2026-03-21,Active,93,Low,88,Canada,Not Eligible
ST5032,Girindra Madan,Female,24,Chennai,Tamil Nadu,BSc,Mechanical,7.53,7.9,UK,MBA,3041630,No,Referral,Enrolled,Sneha Jain,2024-07-25,2024-10-17,Converted,97,Low,100,Canada,Partial Scholarship
ST5033,Lipika Mishra,Male,26,Ahmedabad,Gujarat,BBA,CSE,8.07,6.4,UK,Data Science,2496365,Yes,Seminar,Application,Rohit Gupta,2024-11-02,2024-11-07,Active,96,Low,89,UK,Partial Scholarship
ST5034,Zashil Dash,Female,23,Ahmedabad,Gujarat,BA,Biotechnology,6.17,8.0,UK,Business Analytics,1114240,No,Website,Documents,Priya Sharma,2025-09-27,2025-10-09,Dropped,76,Medium,76,Germany,Not Eligible
ST5035,Chakrika Borra,Female,27,Bangalore,Karnataka,BCom,IT,7.48,6.6,Canada,Artificial Intelligence,2220765,Yes,WhatsApp,Documents,Sneha Jain,2025-12-11,2026-03-13,Active,78,Low,84,Canada,Not Eligible
ST5036,Arin Arora,Female,23,Delhi,Delhi,BA,CSE,9.12,5.8,UK,Cyber Security,2244359,Yes,Instagram,Visa,Sneha Jain,2024-06-26,2024-10-09,Active,89,Low,93,UK,Merit Scholarship
ST5037,Fariq Toor,Female,20,Mumbai,Maharashtra,BTech,Mechanical,6.21,7.0,USA,Business Analytics,2552790,Yes,Referral,New Lead,Amit Verma,2024-08-06,2024-09-27,Inactive,90,Low,92,Canada,Not Eligible
ST5038,Bhavini Borra,Female,23,Ahmedabad,Gujarat,BCom,Biotechnology,6.61,7.6,Canada,Cyber Security,1009929,Yes,Seminar,Counseling,Amit Verma,2024-10-28,2024-12-04,Active,77,Medium,76,Germany,Not Eligible
ST5039,Sai Ganesan,Male,24,Chennai,Tamil Nadu,BCom,Biotechnology,7.54,7.4,Canada,Finance,2029004,Yes,Referral,Offer Letter,Rohit Gupta,2025-10-26,2026-01-13,Inactive,99,Low,100,Canada,Partial Scholarship
ST5040,Bachittar Gupta,Female,19,Chennai,Tamil Nadu,BBA,Marketing,7.23,8.3,Australia,Finance,870387,Yes,WhatsApp,Counseling,Rohit Gupta,2026-01-29,2026-03-19,Inactive,99,Low,90,Germany,Not Eligible
ST5041,Lajita Pillai,Male,28,Hyderabad,Telangana,BCom,ECE,6.48,7.4,Canada,Business Analytics,2366800,Yes,Referral,Visa,Amit Verma,2025-08-01,2025-09-10,Active,99,Low,98,Canada,Not Eligible
ST5042,Gaurika Thakur,Male,23,Bangalore,Karnataka,BTech,Marketing,8.54,7.5,UK,Business Analytics,1512459,Yes,Referral,Documents,Amit Verma,2025-11-25,2026-02-08,Active,96,Low,100,Canada,Merit Scholarship
ST5043,Harita Chakrabarti,Female,22,Pune,Maharashtra,BTech,Finance,8.88,6.5,Germany,Business Analytics,959068,Yes,Referral,New Lead,Rahul Singh,2025-09-28,2026-01-14,Dropped,90,Low,100,Germany,Merit Scholarship
ST5044,Falguni Murthy,Male,18,Chennai,Tamil Nadu,BTech,ECE,7.59,7.4,UK,Computer Science,2375328,No,Website,Offer Letter,Amit Verma,2025-11-13,2025-12-09,Inactive,84,Low,94,Canada,Partial Scholarship
ST5045,Panini Sachdev,Female,19,Chennai,Tamil Nadu,BSc,IT,9.28,8.2,Australia,Business Analytics,1861044,Yes,Website,Documents,Amit Verma,2024-11-11,2024-12-15,Active,99,Low,100,Canada,Merit Scholarship
ST5046,Aishani Khatri,Female,24,Indore,Madhya Pradesh,BA,ECE,6.91,7.7,Canada,Finance,907730,No,Seminar,Counseling,Priya Sharma,2025-05-12,2025-08-10,Dropped,87,Low,81,Germany,Not Eligible
ST5047,Ekta Contractor,Male,26,Indore,Madhya Pradesh,BSc,ECE,9.15,6.0,UK,Artificial Intelligence,2973589,Yes,Website,Enrolled,Sneha Jain,2025-01-08,2025-01-14,Converted,97,Low,96,UK,Merit Scholarship
ST5048,Ati Butala,Male,22,Pune,Maharashtra,BBA,Mechanical,8.19,5.7,USA,Artificial Intelligence,3252490,No,Instagram,Documents,Rahul Singh,2026-01-23,2026-03-04,Active,84,Low,83,USA,Partial Scholarship
ST5049,Divya Zacharia,Male,20,Pune,Maharashtra,BBA,CSE,7.29,8.0,Canada,Cyber Security,3010176,No,Referral,Contacted,Priya Sharma,2026-02-09,2026-03-28,Inactive,92,Low,100,Canada,Not Eligible
ST5050,Parth Anne,Male,19,Bangalore,Karnataka,BSc,Marketing,7.66,5.9,Australia,Business Analytics,3177939,Yes,Seminar,New Lead,Sneha Jain,2024-12-23,2025-04-12,Dropped,78,Low,80,Australia,Partial Scholarship
ST5051,Christopher Baral,Male,19,Delhi,Delhi,BBA,Mechanical,9.46,5.8,Canada,Computer Science,2277567,Yes,Referral,Counseling,Amit Verma,2025-06-28,2025-08-08,Dropped,91,Low,100,Canada,Merit Scholarship
ST5052,Henry Palan,Female,20,Hyderabad,Telangana,BBA,Finance,6.53,7.5,UK,Finance,3033454,No,Seminar,Counseling,Rohit Gupta,2024-08-11,2024-11-27,Inactive,91,Low,85,Canada,Not Eligible
ST5053,Ryan Varkey,Female,22,Hyderabad,Telangana,BCom,Finance,7.74,8.3,Australia,Finance,1831420,Yes,Website,Documents,Sneha Jain,2025-09-05,2025-12-29,Dropped,99,Low,95,Canada,Partial Scholarship
ST5054,Anika Talwar,Female,28,Hyderabad,Telangana,BA,Mechanical,9.49,6.0,USA,MBA,3402580,Yes,Website,Offer Letter,Amit Verma,2025-07-06,2025-07-26,Dropped,93,Low,99,USA,Merit Scholarship
ST5055,Damini Grewal,Male,27,Bangalore,Karnataka,BA,Marketing,8.52,6.8,Australia,Business Analytics,3116112,Yes,Website,Counseling,Rahul Singh,2024-10-30,2024-11-24,Inactive,90,Low,97,Australia,Merit Scholarship
ST5056,Qasim Zacharia,Female,22,Bhopal,Madhya Pradesh,BA,Mechanical,8.27,6.3,UK,Data Science,3239265,No,Seminar,Visa,Sneha Jain,2025-12-28,2026-03-19,Active,79,Low,89,UK,Partial Scholarship
ST5057,Ekbal Mitra,Female,21,Chennai,Tamil Nadu,BSc,Biotechnology,9.72,7.3,Australia,Business Analytics,1511452,Yes,Website,Contacted,Rohit Gupta,2025-10-28,2025-12-13,Dropped,92,Low,100,Canada,Merit Scholarship
ST5058,Nidra Sachar,Male,21,Chennai,Tamil Nadu,BSc,IT,7.09,8.5,Australia,Computer Science,2010191,No,WhatsApp,New Lead,Amit Verma,2025-05-27,2025-06-18,Dropped,91,Low,100,Canada,Not Eligible
ST5059,Nicholas Sandal,Female,27,Indore,Madhya Pradesh,BSc,ECE,6.22,8.4,UK,MBA,3227273,Yes,Seminar,Enrolled,Priya Sharma,2025-06-10,2025-09-14,Converted,93,Low,91,Canada,Not Eligible
ST5060,Balveer Parikh,Female,18,Indore,Madhya Pradesh,BSc,CSE,6.03,8.4,Canada,Business Analytics,2708703,No,Instagram,Offer Letter,Rohit Gupta,2026-04-10,2026-07-02,Dropped,79,Low,89,Canada,Not Eligible
ST5061,Kabir Anne,Female,20,Ahmedabad,Gujarat,BCom,Biotechnology,8.41,7.8,Canada,Data Science,3163547,Yes,Seminar,Offer Letter,Sneha Jain,2024-09-30,2024-12-30,Dropped,94,Low,100,Canada,Partial Scholarship
ST5062,Nachiket Toor,Male,25,Delhi,Delhi,BBA,Mechanical,8.54,5.6,Canada,MBA,2936488,Yes,Referral,Enrolled,Amit Verma,2024-11-28,2025-02-03,Converted,99,Low,100,Canada,Merit Scholarship
ST5063,Arin Sampath,Female,20,Indore,Madhya Pradesh,BCom,Finance,7.49,8.3,UK,Business Analytics,3356244,Yes,Seminar,Documents,Rohit Gupta,2026-02-14,2026-02-28,Inactive,99,Low,100,Canada,Not Eligible
ST5064,Vincent Wali,Male,24,Jaipur,Rajasthan,BTech,IT,7.22,5.7,UK,Cyber Security,3283468,Yes,WhatsApp,Offer Letter,Sneha Jain,2025-12-15,2026-04-13,Dropped,73,Medium,74,UK,Not Eligible
ST5065,Ryan Loke,Male,28,Ahmedabad,Gujarat,BSc,Finance,7.94,7.0,Australia,Cyber Security,1945148,No,Instagram,Offer Letter,Sneha Jain,2025-02-03,2025-03-25,Active,91,Low,84,Canada,Partial Scholarship
ST5066,Yug Oza,Male,28,Pune,Maharashtra,BA,Finance,9.53,5.7,UK,MBA,1978543,Yes,Website,Contacted,Rahul Singh,2024-09-24,2024-11-17,Inactive,91,Low,87,UK,Merit Scholarship
ST5067,Rachita Lanka,Female,23,Pune,Maharashtra,BSc,Finance,8.72,5.6,Australia,Finance,3352449,Yes,Seminar,Application,Amit Verma,2025-12-25,2026-02-12,Active,89,Low,87,Australia,Merit Scholarship
ST5068,Kashish Kapoor,Female,21,Bhopal,Madhya Pradesh,BBA,Finance,6.65,8.4,UK,Data Science,2973801,Yes,Website,Application,Sneha Jain,2025-06-28,2025-08-02,Inactive,99,Low,95,Canada,Not Eligible
ST5069,Chandran Bajwa,Female,19,Indore,Madhya Pradesh,BSc,CSE,8.12,6.1,Canada,Business Analytics,988471,Yes,Seminar,Enrolled,Sneha Jain,2025-03-10,2025-05-26,Converted,74,Medium,76,Germany,Partial Scholarship
ST5070,Nilima Grewal,Male,25,Bhopal,Madhya Pradesh,BCom,CSE,8.83,6.8,Canada,Business Analytics,2073433,Yes,WhatsApp,Contacted,Amit Verma,2025-01-24,2025-05-21,Inactive,99,Low,100,Canada,Merit Scholarship
ST5071,Lajita Kalita,Female,22,Pune,Maharashtra,BBA,CSE,9.12,6.3,Germany,Finance,956205,Yes,WhatsApp,Counseling,Rohit Gupta,2025-05-04,2025-06-14,Inactive,80,Low,88,Germany,Merit Scholarship
ST5072,Upadhriti Rastogi,Male,25,Indore,Madhya Pradesh,BBA,Finance,6.49,6.4,UK,Data Science,2148328,No,Instagram,Application,Sneha Jain,2026-01-23,2026-04-04,Inactive,76,Medium,73,UK,Not Eligible
ST5073,Chandresh Pal,Male,21,Ahmedabad,Gujarat,BBA,Biotechnology,6.89,7.5,Canada,Computer Science,897327,Yes,Website,Contacted,Rahul Singh,2024-08-10,2024-11-23,Active,72,Medium,78,Germany,Not Eligible
ST5074,Jack Brar,Male,28,Ahmedabad,Gujarat,BCom,CSE,7.47,5.8,Canada,MBA,2020401,Yes,Seminar,Offer Letter,Amit Verma,2026-01-26,2026-03-06,Dropped,80,Medium,76,Canada,Not Eligible
ST5075,Caleb Desai,Male,28,Bangalore,Karnataka,BA,Biotechnology,9.18,8.3,Canada,MBA,3342446,Yes,WhatsApp,Counseling,Priya Sharma,2026-04-04,2026-04-08,Dropped,93,Low,100,Canada,Merit Scholarship
ST5076,Viraj Char,Female,25,Delhi,Delhi,BCom,Marketing,9.25,7.0,Australia,Cyber Security,1509072,Yes,WhatsApp,Offer Letter,Sneha Jain,2024-07-05,2024-08-18,Dropped,89,Low,97,Canada,Merit Scholarship
ST5077,Vasatika Soni,Female,21,Bhopal,Madhya Pradesh,BSc,ECE,6.82,5.7,Canada,Cyber Security,2393349,No,WhatsApp,Counseling,Rahul Singh,2024-07-21,2024-08-19,Dropped,63,Medium,70,Canada,Not Eligible
ST5078,Eshana Ravel,Female,18,Chennai,Tamil Nadu,BTech,ECE,6.91,7.8,Australia,Cyber Security,990570,Yes,Website,Counseling,Rahul Singh,2025-02-04,2025-04-22,Active,73,Low,82,Germany,Not Eligible
ST5079,Gopal Chakraborty,Male,18,Jaipur,Rajasthan,BSc,Biotechnology,8.56,8.0,Australia,Data Science,2948180,Yes,Instagram,Visa,Sneha Jain,2024-10-13,2025-01-10,Converted,90,Low,100,Canada,Merit Scholarship
ST5080,Chatura Rajagopalan,Male,18,Ahmedabad,Gujarat,BSc,Finance,7.23,8.0,UK,Business Analytics,2719667,No,Website,Enrolled,Priya Sharma,2026-04-22,2026-05-03,Converted,99,Low,97,Canada,Not Eligible
ST5081,Sudiksha Gulati,Male,22,Pune,Maharashtra,BCom,CSE,9.08,8.3,Canada,Artificial Intelligence,1846501,Yes,Seminar,Counseling,Rohit Gupta,2026-04-15,2026-05-02,Active,91,Low,100,Canada,Merit Scholarship
ST5082,Vincent Maharaj,Male,25,Indore,Madhya Pradesh,BSc,Mechanical,6.37,5.5,UK,Data Science,2154620,Yes,WhatsApp,Application,Priya Sharma,2025-07-01,2025-09-22,Active,59,Medium,63,UK,Not Eligible
ST5083,Yashawini Srinivasan,Female,19,Ahmedabad,Gujarat,BCom,Marketing,7.2,7.7,Canada,Data Science,2610900,Yes,Instagram,Offer Letter,Sneha Jain,2025-05-17,2025-05-20,Dropped,93,Low,94,Canada,Not Eligible
ST5084,Devansh Dewan,Female,22,Delhi,Delhi,BSc,Marketing,9.04,5.8,Australia,Finance,2467578,Yes,Instagram,Documents,Priya Sharma,2026-02-07,2026-05-15,Dropped,89,Low,92,Australia,Merit Scholarship
ST5085,Jasmit Jani,Female,23,Jaipur,Rajasthan,BSc,Biotechnology,6.26,7.5,Australia,Cyber Security,2627240,Yes,Website,Enrolled,Amit Verma,2026-02-20,2026-02-25,Converted,90,Low,82,Canada,Not Eligible
ST5086,Veda Keer,Female,24,Pune,Maharashtra,BBA,Mechanical,7.89,6.8,Canada,Business Analytics,1177450,Yes,Referral,Application,Rahul Singh,2025-07-30,2025-10-30,Active,99,Low,95,Germany,Partial Scholarship
ST5087,Joshua De,Female,20,Pune,Maharashtra,BCom,CSE,8.1,8.3,Canada,Artificial Intelligence,2789214,No,Seminar,New Lead,Rohit Gupta,2025-02-18,2025-02-19,Inactive,97,Low,100,Canada,Partial Scholarship
ST5088,Yashvi Ram,Male,20,Pune,Maharashtra,BCom,ECE,6.15,8.1,UK,Computer Science,2520932,No,Referral,Visa,Amit Verma,2025-09-03,2025-11-08,Active,99,Low,100,Canada,Not Eligible
ST5089,Aachal Dhar,Female,19,Bhopal,Madhya Pradesh,BBA,Finance,7.06,8.3,UK,Computer Science,1660370,No,Instagram,Contacted,Rohit Gupta,2025-04-30,2025-05-03,Inactive,82,Low,88,Canada,Not Eligible
ST5090,Oni Balasubramanian,Male,26,Pune,Maharashtra,BTech,Finance,7.89,6.3,Australia,Computer Science,1660392,No,Instagram,Visa,Rahul Singh,2026-03-31,2026-05-11,Active,76,Medium,75,Australia,Partial Scholarship
ST5091,Dakshesh Cherian,Male,27,Chennai,Tamil Nadu,BA,Mechanical,7.34,8.4,UK,Computer Science,3375598,No,WhatsApp,Application,Priya Sharma,2025-12-21,2026-01-23,Inactive,99,Low,100,Canada,Not Eligible
ST5092,Yashasvi Pillai,Female,24,Chennai,Tamil Nadu,BA,Marketing,7.41,6.0,UK,Computer Science,2262673,No,WhatsApp,New Lead,Amit Verma,2026-02-20,2026-02-23,Inactive,84,Medium,79,UK,Not Eligible
ST5093,Orinder Ram,Male,20,Delhi,Delhi,BBA,IT,9.72,6.1,UK,Computer Science,1833157,Yes,Instagram,Visa,Sneha Jain,2025-10-18,2025-11-16,Converted,99,Low,92,UK,Merit Scholarship
ST5094,Chaitanya Tata,Female,25,Jaipur,Rajasthan,BCom,Marketing,6.22,5.6,Australia,Artificial Intelligence,2958780,Yes,Website,Offer Letter,Amit Verma,2025-04-30,2025-06-14,Active,68,Medium,62,Australia,Not Eligible
ST5095,Noah Nanda,Female,20,Hyderabad,Telangana,BTech,CSE,7.95,7.9,Australia,Finance,2372027,No,Referral,Offer Letter,Rahul Singh,2025-10-05,2025-12-03,Inactive,90,Low,100,Canada,Partial Scholarship
ST5096,Aarini Gera,Female,22,Bhopal,Madhya Pradesh,BCom,Biotechnology,8.07,5.6,Germany,Cyber Security,1435625,No,Instagram,Offer Letter,Priya Sharma,2024-07-26,2024-11-19,Inactive,69,Medium,70,Germany,Partial Scholarship
ST5097,Unni Cherian,Female,25,Ahmedabad,Gujarat,BA,CSE,9.28,5.8,Canada,Cyber Security,2225852,Yes,Referral,Contacted,Rohit Gupta,2025-07-05,2025-07-18,Inactive,91,Low,100,Canada,Merit Scholarship
ST5098,Girindra Mitter,Male,23,Bangalore,Karnataka,BSc,Finance,6.8,6.4,Canada,Data Science,2025848,No,Instagram,Application,Sneha Jain,2025-11-24,2026-01-28,Inactive,73,Medium,76,Canada,Not Eligible
ST5099,Dipta Jain,Female,28,Ahmedabad,Gujarat,BCom,Marketing,9.26,7.0,Canada,Artificial Intelligence,2135219,Yes,Website,Enrolled,Amit Verma,2024-08-28,2024-12-03,Converted,99,Low,100,Canada,Merit Scholarship
ST5100,Udant Kalla,Male,22,Hyderabad,Telangana,BTech,Biotechnology,7.55,7.3,UK,Computer Science,3459349,No,Website,Contacted,Rohit Gupta,2024-06-23,2024-09-19,Dropped,96,Low,93,Canada,Partial Scholarship
ST5101,Jhalak Bora,Male,26,Bangalore,Karnataka,BTech,CSE,8.54,7.0,Germany,Cyber Security,1343238,Yes,Referral,Counseling,Priya Sharma,2025-06-10,2025-07-21,Dropped,91,Low,100,Germany,Merit Scholarship
ST5102,Idika Dugal,Male,23,Hyderabad,Telangana,BSc,Biotechnology,7.02,8.2,UK,Computer Science,2618038,Yes,Website,Application,Priya Sharma,2025-10-28,2025-12-25,Inactive,99,Low,96,Canada,Not Eligible
ST5103,Oni Modi,Male,19,Delhi,Delhi,BTech,Marketing,8.01,6.1,Canada,MBA,1560270,Yes,WhatsApp,Counseling,Priya Sharma,2025-10-22,2025-11-19,Active,65,Medium,75,Canada,Partial Scholarship
ST5104,Ayushman Shanker,Female,19,Jaipur,Rajasthan,BBA,Finance,8.27,5.7,Australia,Data Science,2237951,Yes,Instagram,Visa,Priya Sharma,2025-08-02,2025-11-30,Converted,85,Low,84,Australia,Partial Scholarship
ST5105,Wazir Sibal,Female,21,Mumbai,Maharashtra,BCom,CSE,9.24,6.5,Australia,MBA,1750105,Yes,Referral,Application,Rohit Gupta,2026-05-20,2026-08-11,Inactive,99,Low,100,Australia,Merit Scholarship
ST5106,Jhalak Patil,Male,22,Bhopal,Madhya Pradesh,BTech,Finance,6.84,6.6,Australia,Business Analytics,3358177,No,Seminar,Enrolled,Rohit Gupta,2024-10-22,2024-11-04,Converted,79,Medium,78,Australia,Not Eligible
ST5107,Qabil Sinha,Female,21,Bangalore,Karnataka,BSc,CSE,9.28,7.1,UK,Data Science,3366369,Yes,Referral,Documents,Sneha Jain,2026-03-22,2026-07-10,Active,99,Low,100,Canada,Merit Scholarship
ST5108,Zinal Wason,Female,27,Ahmedabad,Gujarat,BA,CSE,8.44,6.7,Australia,Cyber Security,1987797,No,Seminar,Application,Rahul Singh,2025-09-04,2025-10-15,Inactive,81,Low,86,Australia,Partial Scholarship
ST5109,Nitesh Agate,Male,22,Jaipur,Rajasthan,BA,Mechanical,8.28,6.2,UK,Data Science,2270916,Yes,WhatsApp,New Lead,Priya Sharma,2025-04-13,2025-05-01,Active,87,Low,89,UK,Partial Scholarship
ST5110,Harish Kapadia,Female,23,Chennai,Tamil Nadu,BA,Finance,9.09,8.3,Canada,Cyber Security,3497451,Yes,Seminar,Visa,Amit Verma,2024-09-20,2024-11-24,Converted,91,Low,100,Canada,Merit Scholarship
ST5111,Omisha Lad,Male,26,Delhi,Delhi,BTech,Marketing,6.27,8.5,Australia,Finance,2953847,Yes,Instagram,Offer Letter,Amit Verma,2026-03-09,2026-06-05,Dropped,99,Low,92,Canada,Not Eligible
ST5112,Azaan Bhardwaj,Male,27,Mumbai,Maharashtra,BSc,Mechanical,8.93,5.9,Australia,Artificial Intelligence,2261030,Yes,Website,Documents,Rohit Gupta,2024-11-28,2025-01-14,Inactive,83,Low,93,Australia,Merit Scholarship
ST5113,Anamika Bhakta,Female,27,Jaipur,Rajasthan,BTech,CSE,9.66,7.5,Australia,Data Science,3489540,Yes,WhatsApp,Visa,Amit Verma,2026-02-26,2026-05-29,Converted,99,Low,100,Canada,Merit Scholarship
ST5114,Chakrika Dhar,Male,25,Delhi,Delhi,BBA,Marketing,6.42,6.3,UK,Artificial Intelligence,3035329,No,WhatsApp,Visa,Rahul Singh,2024-07-08,2024-08-29,Active,77,Medium,71,UK,Not Eligible
ST5115,Agastya Issac,Male,19,Delhi,Delhi,BSc,Finance,7.0,8.2,Canada,Computer Science,2883037,No,Instagram,Application,Rohit Gupta,2025-06-03,2025-09-30,Inactive,99,Low,96,Canada,Not Eligible
ST5116,Ekaja Chandran,Female,28,Delhi,Delhi,BBA,Marketing,8.12,7.8,Canada,Business Analytics,3106397,Yes,Website,Offer Letter,Sneha Jain,2025-05-20,2025-09-10,Inactive,99,Low,100,Canada,Partial Scholarship
ST5117,Gauri Hans,Female,24,Hyderabad,Telangana,BTech,Mechanical,6.76,7.8,Canada,Business Analytics,3378174,Yes,Seminar,Application,Sneha Jain,2024-08-06,2024-09-19,Active,94,Low,90,Canada,Not Eligible
ST5118,Ryan Mukherjee,Male,19,Mumbai,Maharashtra,BCom,Marketing,6.05,5.6,Canada,Computer Science,2174655,No,WhatsApp,Offer Letter,Rahul Singh,2025-09-17,2025-12-18,Dropped,59,Medium,60,Canada,Not Eligible
ST5119,Charvi Dora,Male,23,Bhopal,Madhya Pradesh,BSc,IT,9.43,7.2,Germany,Artificial Intelligence,1444854,Yes,Seminar,Visa,Sneha Jain,2025-04-22,2025-05-23,Converted,99,Low,100,Germany,Merit Scholarship
ST5120,Warda Sibal,Male,26,Pune,Maharashtra,BA,ECE,7.66,6.1,Australia,MBA,1666924,Yes,Website,Visa,Rohit Gupta,2025-06-01,2025-06-02,Converted,79,Medium,71,Australia,Partial Scholarship
ST5121,Ayushman Jayaraman,Female,23,Indore,Madhya Pradesh,BSc,CSE,6.62,6.2,Germany,Data Science,1154570,No,Seminar,Contacted,Priya Sharma,2026-05-08,2026-09-04,Dropped,59,Medium,63,Germany,Not Eligible
ST5122,Samar Bala,Male,23,Bhopal,Madhya Pradesh,BCom,Finance,6.26,6.4,USA,MBA,3061101,No,Instagram,Offer Letter,Rohit Gupta,2025-09-17,2025-10-28,Inactive,67,Medium,71,USA,Not Eligible
ST5123,Zinal Oak,Male,23,Bangalore,Karnataka,BSc,Marketing,9.13,7.7,Canada,Artificial Intelligence,1165129,Yes,Website,Counseling,Sneha Jain,2025-09-10,2026-01-02,Dropped,99,Low,100,Germany,Merit Scholarship
ST5124,Anthony Shankar,Male,24,Indore,Madhya Pradesh,BBA,IT,8.85,6.1,Germany,MBA,811087,Yes,Seminar,Counseling,Rohit Gupta,2024-09-24,2024-11-01,Dropped,75,Low,83,Germany,Merit Scholarship
ST5125,Tanmayi Yohannan,Female,27,Mumbai,Maharashtra,BTech,Mechanical,8.29,5.9,Germany,MBA,861457,No,Website,Visa,Rohit Gupta,2025-04-29,2025-05-31,Active,71,Medium,76,Germany,Partial Scholarship
ST5126,Neel Deep,Female,24,Hyderabad,Telangana,BTech,CSE,8.39,6.0,Australia,Business Analytics,2162518,No,WhatsApp,Offer Letter,Rahul Singh,2026-04-26,2026-07-04,Inactive,86,Low,88,Australia,Partial Scholarship
ST5127,Joshua Luthra,Male,21,Chennai,Tamil Nadu,BCom,CSE,8.85,7.1,Australia,Data Science,3341185,Yes,Instagram,Documents,Rahul Singh,2026-02-25,2026-04-25,Inactive,93,Low,100,Canada,Merit Scholarship
ST5128,Chakradev Mahal,Female,28,Pune,Maharashtra,BBA,Biotechnology,8.53,5.8,Germany,Cyber Security,1446287,Yes,Instagram,Application,Rahul Singh,2024-12-13,2024-12-20,Inactive,86,Medium,77,Germany,Merit Scholarship
ST5129,Jagvi Kulkarni,Male,26,Hyderabad,Telangana,BA,Finance,6.36,5.7,USA,Computer Science,3211423,No,Seminar,Contacted,Rahul Singh,2026-04-20,2026-05-06,Dropped,72,Medium,65,USA,Not Eligible
ST5130,Ridhi Mandal,Female,25,Delhi,Delhi,BBA,Finance,7.35,8.0,Australia,Artificial Intelligence,1216303,No,Seminar,Visa,Priya Sharma,2024-11-06,2024-11-23,Active,89,Low,88,Germany,Not Eligible
ST5131,Oliver Walla,Male,19,Ahmedabad,Gujarat,BTech,Marketing,6.97,7.8,Australia,MBA,1777848,No,Instagram,New Lead,Sneha Jain,2025-11-18,2026-01-18,Inactive,82,Low,82,Canada,Not Eligible
ST5132,Tanish Kumer,Male,20,Hyderabad,Telangana,BCom,ECE,7.89,8.1,UK,Business Analytics,1660621,Yes,Seminar,Application,Sneha Jain,2026-04-09,2026-06-15,Dropped,83,Low,93,Canada,Partial Scholarship
ST5133,Jasmit Bawa,Female,18,Chennai,Tamil Nadu,BA,Marketing,7.38,6.3,Canada,Cyber Security,2107726,Yes,Referral,New Lead,Priya Sharma,2024-08-24,2024-10-26,Dropped,95,Low,95,Canada,Not Eligible
ST5134,Umang Varkey,Male,23,Indore,Madhya Pradesh,BTech,Biotechnology,8.39,6.9,Germany,Finance,1409016,Yes,Website,New Lead,Rohit Gupta,2025-10-03,2025-11-21,Active,91,Low,87,Germany,Partial Scholarship
ST5135,Henry Deo,Female,27,Delhi,Delhi,BTech,ECE,8.33,5.7,Australia,MBA,2044969,Yes,Website,Counseling,Sneha Jain,2026-01-27,2026-03-06,Inactive,80,Low,85,Australia,Partial Scholarship
ST5136,Kashish Dua,Female,26,Pune,Maharashtra,BTech,Marketing,6.89,8.1,UK,Computer Science,1880380,No,Referral,Offer Letter,Rahul Singh,2025-09-15,2025-09-22,Inactive,99,Low,98,Canada,Not Eligible
ST5137,Chaitaly Deep,Male,23,Hyderabad,Telangana,BTech,CSE,7.05,6.7,Australia,Data Science,3347381,Yes,Referral,Offer Letter,Priya Sharma,2026-05-22,2026-09-01,Dropped,93,Low,97,Australia,Not Eligible
ST5138,Anmol Krish,Male,20,Indore,Madhya Pradesh,BCom,IT,6.47,7.9,Australia,Artificial Intelligence,1460464,Yes,Instagram,Offer Letter,Amit Verma,2024-12-01,2025-03-03,Dropped,70,Medium,78,Germany,Not Eligible
ST5139,Sanaya Shenoy,Male,19,Chennai,Tamil Nadu,BA,CSE,9.46,8.3,UK,Business Analytics,865084,Yes,Referral,Offer Letter,Priya Sharma,2026-04-19,2026-08-03,Active,97,Low,100,Germany,Merit Scholarship
ST5140,Harini Chowdhury,Male,21,Ahmedabad,Gujarat,BA,CSE,9.73,8.1,UK,Finance,2194547,Yes,Referral,Visa,Sneha Jain,2025-01-18,2025-04-04,Converted,99,Low,100,Canada,Merit Scholarship
ST5141,Priya Parmar,Female,23,Bhopal,Madhya Pradesh,BA,ECE,8.49,5.9,UK,MBA,1567997,Yes,Seminar,Enrolled,Rahul Singh,2025-11-01,2025-12-05,Converted,85,Medium,78,UK,Partial Scholarship
ST5142,Chasmum Pradhan,Male,18,Bangalore,Karnataka,BTech,CSE,7.81,7.4,Canada,Finance,1244588,No,Seminar,Counseling,Priya Sharma,2025-11-04,2025-11-27,Active,82,Low,87,Germany,Partial Scholarship
ST5143,Vrishti Badami,Female,28,Chennai,Tamil Nadu,BCom,Biotechnology,9.59,5.6,Canada,Computer Science,1387548,Yes,WhatsApp,Counseling,Sneha Jain,2024-07-01,2024-07-22,Active,75,Low,85,Germany,Merit Scholarship
ST5144,Nilima Loke,Male,22,Pune,Maharashtra,BA,Biotechnology,8.66,7.7,Australia,MBA,3245469,Yes,Seminar,Application,Amit Verma,2026-04-23,2026-07-18,Dropped,99,Low,100,Canada,Merit Scholarship
ST5145,Frado Sura,Female,26,Delhi,Delhi,BBA,Finance,6.13,5.7,Canada,Data Science,2239736,Yes,Referral,Offer Letter,Rahul Singh,2024-07-28,2024-10-05,Inactive,70,Medium,78,Canada,Not Eligible
ST5146,Abha Dayal,Female,25,Bhopal,Madhya Pradesh,BCom,IT,8.34,8.3,UK,Cyber Security,2734131,No,Referral,Counseling,Rohit Gupta,2025-02-22,2025-04-29,Inactive,90,Low,100,Canada,Partial Scholarship
ST5147,Yahvi Munshi,Male,25,Bangalore,Karnataka,BSc,IT,8.07,7.1,Australia,Artificial Intelligence,2757006,No,Seminar,Visa,Sneha Jain,2024-12-18,2025-03-09,Converted,87,Low,95,Canada,Partial Scholarship
ST5148,Ethan Dasgupta,Male,23,Indore,Madhya Pradesh,BTech,CSE,7.45,6.8,Germany,Finance,976132,No,Seminar,Visa,Rahul Singh,2024-09-30,2025-01-15,Converted,70,Medium,76,Germany,Not Eligible
ST5149,Upasna Sodhi,Female,20,Delhi,Delhi,BBA,CSE,7.95,6.4,Canada,Cyber Security,1902699,Yes,Website,Visa,Sneha Jain,2026-02-26,2026-05-20,Converted,84,Medium,78,Canada,Partial Scholarship
ST5150,Xalak Dugal,Female,24,Pune,Maharashtra,BCom,Biotechnology,7.51,6.3,USA,Computer Science,3139292,No,Seminar,Counseling,Amit Verma,2025-07-20,2025-10-30,Inactive,85,Low,82,USA,Partial Scholarship
ST5151,Hema Tak,Female,24,Chennai,Tamil Nadu,BCom,Mechanical,8.45,6.4,UK,Computer Science,1932489,No,Website,Counseling,Sneha Jain,2025-11-18,2026-01-22,Dropped,78,Low,83,UK,Partial Scholarship
ST5152,Ekapad Kale,Male,19,Bhopal,Madhya Pradesh,BCom,Marketing,9.57,8.3,Australia,Artificial Intelligence,3149779,Yes,WhatsApp,New Lead,Sneha Jain,2026-02-06,2026-03-06,Dropped,93,Low,100,Canada,Merit Scholarship
ST5153,Krish Chand,Male,28,Ahmedabad,Gujarat,BA,IT,8.15,7.8,Canada,Finance,3253955,No,Seminar,Offer Letter,Rohit Gupta,2024-12-15,2024-12-31,Inactive,99,Low,100,Canada,Partial Scholarship
ST5154,Charvi Bora,Male,21,Bhopal,Madhya Pradesh,BSc,Marketing,8.81,8.3,Australia,Computer Science,1679177,Yes,WhatsApp,Counseling,Rahul Singh,2025-11-30,2026-01-07,Dropped,99,Low,100,Canada,Merit Scholarship
ST5155,Urvashi Chana,Male,23,Indore,Madhya Pradesh,BSc,ECE,8.72,8.5,UK,Business Analytics,2071200,Yes,Referral,Offer Letter,Rahul Singh,2025-12-08,2026-01-23,Inactive,99,Low,100,Canada,Merit Scholarship
ST5156,Urvashi Choudhury,Male,21,Jaipur,Rajasthan,BA,Marketing,9.66,7.5,Australia,Computer Science,2310451,Yes,Website,New Lead,Rohit Gupta,2024-08-20,2024-12-16,Active,93,Low,100,Canada,Merit Scholarship
ST5157,Damini Iyer,Male,26,Bhopal,Madhya Pradesh,BSc,Finance,8.39,6.2,Australia,Cyber Security,2587288,No,WhatsApp,Visa,Amit Verma,2025-07-03,2025-07-04,Converted,81,Low,90,Australia,Partial Scholarship
ST5158,Vrinda Master,Male,19,Bangalore,Karnataka,BSc,CSE,8.94,6.6,Germany,Artificial Intelligence,1236500,Yes,Website,Offer Letter,Sneha Jain,2024-09-19,2024-12-24,Inactive,87,Low,89,Germany,Merit Scholarship
ST5159,Sara Rajan,Female,23,Ahmedabad,Gujarat,BA,Finance,9.53,7.2,UK,Cyber Security,3243180,Yes,Website,Counseling,Priya Sharma,2024-10-01,2025-01-17,Inactive,92,Low,100,Canada,Merit Scholarship
ST5160,Divya Sridhar,Male,27,Mumbai,Maharashtra,BA,IT,9.44,7.3,UK,Business Analytics,2347838,Yes,Instagram,Enrolled,Amit Verma,2024-07-04,2024-08-05,Converted,99,Low,100,Canada,Merit Scholarship
ST5161,Mohini Shetty,Male,23,Ahmedabad,Gujarat,BSc,Marketing,7.03,6.4,Germany,Finance,1045788,Yes,Instagram,Counseling,Rahul Singh,2026-05-20,2026-07-31,Active,61,Medium,69,Germany,Not Eligible
ST5162,Chandresh Prabhakar,Male,19,Ahmedabad,Gujarat,BTech,ECE,6.2,6.5,UK,Finance,3379615,No,Referral,Documents,Amit Verma,2025-08-25,2025-11-24,Active,77,Low,87,UK,Not Eligible
ST5163,Falguni Dubey,Male,21,Pune,Maharashtra,BBA,Mechanical,8.88,6.3,Germany,Business Analytics,1002025,Yes,WhatsApp,New Lead,Rohit Gupta,2026-01-19,2026-05-12,Active,95,Low,85,Germany,Merit Scholarship
ST5164,Aradhana Bobal,Female,20,Ahmedabad,Gujarat,BA,IT,8.44,6.4,Canada,Business Analytics,1931238,Yes,WhatsApp,Application,Sneha Jain,2025-09-03,2025-12-13,Active,75,Low,83,Canada,Partial Scholarship
ST5165,Krishna Tailor,Male,24,Pune,Maharashtra,BCom,IT,6.09,6.4,Australia,Data Science,3067509,No,Instagram,Contacted,Priya Sharma,2025-06-24,2025-10-11,Active,64,Medium,69,Australia,Not Eligible
ST5166,Aarnav Saha,Male,24,Bangalore,Karnataka,BA,CSE,7.52,7.1,Australia,Data Science,3113290,No,Seminar,Contacted,Priya Sharma,2025-07-15,2025-10-23,Active,80,Low,90,Canada,Partial Scholarship
ST5167,Maanas Nanda,Male,23,Pune,Maharashtra,BSc,Marketing,9.51,6.2,Australia,Artificial Intelligence,1724947,Yes,Website,Counseling,Rahul Singh,2026-03-27,2026-05-16,Active,84,Low,92,Australia,Merit Scholarship
ST5168,Chatresh Shan,Female,18,Pune,Maharashtra,BCom,Biotechnology,7.4,6.8,Canada,Finance,1929851,No,WhatsApp,Contacted,Rohit Gupta,2025-09-04,2025-10-29,Dropped,70,Medium,76,Canada,Not Eligible
ST5169,George Rastogi,Male,27,Chennai,Tamil Nadu,BSc,Marketing,7.8,6.0,Australia,Data Science,1520696,Yes,Seminar,Offer Letter,Amit Verma,2024-12-20,2024-12-28,Active,70,Medium,73,Australia,Partial Scholarship
ST5170,Jack Wali,Male,22,Hyderabad,Telangana,BBA,Marketing,8.46,8.3,UK,MBA,2778322,Yes,Website,Contacted,Sneha Jain,2026-01-14,2026-03-22,Inactive,99,Low,100,Canada,Partial Scholarship
ST5171,Tanay Balasubramanian,Male,22,Jaipur,Rajasthan,BBA,Biotechnology,7.67,7.7,UK,Finance,2083542,Yes,WhatsApp,Enrolled,Sneha Jain,2025-08-07,2025-10-03,Converted,99,Low,98,Canada,Partial Scholarship
ST5172,Rachita Nayak,Male,19,Chennai,Tamil Nadu,BSc,Marketing,9.24,7.0,Germany,Data Science,1468092,Yes,Seminar,New Lead,Sneha Jain,2026-02-21,2026-03-25,Dropped,87,Low,97,Germany,Merit Scholarship
ST5173,Ojasvi Loke,Male,27,Chennai,Tamil Nadu,BA,Biotechnology,6.27,5.8,Canada,Cyber Security,958129,Yes,Referral,Counseling,Rahul Singh,2025-05-15,2025-06-05,Dropped,65,Medium,69,Germany,Not Eligible
ST5174,Jagrati Dutt,Male,25,Ahmedabad,Gujarat,BSc,Finance,7.67,6.8,Germany,Data Science,1456847,No,WhatsApp,Enrolled,Rahul Singh,2024-06-22,2024-10-15,Converted,77,Medium,78,Germany,Partial Scholarship
ST5175,Nathaniel Ramanathan,Female,22,Jaipur,Rajasthan,BBA,IT,9.42,6.3,Germany,Finance,909163,Yes,Seminar,Offer Letter,Amit Verma,2026-05-18,2026-07-09,Inactive,92,Low,91,Germany,Merit Scholarship
ST5176,Ladli Sachdev,Male,20,Pune,Maharashtra,BCom,ECE,9.29,8.2,UK,Cyber Security,2894657,Yes,Referral,Documents,Priya Sharma,2024-09-12,2024-11-27,Active,99,Low,100,Canada,Merit Scholarship
ST5177,Amol Mannan,Female,20,Chennai,Tamil Nadu,BTech,Mechanical,8.37,6.9,UK,Data Science,1585061,No,Website,Counseling,Rohit Gupta,2025-01-31,2025-04-23,Dropped,84,Low,87,UK,Partial Scholarship
ST5178,Thomas Merchant,Female,28,Jaipur,Rajasthan,BCom,Finance,6.09,5.9,Canada,Artificial Intelligence,2032457,Yes,Seminar,Offer Letter,Sneha Jain,2025-01-31,2025-02-19,Inactive,60,Medium,64,Canada,Not Eligible
ST5179,Xiti Bhalla,Male,26,Jaipur,Rajasthan,BCom,ECE,7.43,7.8,Canada,Finance,1577164,Yes,WhatsApp,Documents,Amit Verma,2026-05-02,2026-07-28,Dropped,94,Low,87,Canada,Not Eligible
ST5180,Azad Sidhu,Female,28,Bangalore,Karnataka,BTech,Finance,7.9,5.6,Australia,Computer Science,2930228,Yes,WhatsApp,New Lead,Priya Sharma,2024-08-03,2024-11-28,Dropped,70,Medium,79,Australia,Partial Scholarship
ST5181,Udant Varty,Female,24,Delhi,Delhi,BSc,IT,6.55,5.6,UK,Data Science,3129947,Yes,Referral,Offer Letter,Rahul Singh,2025-11-30,2026-01-28,Active,77,Low,80,UK,Not Eligible
ST5182,Rehaan Cherian,Male,23,Delhi,Delhi,BCom,CSE,6.3,7.2,UK,MBA,3465077,Yes,Seminar,Counseling,Rahul Singh,2026-05-30,2026-07-23,Active,83,Medium,79,Canada,Not Eligible
ST5183,Timothy Goswami,Female,24,Jaipur,Rajasthan,BCom,Mechanical,7.05,7.3,Australia,Business Analytics,3102637,No,WhatsApp,Documents,Amit Verma,2025-09-14,2025-12-10,Active,81,Low,88,Canada,Not Eligible
ST5184,Mason Devan,Female,25,Ahmedabad,Gujarat,BTech,Biotechnology,7.54,7.9,Canada,MBA,2213400,Yes,WhatsApp,Documents,Amit Verma,2025-12-31,2026-03-02,Inactive,97,Low,99,Canada,Partial Scholarship
ST5185,Mitesh Loyal,Male,27,Ahmedabad,Gujarat,BTech,Finance,7.03,7.9,Canada,Finance,1262791,Yes,Website,Offer Letter,Rahul Singh,2024-07-10,2024-07-28,Inactive,89,Low,84,Germany,Not Eligible
ST5186,Wriddhish Cheema,Male,25,Jaipur,Rajasthan,BSc,Marketing,7.44,6.1,Australia,Data Science,1961060,Yes,WhatsApp,Enrolled,Priya Sharma,2024-12-19,2025-02-01,Converted,78,Medium,69,Australia,Not Eligible
ST5187,Oliver Thaker,Male,22,Bhopal,Madhya Pradesh,BCom,ECE,8.33,8.2,UK,Computer Science,2629851,No,WhatsApp,Enrolled,Rohit Gupta,2026-04-20,2026-07-17,Converted,99,Low,100,Canada,Partial Scholarship
ST5188,Naveen Sodhi,Female,18,Delhi,Delhi,BSc,Marketing,6.45,8.4,Canada,Computer Science,2327572,No,Website,New Lead,Rahul Singh,2025-12-21,2026-04-15,Dropped,98,Low,93,Canada,Not Eligible
ST5189,Liam Bail,Male,25,Hyderabad,Telangana,BCom,CSE,9.59,7.4,UK,Business Analytics,2656680,Yes,Instagram,Documents,Rohit Gupta,2025-01-12,2025-04-10,Dropped,99,Low,100,Canada,Merit Scholarship
ST5190,Tara Kashyap,Female,27,Bhopal,Madhya Pradesh,BTech,Biotechnology,9.28,6.2,UK,Cyber Security,1567048,Yes,Referral,Visa,Sneha Jain,2024-07-07,2024-08-26,Converted,96,Low,100,UK,Merit Scholarship
ST5191,Reyansh Gaba,Female,22,Bangalore,Karnataka,BTech,IT,6.44,6.5,Australia,Finance,2745934,No,Referral,Documents,Rohit Gupta,2024-07-10,2024-10-18,Active,98,Low,89,Australia,Not Eligible
ST5192,Aadhya Loyal,Male,27,Ahmedabad,Gujarat,BA,CSE,8.21,7.1,UK,Artificial Intelligence,2776877,Yes,Seminar,Visa,Rohit Gupta,2024-09-19,2025-01-05,Active,99,Low,97,Canada,Partial Scholarship
ST5193,Chaman Borah,Female,18,Jaipur,Rajasthan,BA,Finance,6.23,6.3,UK,Computer Science,3373116,Yes,Seminar,Offer Letter,Rohit Gupta,2025-03-16,2025-05-15,Dropped,71,Medium,69,UK,Not Eligible
ST5194,Onkar Subramaniam,Female,18,Pune,Maharashtra,BCom,Biotechnology,6.9,7.3,Canada,Artificial Intelligence,2718734,No,Instagram,Contacted,Priya Sharma,2025-10-20,2026-02-13,Active,77,Low,87,Canada,Not Eligible
ST5195,Yochana Kanda,Male,18,Ahmedabad,Gujarat,BSc,IT,9.31,5.7,USA,Data Science,2861233,Yes,Referral,Counseling,Sneha Jain,2026-02-03,2026-03-16,Inactive,97,Low,100,USA,Merit Scholarship
ST5196,Charvi Keer,Female,25,Pune,Maharashtra,BA,Marketing,7.43,6.1,Canada,Business Analytics,3113584,No,Website,Offer Letter,Priya Sharma,2024-11-30,2025-01-18,Inactive,80,Medium,79,Canada,Not Eligible
ST5197,Ikbal Dash,Female,21,Delhi,Delhi,BBA,Marketing,6.96,6.4,Canada,Cyber Security,2392481,Yes,Referral,Offer Letter,Amit Verma,2025-05-04,2025-07-09,Active,99,Low,93,Canada,Not Eligible
ST5198,Chanchal Ratta,Male,24,Delhi,Delhi,BBA,Biotechnology,8.34,5.7,USA,Finance,3466936,Yes,Referral,Counseling,Amit Verma,2026-05-31,2026-07-07,Active,94,Low,100,USA,Partial Scholarship
ST5199,Widisha Sachar,Male,18,Delhi,Delhi,BSc,ECE,9.71,7.5,UK,Cyber Security,2116184,Yes,WhatsApp,Offer Letter,Rahul Singh,2026-04-29,2026-07-19,Dropped,99,Low,100,Canada,Merit Scholarship
ST5200,Zilmil Divan,Female,25,Pune,Maharashtra,BTech,IT,7.05,7.7,Canada,Artificial Intelligence,2006114,No,Referral,Enrolled,Sneha Jain,2026-02-09,2026-06-09,Converted,99,Low,100,Canada,Not Eligible
ST5201,Nirja Doshi,Male,26,Pune,Maharashtra,BCom,Marketing,6.08,5.5,UK,Artificial Intelligence,1711665,No,Referral,New Lead,Sneha Jain,2025-10-24,2025-11-19,Dropped,69,Medium,65,UK,Not Eligible
ST5202,Isaiah Chauhan,Female,20,Chennai,Tamil Nadu,BCom,IT,6.4,5.7,Australia,Computer Science,2230666,No,Website,Application,Amit Verma,2024-07-13,2024-09-16,Active,56,Medium,66,Australia,Not Eligible
ST5203,Zinal Raju,Male,19,Jaipur,Rajasthan,BTech,IT,6.84,5.9,Germany,MBA,1431408,No,WhatsApp,Enrolled,Priya Sharma,2024-09-02,2024-11-26,Converted,65,Medium,62,Germany,Not Eligible
ST5204,Bhanumati Koshy,Male,24,Bhopal,Madhya Pradesh,BCom,IT,6.01,6.6,Canada,Computer Science,3016082,No,WhatsApp,Documents,Amit Verma,2024-06-19,2024-09-11,Inactive,61,Medium,70,Canada,Not Eligible
ST5205,Anay Pillay,Male,22,Hyderabad,Telangana,BA,ECE,9.74,7.4,Australia,Business Analytics,1742955,Yes,Seminar,Application,Amit Verma,2025-08-12,2025-08-26,Inactive,96,Low,100,Canada,Merit Scholarship
ST5206,Anvi Pandey,Male,24,Hyderabad,Telangana,BA,Biotechnology,8.16,8.3,Australia,Cyber Security,1130277,Yes,WhatsApp,Contacted,Rahul Singh,2025-12-25,2026-04-18,Active,99,Low,99,Germany,Partial Scholarship
ST5207,Vidhi Banik,Male,19,Indore,Madhya Pradesh,BA,Biotechnology,8.25,8.3,Australia,MBA,3012698,Yes,Website,Documents,Sneha Jain,2025-03-06,2025-04-25,Active,98,Low,100,Canada,Partial Scholarship
ST5208,Geetika Misra,Female,20,Pune,Maharashtra,BA,Marketing,8.04,6.1,Canada,Artificial Intelligence,1207553,No,Website,New Lead,Amit Verma,2025-09-07,2025-12-09,Dropped,67,Medium,75,Germany,Partial Scholarship
ST5209,Bhavya Kaul,Male,28,Mumbai,Maharashtra,BTech,Marketing,7.77,6.0,USA,Business Analytics,3259848,Yes,Referral,Offer Letter,Sneha Jain,2025-06-13,2025-09-15,Inactive,99,Low,97,USA,Partial Scholarship
ST5210,Abhimanyu Bhakta,Female,22,Hyderabad,Telangana,BSc,CSE,6.05,5.7,Canada,Finance,2990676,No,Website,Documents,Amit Verma,2025-05-12,2025-07-20,Active,63,Medium,62,Canada,Not Eligible
ST5211,George Vig,Male,22,Chennai,Tamil Nadu,BA,IT,6.75,8.0,Australia,MBA,1361932,No,Instagram,Offer Letter,Amit Verma,2025-07-13,2025-09-06,Active,85,Low,82,Germany,Not Eligible
ST5212,Anirudh Uppal,Male,24,Chennai,Tamil Nadu,BBA,ECE,8.69,7.6,Australia,Computer Science,3336453,Yes,Referral,New Lead,Rahul Singh,2026-01-26,2026-03-17,Dropped,99,Low,100,Canada,Merit Scholarship
ST5213,Kamala Kashyap,Male,22,Bhopal,Madhya Pradesh,BA,Biotechnology,9.15,8.1,Canada,Data Science,3169236,Yes,WhatsApp,Visa,Amit Verma,2025-11-19,2026-02-22,Converted,90,Low,100,Canada,Merit Scholarship
ST5214,Quincy Bhasin,Male,26,Hyderabad,Telangana,BA,IT,8.45,7.3,Germany,Finance,1488558,Yes,WhatsApp,Documents,Priya Sharma,2025-10-14,2025-10-26,Dropped,99,Low,92,Germany,Partial Scholarship
ST5215,Oni Edwin,Female,25,Hyderabad,Telangana,BTech,Finance,9.78,7.5,Canada,Artificial Intelligence,2875762,Yes,Website,Counseling,Amit Verma,2025-01-23,2025-05-16,Inactive,99,Low,100,Canada,Merit Scholarship
ST5216,Meera Konda,Male,18,Jaipur,Rajasthan,BSc,Finance,8.87,6.8,USA,Cyber Security,2990146,Yes,Instagram,Visa,Priya Sharma,2026-01-28,2026-04-01,Active,92,Low,100,USA,Merit Scholarship
ST5217,Hitesh Walla,Male,23,Jaipur,Rajasthan,BTech,ECE,8.99,8.4,UK,Finance,2430909,Yes,WhatsApp,Contacted,Amit Verma,2025-05-16,2025-06-29,Active,96,Low,100,Canada,Merit Scholarship
ST5218,Samarth Talwar,Male,25,Bangalore,Karnataka,BTech,Marketing,9.04,6.4,USA,Computer Science,2601039,Yes,Instagram,Offer Letter,Priya Sharma,2026-02-06,2026-02-11,Active,93,Low,99,USA,Merit Scholarship
ST5219,Lekha Banik,Male,22,Chennai,Tamil Nadu,BCom,Biotechnology,9.09,7.7,Canada,Computer Science,2922645,Yes,Website,Documents,Priya Sharma,2025-08-04,2025-08-22,Inactive,99,Low,100,Canada,Merit Scholarship
ST5220,Agastya Chander,Male,19,Bangalore,Karnataka,BCom,ECE,8.49,6.5,UK,Business Analytics,2706212,No,Website,Documents,Priya Sharma,2024-12-17,2025-01-29,Inactive,98,Low,94,UK,Partial Scholarship
ST5221,Zansi Nagi,Female,23,Mumbai,Maharashtra,BCom,ECE,8.23,7.7,Australia,Cyber Security,1357410,Yes,Instagram,Documents,Priya Sharma,2025-06-28,2025-07-07,Active,91,Low,94,Germany,Partial Scholarship
ST5222,Noah Pillay,Male,25,Bhopal,Madhya Pradesh,BA,IT,7.78,7.3,Canada,Computer Science,1510470,Yes,Website,Enrolled,Rahul Singh,2026-01-25,2026-05-23,Converted,81,Low,85,Canada,Partial Scholarship
ST5223,Mohammed Bava,Female,18,Pune,Maharashtra,BCom,Mechanical,6.18,7.6,Canada,Business Analytics,3166564,Yes,Referral,Documents,Sneha Jain,2024-07-05,2024-09-21,Inactive,99,Low,96,Canada,Not Eligible
ST5224,Indira Raja,Male,28,Ahmedabad,Gujarat,BBA,Finance,7.29,6.9,UK,MBA,2150110,No,Seminar,Application,Sneha Jain,2026-04-11,2026-07-30,Dropped,95,Low,86,UK,Not Eligible
ST5225,Fariq Vyas,Female,26,Jaipur,Rajasthan,BBA,Finance,6.87,7.3,UK,Artificial Intelligence,1987749,No,Seminar,New Lead,Amit Verma,2025-06-04,2025-08-14,Active,67,Medium,76,Canada,Not Eligible
ST5226,Eshana Bali,Male,21,Bhopal,Madhya Pradesh,BCom,ECE,8.39,6.9,UK,Business Analytics,3069830,Yes,WhatsApp,Application,Rohit Gupta,2024-11-13,2025-01-31,Active,98,Low,97,UK,Partial Scholarship
ST5227,Zashil Keer,Female,25,Delhi,Delhi,BSc,IT,9.2,8.5,Canada,Artificial Intelligence,3113268,Yes,Website,Enrolled,Sneha Jain,2024-12-21,2025-04-03,Converted,94,Low,100,Canada,Merit Scholarship
ST5228,Viraj Banik,Male,24,Bangalore,Karnataka,BA,Finance,8.35,5.9,Canada,Finance,2981682,No,Instagram,Offer Letter,Rahul Singh,2026-01-30,2026-03-20,Inactive,91,Low,87,Canada,Partial Scholarship
ST5229,Hemangini Sami,Male,26,Delhi,Delhi,BBA,CSE,9.18,7.2,Australia,Data Science,3080565,Yes,Referral,New Lead,Rahul Singh,2025-06-08,2025-06-28,Dropped,99,Low,100,Canada,Merit Scholarship
ST5230,Meera Atwal,Female,28,Hyderabad,Telangana,BCom,IT,8.97,6.3,Canada,Business Analytics,1356394,Yes,Seminar,Documents,Sneha Jain,2026-01-26,2026-05-08,Dropped,94,Low,86,Germany,Merit Scholarship
ST5231,Owen Virk,Male,20,Ahmedabad,Gujarat,BSc,Mechanical,7.49,6.9,Germany,Artificial Intelligence,984567,No,Website,Counseling,Sneha Jain,2025-06-30,2025-07-25,Active,76,Medium,78,Germany,Not Eligible
ST5232,Advika Contractor,Female,24,Indore,Madhya Pradesh,BTech,Mechanical,9.59,6.6,Australia,Business Analytics,1803894,Yes,Website,Documents,Amit Verma,2024-07-12,2024-10-15,Active,98,Low,95,Australia,Merit Scholarship
ST5233,Rajeshri Sheth,Female,24,Hyderabad,Telangana,BSc,Marketing,7.3,7.9,Canada,Finance,3302442,No,Instagram,Offer Letter,Priya Sharma,2025-03-10,2025-06-21,Inactive,96,Low,96,Canada,Not Eligible
ST5234,Siya Srinivasan,Female,27,Indore,Madhya Pradesh,BCom,Finance,9.08,8.3,Canada,Data Science,1104672,Yes,WhatsApp,Enrolled,Priya Sharma,2025-05-11,2025-07-24,Converted,99,Low,100,Germany,Merit Scholarship
ST5235,Charita Sahni,Male,19,Jaipur,Rajasthan,BA,Biotechnology,7.05,7.7,Canada,Computer Science,1847169,Yes,Seminar,Visa,Rohit Gupta,2025-05-29,2025-06-25,Converted,90,Low,82,Canada,Not Eligible
ST5236,Anusha Sani,Male,23,Ahmedabad,Gujarat,BSc,Mechanical,8.78,6.4,UK,Cyber Security,3335920,Yes,Instagram,Visa,Rahul Singh,2025-01-09,2025-01-29,Active,99,Low,96,UK,Merit Scholarship
ST5237,Udant Bajaj,Male,22,Hyderabad,Telangana,BCom,Marketing,7.62,7.4,Germany,Data Science,1483135,No,WhatsApp,Enrolled,Rohit Gupta,2025-04-11,2025-07-22,Converted,77,Low,85,Germany,Partial Scholarship
ST5238,Ojasvi Kapadia,Male,19,Mumbai,Maharashtra,BSc,Biotechnology,6.08,6.6,Australia,Artificial Intelligence,1805980,No,WhatsApp,Visa,Sneha Jain,2024-06-03,2024-08-04,Active,69,Medium,60,Australia,Not Eligible
ST5239,Ekaja Nagarajan,Female,28,Bangalore,Karnataka,BA,Marketing,8.51,8.2,UK,Business Analytics,2510254,Yes,Referral,New Lead,Priya Sharma,2026-01-16,2026-05-06,Dropped,99,Low,100,Canada,Merit Scholarship
ST5240,Ranbir Gopal,Male,24,Chennai,Tamil Nadu,BCom,Biotechnology,9.56,7.0,Germany,Cyber Security,1048977,Yes,Instagram,Counseling,Rohit Gupta,2025-09-20,2026-01-15,Active,98,Low,100,Germany,Merit Scholarship
ST5241,Chameli Murthy,Male,18,Bhopal,Madhya Pradesh,BA,Biotechnology,9.24,7.4,Canada,Data Science,1682097,Yes,Seminar,Counseling,Rahul Singh,2024-07-10,2024-10-15,Dropped,92,Low,100,Canada,Merit Scholarship
ST5242,Balveer Malhotra,Female,21,Bangalore,Karnataka,BA,ECE,7.14,8.0,Canada,Business Analytics,2324497,No,WhatsApp,Offer Letter,Priya Sharma,2026-02-13,2026-04-20,Dropped,99,Low,96,Canada,Not Eligible
ST5243,Baghyawati Rege,Female,20,Delhi,Delhi,BA,Biotechnology,7.53,7.6,UK,Artificial Intelligence,2379448,No,Instagram,Enrolled,Priya Sharma,2024-06-30,2024-07-19,Converted,93,Low,95,Canada,Partial Scholarship
ST5244,Jairaj Modi,Female,25,Pune,Maharashtra,BSc,CSE,7.41,7.4,Australia,MBA,2809713,Yes,Seminar,Application,Priya Sharma,2024-12-07,2025-02-20,Active,88,Low,93,Canada,Not Eligible
ST5245,Vamakshi Kalita,Female,26,Chennai,Tamil Nadu,BA,ECE,9.07,5.9,UK,Artificial Intelligence,2128669,Yes,Website,Offer Letter,Rahul Singh,2025-02-22,2025-04-01,Inactive,84,Low,94,UK,Merit Scholarship
ST5246,Girik Purohit,Female,26,Bhopal,Madhya Pradesh,BCom,Biotechnology,8.36,8.2,Australia,Data Science,2952391,No,Seminar,Contacted,Rohit Gupta,2024-10-14,2024-12-23,Dropped,99,Low,100,Canada,Partial Scholarship
ST5247,Viraj Sunder,Male,24,Ahmedabad,Gujarat,BBA,IT,7.51,5.6,UK,Computer Science,2726951,Yes,WhatsApp,Offer Letter,Sneha Jain,2025-02-08,2025-04-08,Inactive,77,Medium,75,UK,Partial Scholarship
ST5248,Harini Koshy,Male,20,Pune,Maharashtra,BA,CSE,6.85,6.7,Australia,MBA,2493420,No,Instagram,Visa,Priya Sharma,2025-10-07,2026-01-06,Converted,76,Low,80,Australia,Not Eligible
ST5249,Victor Sanghvi,Male,22,Jaipur,Rajasthan,BBA,CSE,6.64,8.1,Australia,Business Analytics,3330017,Yes,Website,Application,Priya Sharma,2026-05-01,2026-05-19,Dropped,93,Low,91,Canada,Not Eligible
ST5250,Baljiwan Deo,Male,18,Bangalore,Karnataka,BA,CSE,7.16,5.8,Australia,Computer Science,2285054,Yes,WhatsApp,Contacted,Rohit Gupta,2026-05-26,2026-07-17,Active,64,Medium,73,Australia,Not Eligible
ST5251,Samarth Thaker,Female,20,Chennai,Tamil Nadu,BSc,ECE,7.25,8.4,UK,MBA,3461152,No,Referral,Offer Letter,Sneha Jain,2025-07-30,2025-08-13,Dropped,99,Low,100,Canada,Not Eligible
ST5252,Maanav Wagle,Female,25,Hyderabad,Telangana,BTech,Biotechnology,7.11,6.3,UK,Computer Science,2281012,No,Instagram,New Lead,Amit Verma,2024-11-08,2025-01-06,Inactive,81,Medium,78,UK,Not Eligible
ST5253,Ayush Bassi,Female,26,Mumbai,Maharashtra,BA,CSE,8.45,7.7,Canada,Artificial Intelligence,1716899,Yes,WhatsApp,Application,Rohit Gupta,2024-08-12,2024-12-05,Active,99,Low,96,Canada,Partial Scholarship
ST5254,Warda Bahl,Male,26,Delhi,Delhi,BA,CSE,7.45,6.5,Canada,Finance,3000880,Yes,Seminar,Counseling,Priya Sharma,2026-02-20,2026-06-15,Dropped,94,Low,84,Canada,Not Eligible
ST5255,Champak Kade,Male,27,Mumbai,Maharashtra,BSc,Marketing,8.26,6.1,Australia,Computer Science,2515342,No,Seminar,Enrolled,Sneha Jain,2026-04-27,2026-05-13,Converted,89,Low,87,Australia,Partial Scholarship
ST5256,Arunima Pai,Female,21,Mumbai,Maharashtra,BA,CSE,8.98,8.0,Australia,MBA,2657765,Yes,Instagram,Offer Letter,Rohit Gupta,2025-10-22,2025-12-10,Dropped,96,Low,100,Canada,Merit Scholarship
ST5257,Andrew Taneja,Male,19,Ahmedabad,Gujarat,BA,Biotechnology,7.89,7.0,Canada,Cyber Security,3094805,Yes,Seminar,Contacted,Amit Verma,2026-02-17,2026-04-18,Inactive,83,Low,93,Canada,Partial Scholarship
ST5258,Rachita Sankaran,Female,23,Bangalore,Karnataka,BBA,Biotechnology,6.94,5.7,UK,Finance,2219175,No,Referral,New Lead,Rahul Singh,2025-06-13,2025-08-08,Active,88,Low,86,UK,Not Eligible
ST5259,Eta Deshmukh,Female,24,Bhopal,Madhya Pradesh,BBA,Finance,8.12,5.7,Australia,Business Analytics,3437453,Yes,Website,Application,Amit Verma,2024-10-29,2024-12-26,Dropped,74,Low,83,Australia,Partial Scholarship
ST5260,Chakradev Khare,Female,21,Bhopal,Madhya Pradesh,BCom,Marketing,8.57,7.7,Canada,Computer Science,3156922,Yes,Website,New Lead,Rohit Gupta,2025-01-01,2025-02-19,Active,99,Low,100,Canada,Merit Scholarship
ST5261,Adya Narula,Female,25,Pune,Maharashtra,BSc,CSE,9.21,8.1,UK,Computer Science,816103,Yes,Website,Offer Letter,Sneha Jain,2025-10-11,2025-12-27,Inactive,99,Low,100,Germany,Merit Scholarship
ST5262,Dhriti Kar,Male,18,Chennai,Tamil Nadu,BSc,Finance,7.58,5.6,Canada,Business Analytics,1803426,No,WhatsApp,Application,Rahul Singh,2025-06-23,2025-07-29,Active,59,Medium,65,Canada,Partial Scholarship
ST5263,Yoshita Arya,Female,25,Hyderabad,Telangana,BTech,Biotechnology,7.59,6.0,Germany,MBA,1496156,Yes,WhatsApp,Counseling,Rahul Singh,2026-02-02,2026-05-06,Dropped,73,Medium,70,Germany,Partial Scholarship
ST5264,George Narang,Male,24,Indore,Madhya Pradesh,BA,Finance,7.75,7.3,Australia,MBA,1739401,No,Website,Offer Letter,Rahul Singh,2026-02-22,2026-04-10,Dropped,79,Low,85,Canada,Partial Scholarship
ST5265,Mason Kata,Female,23,Hyderabad,Telangana,BBA,Marketing,6.14,6.9,Australia,Computer Science,1678438,No,WhatsApp,Contacted,Priya Sharma,2024-08-13,2024-12-06,Inactive,67,Medium,65,Australia,Not Eligible
ST5266,Rishi Menon,Female,21,Delhi,Delhi,BSc,IT,7.99,6.5,Australia,Finance,1582825,No,Seminar,Contacted,Amit Verma,2025-02-04,2025-04-02,Dropped,76,Medium,79,Australia,Partial Scholarship
ST5267,Avi Sem,Male,23,Pune,Maharashtra,BSc,Marketing,9.39,6.1,USA,MBA,3340231,Yes,Referral,Counseling,Sneha Jain,2025-01-06,2025-04-13,Active,92,Low,100,USA,Merit Scholarship
ST5268,Jagvi Seth,Male,20,Pune,Maharashtra,BCom,IT,6.74,8.0,Australia,Business Analytics,2174497,Yes,Referral,Offer Letter,Amit Verma,2025-05-15,2025-07-29,Inactive,99,Low,100,Canada,Not Eligible
ST5269,Ronith Ray,Male,28,Bangalore,Karnataka,BSc,Mechanical,7.26,5.8,Germany,MBA,1147945,No,WhatsApp,Contacted,Priya Sharma,2024-08-01,2024-09-12,Dropped,69,Medium,64,Germany,Not Eligible
ST5270,Damyanti Baral,Male,26,Jaipur,Rajasthan,BCom,CSE,6.54,8.1,UK,Business Analytics,2654965,No,Referral,Counseling,Rahul Singh,2025-02-10,2025-03-25,Inactive,96,Low,100,Canada,Not Eligible
ST5271,Gautam Chada,Male,27,Chennai,Tamil Nadu,BSc,CSE,8.49,8.1,UK,Cyber Security,1800792,No,Instagram,Visa,Priya Sharma,2026-05-18,2026-08-01,Converted,99,Low,99,Canada,Partial Scholarship
ST5272,Prisha Pandya,Male,28,Delhi,Delhi,BSc,Mechanical,6.08,6.4,Australia,MBA,2799271,Yes,Referral,Documents,Amit Verma,2024-07-09,2024-09-26,Inactive,85,Low,84,Australia,Not Eligible
ST5273,Kabir Pai,Female,21,Hyderabad,Telangana,BSc,Mechanical,6.46,7.1,UK,Artificial Intelligence,3483598,Yes,Website,New Lead,Sneha Jain,2026-03-02,2026-03-24,Inactive,89,Medium,79,Canada,Not Eligible
ST5274,Ayushman Sahni,Female,27,Ahmedabad,Gujarat,BSc,IT,7.04,7.5,Australia,Artificial Intelligence,2246065,No,Instagram,New Lead,Rohit Gupta,2025-06-14,2025-06-19,Inactive,98,Low,90,Canada,Not Eligible
ST5275,Azad Goel,Male,19,Indore,Madhya Pradesh,BA,Marketing,9.59,6.3,Germany,Artificial Intelligence,1243394,Yes,Seminar,Documents,Rohit Gupta,2025-10-26,2026-01-30,Active,99,Low,92,Germany,Merit Scholarship
ST5276,Bishakha Jaggi,Female,26,Ahmedabad,Gujarat,BA,Marketing,6.31,6.2,USA,Business Analytics,2530015,Yes,Referral,Documents,Sneha Jain,2026-04-11,2026-06-19,Inactive,83,Low,85,USA,Not Eligible
ST5277,Aayush Hayre,Female,24,Jaipur,Rajasthan,BA,IT,6.34,7.9,Canada,MBA,1827057,No,WhatsApp,Application,Rohit Gupta,2025-06-06,2025-08-13,Active,72,Medium,77,Canada,Not Eligible
ST5278,Rajeshri Sen,Male,27,Bangalore,Karnataka,BCom,CSE,6.59,8.4,UK,Business Analytics,857711,Yes,WhatsApp,Documents,Rahul Singh,2025-06-16,2025-08-14,Inactive,93,Low,84,Germany,Not Eligible
ST5279,Simon Puri,Male,27,Delhi,Delhi,BA,CSE,8.59,6.1,Germany,Cyber Security,896963,Yes,Website,Offer Letter,Priya Sharma,2025-03-23,2025-06-05,Active,85,Low,80,Germany,Merit Scholarship
ST5280,Edhitha Vig,Female,23,Mumbai,Maharashtra,BCom,CSE,6.82,6.6,UK,Business Analytics,3195620,No,Website,New Lead,Rahul Singh,2024-11-20,2025-01-13,Dropped,68,Medium,78,UK,Not Eligible
ST5281,Benjamin Pathak,Male,24,Pune,Maharashtra,BBA,ECE,8.28,7.2,Australia,Cyber Security,3037539,Yes,Instagram,New Lead,Rohit Gupta,2024-12-21,2025-03-06,Dropped,90,Low,99,Canada,Partial Scholarship
ST5282,Udyati Krish,Male,23,Indore,Madhya Pradesh,BSc,Finance,8.37,5.8,Germany,Data Science,1008867,Yes,Seminar,New Lead,Sneha Jain,2026-01-11,2026-03-03,Dropped,72,Medium,75,Germany,Partial Scholarship
ST5283,Teerth Boase,Male,22,Bhopal,Madhya Pradesh,BSc,Marketing,6.15,5.7,Australia,Cyber Security,3214845,No,Instagram,Contacted,Amit Verma,2026-02-06,2026-02-22,Inactive,64,Medium,63,Australia,Not Eligible
ST5284,Leena Soni,Male,23,Chennai,Tamil Nadu,BTech,Mechanical,9.52,6.1,USA,Computer Science,2633963,Yes,Instagram,New Lead,Rahul Singh,2026-04-15,2026-06-16,Inactive,90,Low,100,USA,Merit Scholarship
ST5285,Falguni Pandey,Male,22,Hyderabad,Telangana,BTech,IT,8.86,8.2,UK,Cyber Security,2655211,Yes,Website,Offer Letter,Rohit Gupta,2025-11-28,2026-03-16,Active,99,Low,100,Canada,Merit Scholarship
ST5286,Rachana Ghose,Male,27,Indore,Madhya Pradesh,BBA,Marketing,9.22,5.7,USA,Data Science,2700332,Yes,Seminar,Offer Letter,Priya Sharma,2026-03-17,2026-05-29,Inactive,84,Low,94,USA,Merit Scholarship
ST5287,Krishna Ben,Male,18,Pune,Maharashtra,BSc,Marketing,6.36,8.1,Australia,Finance,1377673,No,Website,Documents,Priya Sharma,2026-03-13,2026-05-24,Active,69,Medium,78,Germany,Not Eligible
ST5288,Aarush Agarwal,Male,25,Mumbai,Maharashtra,BSc,IT,9.39,7.6,Australia,Computer Science,3270537,Yes,Instagram,Counseling,Rohit Gupta,2024-08-24,2024-12-12,Active,99,Low,100,Canada,Merit Scholarship
ST5289,Reva Dhingra,Male,26,Hyderabad,Telangana,BA,CSE,9.42,8.0,UK,Computer Science,1712353,Yes,Seminar,Contacted,Amit Verma,2024-07-12,2024-09-10,Inactive,94,Low,100,Canada,Merit Scholarship
ST5290,Charita Karan,Female,21,Delhi,Delhi,BBA,Biotechnology,9.0,6.7,Germany,Data Science,1126676,Yes,Referral,Documents,Priya Sharma,2024-07-04,2024-07-24,Active,99,Low,100,Germany,Merit Scholarship
ST5291,Dhruv Kuruvilla,Female,23,Hyderabad,Telangana,BA,Biotechnology,6.35,7.4,UK,MBA,3361251,Yes,Website,Enrolled,Rohit Gupta,2025-02-13,2025-04-12,Converted,85,Low,82,Canada,Not Eligible
ST5292,Kalpit Chander,Female,27,Ahmedabad,Gujarat,BBA,Marketing,8.13,7.2,Germany,Finance,927172,Yes,Instagram,Application,Rahul Singh,2025-04-05,2025-04-27,Active,89,Low,88,Germany,Partial Scholarship
ST5293,Qabil Sachdeva,Female,22,Mumbai,Maharashtra,BBA,CSE,6.18,7.5,Canada,Artificial Intelligence,2489648,Yes,WhatsApp,Counseling,Rohit Gupta,2026-02-13,2026-04-26,Active,81,Low,81,Canada,Not Eligible
ST5294,Robert Bala,Female,20,Jaipur,Rajasthan,BBA,Biotechnology,7.44,7.2,Canada,Artificial Intelligence,2677515,No,Website,Documents,Rohit Gupta,2025-07-17,2025-07-23,Active,81,Low,91,Canada,Not Eligible
ST5295,Frado Rau,Female,26,Mumbai,Maharashtra,BSc,Marketing,9.35,6.0,Canada,Finance,1536703,Yes,Seminar,Visa,Amit Verma,2025-04-10,2025-05-06,Converted,86,Low,88,Canada,Merit Scholarship
ST5296,Krishna Som,Female,21,Mumbai,Maharashtra,BSc,Marketing,6.63,6.8,Australia,Finance,2519080,No,Seminar,Contacted,Rahul Singh,2025-09-12,2025-11-02,Dropped,68,Medium,78,Australia,Not Eligible
ST5297,Meghana Yadav,Female,18,Mumbai,Maharashtra,BSc,IT,6.67,7.5,Canada,Computer Science,3472419,Yes,Referral,Application,Rahul Singh,2026-05-23,2026-07-07,Inactive,99,Low,100,Canada,Not Eligible
ST5298,Anthony Kanda,Male,22,Hyderabad,Telangana,BA,IT,6.72,5.9,Australia,Data Science,1734993,Yes,Seminar,Counseling,Rohit Gupta,2025-12-06,2026-02-11,Active,58,Medium,61,Australia,Not Eligible
ST5299,Viraj Patel,Male,23,Mumbai,Maharashtra,BTech,ECE,8.24,5.7,USA,Artificial Intelligence,2817591,No,WhatsApp,New Lead,Priya Sharma,2026-02-03,2026-04-30,Active,79,Low,84,USA,Partial Scholarship
ST5300,Ekantika Khurana,Female,27,Delhi,Delhi,BBA,Finance,6.95,6.7,UK,Business Analytics,1971811,No,Seminar,Contacted,Rahul Singh,2025-08-06,2025-08-23,Active,66,Medium,71,UK,Not Eligible
ST5301,Vasudha Hari,Male,19,Bangalore,Karnataka,BBA,Finance,9.44,7.5,Australia,Data Science,3130805,Yes,Website,Application,Rohit Gupta,2026-02-06,2026-05-28,Active,97,Low,100,Canada,Merit Scholarship
ST5302,Matthew Choudhry,Male,27,Hyderabad,Telangana,BTech,Biotechnology,6.35,5.6,UK,Artificial Intelligence,3067628,Yes,Website,Visa,Sneha Jain,2025-05-18,2025-09-14,Converted,65,Medium,63,UK,Not Eligible
ST5303,Owen Devi,Male,24,Jaipur,Rajasthan,BA,IT,8.6,8.0,Australia,Cyber Security,2562539,Yes,Seminar,Offer Letter,Priya Sharma,2025-08-10,2025-12-06,Dropped,99,Low,100,Canada,Merit Scholarship
ST5304,Amara Bose,Female,20,Ahmedabad,Gujarat,BSc,Mechanical,7.99,5.8,Germany,Data Science,941139,No,WhatsApp,New Lead,Sneha Jain,2025-02-02,2025-02-15,Dropped,76,Medium,71,Germany,Partial Scholarship
ST5305,Lavanya Batta,Female,25,Delhi,Delhi,BCom,ECE,9.43,6.4,Canada,Finance,2810573,Yes,WhatsApp,Visa,Rahul Singh,2024-06-13,2024-10-01,Converted,99,Low,100,Canada,Merit Scholarship
ST5306,Xavier Maharaj,Female,28,Chennai,Tamil Nadu,BSc,ECE,8.85,7.9,Canada,Computer Science,2379844,Yes,Referral,Visa,Amit Verma,2025-04-12,2025-05-05,Converted,93,Low,100,Canada,Merit Scholarship
ST5307,Omya Mistry,Male,19,Chennai,Tamil Nadu,BSc,Biotechnology,6.59,6.9,Australia,Cyber Security,1940240,No,Website,New Lead,Amit Verma,2025-12-18,2026-02-10,Inactive,68,Medium,69,Australia,Not Eligible
ST5308,Ranveer Ganguly,Male,26,Ahmedabad,Gujarat,BTech,Finance,6.76,8.4,Australia,Artificial Intelligence,3441175,Yes,Website,Contacted,Sneha Jain,2025-05-26,2025-07-10,Dropped,91,Low,96,Canada,Not Eligible
ST5309,Qabil Bhasin,Female,18,Pune,Maharashtra,BBA,Finance,9.64,7.5,UK,MBA,1569470,Yes,WhatsApp,Counseling,Rahul Singh,2026-02-13,2026-03-27,Dropped,99,Low,100,Canada,Merit Scholarship
ST5310,Panini Puri,Male,19,Ahmedabad,Gujarat,BA,ECE,7.16,8.3,Australia,Data Science,2563480,No,WhatsApp,New Lead,Amit Verma,2026-03-20,2026-03-31,Active,98,Low,99,Canada,Not Eligible
ST5311,Vaishnavi Soni,Male,22,Indore,Madhya Pradesh,BBA,CSE,8.2,6.3,Australia,Finance,2441992,Yes,WhatsApp,Contacted,Rahul Singh,2024-09-16,2024-11-06,Inactive,84,Low,88,Australia,Partial Scholarship
ST5312,Faraj Setty,Female,18,Mumbai,Maharashtra,BTech,Biotechnology,8.57,7.6,Australia,Computer Science,2111706,Yes,Website,Offer Letter,Sneha Jain,2026-01-14,2026-03-23,Active,94,Low,100,Canada,Merit Scholarship
ST5313,Yug Halder,Male,24,Hyderabad,Telangana,BCom,Finance,9.44,7.8,Canada,MBA,921141,Yes,Instagram,Offer Letter,Rohit Gupta,2026-02-22,2026-03-29,Dropped,97,Low,100,Germany,Merit Scholarship
ST5314,Libni Wason,Female,21,Chennai,Tamil Nadu,BSc,Biotechnology,8.15,5.7,Germany,Cyber Security,1498039,No,Website,Enrolled,Amit Verma,2026-04-29,2026-05-04,Converted,66,Medium,73,Germany,Partial Scholarship
ST5315,Yochana Lanka,Male,21,Indore,Madhya Pradesh,BTech,IT,8.17,7.0,Germany,Computer Science,1058171,No,Seminar,Visa,Rahul Singh,2025-06-08,2025-08-19,Converted,91,Low,86,Germany,Partial Scholarship
ST5316,Shivansh Sethi,Female,26,Indore,Madhya Pradesh,BSc,IT,6.54,7.3,Australia,Data Science,1844074,Yes,WhatsApp,New Lead,Priya Sharma,2024-11-05,2024-11-25,Dropped,83,Medium,73,Canada,Not Eligible
ST5317,Yahvi Deshmukh,Female,18,Pune,Maharashtra,BBA,ECE,7.53,7.0,Germany,MBA,977930,Yes,Referral,Application,Rohit Gupta,2024-10-31,2024-11-05,Active,99,Low,95,Germany,Partial Scholarship
ST5318,Rajeshri Deshmukh,Male,26,Ahmedabad,Gujarat,BBA,Marketing,7.05,6.6,Canada,Finance,1527145,No,WhatsApp,Contacted,Priya Sharma,2026-03-23,2026-07-12,Dropped,68,Medium,70,Canada,Not Eligible
ST5319,Vaishnavi Dalal,Female,24,Mumbai,Maharashtra,BCom,IT,9.36,7.3,UK,Business Analytics,2962987,Yes,Instagram,Enrolled,Rahul Singh,2025-12-27,2026-02-24,Converted,99,Low,100,Canada,Merit Scholarship
ST5320,Advaith Deo,Male,20,Mumbai,Maharashtra,BSc,ECE,6.16,6.7,Australia,MBA,2934753,No,Referral,Offer Letter,Amit Verma,2024-12-21,2025-02-19,Active,87,Low,88,Australia,Not Eligible
ST5321,Chaaya Mammen,Female,24,Hyderabad,Telangana,BTech,Finance,8.65,6.3,UK,Finance,2262334,Yes,WhatsApp,Documents,Amit Verma,2024-06-20,2024-06-30,Inactive,84,Low,93,UK,Merit Scholarship
ST5322,Leela Verma,Male,25,Chennai,Tamil Nadu,BA,Finance,9.09,5.7,Canada,Artificial Intelligence,1661610,Yes,Instagram,Contacted,Rohit Gupta,2025-06-30,2025-07-14,Active,73,Low,82,Canada,Merit Scholarship
ST5323,Lekha Kanda,Male,19,Ahmedabad,Gujarat,BSc,Biotechnology,8.32,7.0,Germany,Business Analytics,1182351,No,Referral,Contacted,Sneha Jain,2025-09-08,2025-10-11,Dropped,97,Low,100,Germany,Partial Scholarship
ST5324,Advay Nagarajan,Female,26,Bangalore,Karnataka,BA,CSE,7.43,8.3,Australia,Business Analytics,1354327,Yes,Referral,Documents,Amit Verma,2026-02-01,2026-02-15,Inactive,99,Low,100,Germany,Not Eligible
ST5325,Kashvi Walla,Male,19,Chennai,Tamil Nadu,BCom,CSE,9.5,7.8,UK,Data Science,1791257,Yes,WhatsApp,Contacted,Amit Verma,2024-08-21,2024-09-11,Dropped,99,Low,100,Canada,Merit Scholarship
ST5326,Advik Bhatti,Male,24,Chennai,Tamil Nadu,BSc,IT,6.17,6.8,UK,Artificial Intelligence,1588646,No,Seminar,Enrolled,Rahul Singh,2026-04-12,2026-06-15,Converted,56,Medium,63,UK,Not Eligible
ST5327,Ubika Nayak,Female,24,Bhopal,Madhya Pradesh,BA,Mechanical,8.28,6.5,Australia,MBA,3094413,Yes,Instagram,Enrolled,Priya Sharma,2025-05-01,2025-06-02,Converted,86,Low,92,Australia,Partial Scholarship
ST5328,Chakradhar Madan,Male,24,Chennai,Tamil Nadu,BSc,Biotechnology,9.58,7.5,UK,Cyber Security,3051381,Yes,Referral,Application,Rahul Singh,2024-08-28,2024-12-25,Dropped,99,Low,100,Canada,Merit Scholarship
ST5329,Chanakya Thakkar,Female,23,Bhopal,Madhya Pradesh,BBA,Mechanical,7.53,7.1,Canada,MBA,1521761,Yes,Instagram,Contacted,Rohit Gupta,2025-07-02,2025-08-30,Active,77,Low,80,Canada,Partial Scholarship
ST5330,Ekalinga Kashyap,Male,23,Bangalore,Karnataka,BTech,Marketing,7.38,5.6,Australia,Artificial Intelligence,1769294,No,Referral,Documents,Rohit Gupta,2024-09-24,2024-12-15,Dropped,84,Medium,78,Australia,Not Eligible
ST5331,Wazir Gill,Female,24,Indore,Madhya Pradesh,BSc,CSE,9.32,5.6,Germany,Cyber Security,956069,Yes,Website,Enrolled,Priya Sharma,2024-07-24,2024-10-04,Converted,89,Low,83,Germany,Merit Scholarship
ST5332,Nicholas Balay,Female,24,Ahmedabad,Gujarat,BTech,CSE,6.3,7.3,USA,Artificial Intelligence,3349289,No,Website,Visa,Rohit Gupta,2026-01-16,2026-02-25,Converted,90,Low,80,Canada,Not Eligible
ST5333,Ansh Sastry,Female,19,Delhi,Delhi,BBA,Finance,7.65,5.8,Germany,Computer Science,1443340,Yes,Seminar,New Lead,Rohit Gupta,2024-09-09,2024-12-25,Dropped,72,Medium,68,Germany,Partial Scholarship
ST5334,Tanvi Barad,Female,26,Chennai,Tamil Nadu,BTech,Mechanical,8.76,7.2,UK,Business Analytics,3455046,Yes,Instagram,Offer Letter,Priya Sharma,2026-04-10,2026-05-26,Dropped,99,Low,100,Canada,Merit Scholarship
ST5335,Dalaja Toor,Male,28,Pune,Maharashtra,BTech,CSE,9.62,8.3,UK,MBA,3223933,Yes,Seminar,Counseling,Priya Sharma,2025-10-29,2025-11-23,Inactive,95,Low,100,Canada,Merit Scholarship
ST5336,Xiti Kara,Female,21,Chennai,Tamil Nadu,BCom,Mechanical,6.48,7.3,Australia,Computer Science,2890749,No,Website,Visa,Sneha Jain,2024-07-18,2024-08-22,Active,83,Low,82,Canada,Not Eligible
ST5337,Harini Kaur,Female,24,Mumbai,Maharashtra,BA,CSE,9.04,7.3,Australia,Business Analytics,2355516,Yes,Website,Application,Rohit Gupta,2026-05-30,2026-09-07,Dropped,99,Low,100,Canada,Merit Scholarship
ST5338,Charita Dugal,Male,28,Delhi,Delhi,BA,CSE,6.39,6.0,Germany,Computer Science,1153593,Yes,Website,Counseling,Amit Verma,2024-07-15,2024-11-07,Dropped,66,High,58,Germany,Not Eligible
ST5339,Vedhika Dugar,Female,21,Delhi,Delhi,BSc,IT,9.47,8.4,UK,Business Analytics,3388254,Yes,Instagram,Visa,Sneha Jain,2024-06-11,2024-10-09,Converted,99,Low,100,Canada,Merit Scholarship
ST5340,Jagat Sagar,Female,28,Bhopal,Madhya Pradesh,BBA,Marketing,9.63,8.2,UK,Artificial Intelligence,2519406,Yes,WhatsApp,Documents,Amit Verma,2026-05-19,2026-07-01,Active,99,Low,100,Canada,Merit Scholarship
ST5341,Libni Oak,Female,26,Jaipur,Rajasthan,BSc,Biotechnology,8.15,7.1,Australia,Finance,2061188,Yes,Instagram,Documents,Sneha Jain,2025-09-13,2025-12-29,Active,92,Low,96,Canada,Partial Scholarship
ST5342,Tanvi Mitra,Female,23,Pune,Maharashtra,BTech,IT,6.62,7.4,Australia,Business Analytics,2321368,No,Instagram,Visa,Sneha Jain,2024-08-12,2024-10-30,Active,95,Low,85,Canada,Not Eligible
ST5343,Luke Morar,Female,21,Ahmedabad,Gujarat,BSc,Mechanical,6.08,7.3,USA,Computer Science,3350054,Yes,Website,New Lead,Priya Sharma,2025-10-03,2026-01-15,Dropped,77,Medium,78,Canada,Not Eligible
ST5344,Lavanya Bhatnagar,Male,27,Jaipur,Rajasthan,BBA,Biotechnology,9.45,6.7,Canada,Finance,3302342,Yes,WhatsApp,New Lead,Rahul Singh,2024-08-12,2024-12-08,Dropped,94,Low,100,Canada,Merit Scholarship
ST5345,Januja Uppal,Male,22,Bangalore,Karnataka,BTech,ECE,7.74,6.8,UK,Computer Science,1675752,No,WhatsApp,Visa,Priya Sharma,2025-05-12,2025-09-04,Active,72,Medium,79,UK,Partial Scholarship
ST5346,Jason Batta,Male,18,Ahmedabad,Gujarat,BA,IT,9.51,7.6,UK,Finance,2042226,Yes,WhatsApp,Offer Letter,Rohit Gupta,2026-03-04,2026-04-06,Dropped,99,Low,100,Canada,Merit Scholarship
ST5347,Garima Dua,Male,22,Bangalore,Karnataka,BBA,Finance,7.73,8.4,UK,Cyber Security,3207121,No,Instagram,Visa,Rohit Gupta,2024-11-02,2025-02-09,Active,90,Low,100,Canada,Partial Scholarship
ST5348,Lakshit Choudhury,Male,28,Ahmedabad,Gujarat,BCom,Mechanical,9.26,7.8,Canada,Data Science,3135945,Yes,WhatsApp,Contacted,Sneha Jain,2026-02-13,2026-05-30,Active,99,Low,100,Canada,Merit Scholarship
ST5349,Janaki Tandon,Female,18,Ahmedabad,Gujarat,BBA,Biotechnology,9.23,6.1,UK,Data Science,2691751,Yes,WhatsApp,Application,Rohit Gupta,2024-12-19,2025-03-27,Inactive,99,Low,97,UK,Merit Scholarship
ST5350,Sudiksha Gara,Female,21,Indore,Madhya Pradesh,BTech,Finance,6.25,7.9,Australia,Computer Science,1016147,No,WhatsApp,Enrolled,Rohit Gupta,2026-02-16,2026-05-22,Converted,84,Medium,76,Germany,Not Eligible
ST5351,Yashica Mani,Female,28,Chennai,Tamil Nadu,BTech,ECE,9.51,6.3,UK,Finance,2996712,Yes,Referral,Documents,Rahul Singh,2025-07-26,2025-11-08,Dropped,98,Low,100,UK,Merit Scholarship
ST5352,Tara Gera,Male,20,Chennai,Tamil Nadu,BSc,Finance,7.29,6.7,UK,Artificial Intelligence,2886063,Yes,Seminar,Visa,Rohit Gupta,2025-06-02,2025-09-20,Active,83,Low,84,UK,Not Eligible
ST5353,Krishna Choudhry,Female,24,Bangalore,Karnataka,BA,CSE,8.41,7.3,UK,Finance,1706067,No,Referral,Offer Letter,Priya Sharma,2025-06-29,2025-09-10,Active,99,Low,100,Canada,Partial Scholarship
ST5354,Urmi Khalsa,Female,27,Hyderabad,Telangana,BBA,Biotechnology,6.96,6.0,USA,MBA,2686198,Yes,Seminar,Enrolled,Rohit Gupta,2025-06-21,2025-10-13,Converted,70,Medium,74,USA,Not Eligible
ST5355,Vansha Deo,Male,20,Hyderabad,Telangana,BCom,Finance,6.76,5.6,Canada,Cyber Security,3207941,No,Referral,Application,Sneha Jain,2025-08-12,2025-10-16,Active,72,Low,82,Canada,Not Eligible
ST5356,Mugdha Nori,Male,21,Ahmedabad,Gujarat,BSc,Biotechnology,6.0,8.2,Australia,Data Science,2610925,No,Referral,New Lead,Rahul Singh,2025-07-18,2025-08-01,Active,99,Low,100,Canada,Not Eligible
ST5357,Baghyawati Boase,Female,24,Ahmedabad,Gujarat,BBA,IT,9.42,5.5,UK,Cyber Security,2482247,Yes,Seminar,Counseling,Sneha Jain,2026-01-30,2026-03-07,Active,84,Low,94,UK,Merit Scholarship
ST5358,Aashi Deo,Female,28,Delhi,Delhi,BSc,Marketing,8.65,6.4,Germany,MBA,1261701,Yes,Seminar,Counseling,Sneha Jain,2024-06-24,2024-06-30,Inactive,92,Low,85,Germany,Merit Scholarship
ST5359,Ishwar Chokshi,Male,24,Chennai,Tamil Nadu,BCom,Biotechnology,7.78,6.9,UK,Cyber Security,1908002,Yes,Seminar,Enrolled,Sneha Jain,2024-08-13,2024-11-23,Converted,75,Low,81,UK,Partial Scholarship
ST5360,Jai Kapur,Male,21,Chennai,Tamil Nadu,BSc,Mechanical,8.37,5.7,Canada,Business Analytics,3394680,No,Seminar,Documents,Rohit Gupta,2026-05-28,2026-07-23,Active,85,Low,85,Canada,Partial Scholarship
ST5361,Yashasvi Arora,Male,21,Chennai,Tamil Nadu,BSc,Mechanical,8.64,6.5,Canada,MBA,3443531,Yes,WhatsApp,New Lead,Rahul Singh,2025-11-05,2026-01-13,Dropped,91,Low,96,Canada,Merit Scholarship
ST5362,Udarsh Golla,Female,27,Pune,Maharashtra,BSc,Biotechnology,8.38,6.2,Australia,Computer Science,2564059,Yes,Seminar,Visa,Rohit Gupta,2024-10-30,2024-12-04,Converted,93,Low,90,Australia,Partial Scholarship
ST5363,Jonathan Mishra,Male,23,Bhopal,Madhya Pradesh,BA,Biotechnology,7.68,7.0,Germany,Artificial Intelligence,940944,Yes,Website,Counseling,Amit Verma,2026-02-01,2026-02-06,Inactive,83,Low,81,Germany,Partial Scholarship
ST5364,George Dugar,Female,23,Jaipur,Rajasthan,BTech,Finance,9.08,6.9,UK,Computer Science,2997706,Yes,Seminar,Offer Letter,Rahul Singh,2025-12-23,2026-02-25,Active,99,Low,100,UK,Merit Scholarship
ST5365,Xiti Som,Female,24,Delhi,Delhi,BTech,Biotechnology,7.37,7.3,UK,Finance,1948659,No,WhatsApp,Contacted,Priya Sharma,2025-11-14,2026-01-11,Inactive,80,Low,81,Canada,Not Eligible
ST5366,Ikbal Dubey,Male,28,Mumbai,Maharashtra,BCom,Finance,7.39,8.3,Australia,Cyber Security,1829216,No,Instagram,Visa,Rohit Gupta,2025-02-05,2025-03-03,Active,93,Low,91,Canada,Not Eligible
ST5367,Vihaan Parsa,Male,26,Delhi,Delhi,BA,Mechanical,9.21,6.5,Germany,Computer Science,1143686,Yes,Referral,Offer Letter,Priya Sharma,2026-02-17,2026-03-20,Inactive,99,Low,100,Germany,Merit Scholarship
ST5368,Ati Toor,Female,26,Bangalore,Karnataka,BCom,IT,7.54,6.9,Germany,Data Science,1353381,No,WhatsApp,Application,Rohit Gupta,2025-04-03,2025-07-03,Dropped,74,Medium,79,Germany,Partial Scholarship
ST5369,Janani Rout,Female,20,Bhopal,Madhya Pradesh,BBA,IT,6.96,7.4,Australia,Artificial Intelligence,1556019,No,Instagram,Counseling,Rohit Gupta,2025-09-25,2025-11-24,Dropped,87,Medium,78,Canada,Not Eligible
ST5370,Harsh Dhaliwal,Female,25,Bhopal,Madhya Pradesh,BA,IT,6.62,8.1,Canada,Data Science,2157106,No,Referral,Application,Rohit Gupta,2024-06-22,2024-07-12,Active,99,Low,100,Canada,Not Eligible
ST5371,Zarna Bali,Male,20,Chennai,Tamil Nadu,BCom,ECE,6.47,8.2,Australia,Computer Science,2437756,Yes,Seminar,Counseling,Priya Sharma,2024-06-04,2024-09-21,Active,81,Low,90,Canada,Not Eligible
ST5372,Lopa Johal,Male,27,Indore,Madhya Pradesh,BTech,IT,8.9,6.2,Australia,Business Analytics,3430523,Yes,Seminar,Application,Amit Verma,2024-09-09,2024-09-14,Dropped,96,Low,96,Australia,Merit Scholarship
ST5373,Rajata Date,Female,27,Ahmedabad,Gujarat,BBA,IT,9.35,7.2,Canada,Artificial Intelligence,1513269,Yes,Seminar,Counseling,Sneha Jain,2025-01-27,2025-05-16,Inactive,99,Low,100,Canada,Merit Scholarship
ST5374,Jasmit Kamdar,Male,20,Ahmedabad,Gujarat,BA,ECE,8.38,7.3,USA,Computer Science,2643034,Yes,Seminar,Contacted,Sneha Jain,2024-07-28,2024-11-21,Inactive,95,Low,100,Canada,Partial Scholarship
ST5375,Victor Lall,Female,21,Bangalore,Karnataka,BTech,Marketing,8.7,6.8,Germany,Business Analytics,1091340,Yes,Website,Enrolled,Sneha Jain,2024-09-07,2024-12-18,Converted,92,Low,88,Germany,Merit Scholarship
ST5376,Lucky Wali,Male,22,Mumbai,Maharashtra,BA,ECE,7.58,6.8,Canada,Cyber Security,1760719,Yes,Referral,Enrolled,Sneha Jain,2024-10-25,2024-12-02,Converted,99,Low,92,Canada,Partial Scholarship
ST5377,Champak Raju,Female,21,Ahmedabad,Gujarat,BTech,ECE,6.42,7.8,UK,Artificial Intelligence,1932572,No,Referral,New Lead,Amit Verma,2025-07-25,2025-10-28,Dropped,86,Low,92,Canada,Not Eligible
ST5378,Vinaya Shukla,Female,20,Indore,Madhya Pradesh,BA,CSE,7.04,7.2,Canada,Computer Science,1092728,No,Seminar,Enrolled,Sneha Jain,2024-09-08,2024-10-19,Converted,68,Medium,77,Germany,Not Eligible
ST5379,Chakrika Parikh,Male,18,Ahmedabad,Gujarat,BA,Finance,7.61,7.1,UK,Artificial Intelligence,2828917,No,Seminar,Visa,Amit Verma,2025-08-14,2025-12-11,Converted,99,Low,91,Canada,Partial Scholarship
ST5380,Ishwar Natarajan,Female,28,Indore,Madhya Pradesh,BSc,Mechanical,7.57,6.3,UK,Cyber Security,1759328,No,WhatsApp,Enrolled,Rahul Singh,2025-06-28,2025-10-08,Converted,76,Medium,72,UK,Partial Scholarship
ST5381,Zinal Thaman,Male,24,Pune,Maharashtra,BTech,CSE,8.34,6.4,Canada,Artificial Intelligence,2952394,No,WhatsApp,Application,Sneha Jain,2025-02-15,2025-06-01,Active,88,Low,92,Canada,Partial Scholarship
ST5382,Chasmum Madan,Female,22,Delhi,Delhi,BBA,IT,9.59,6.3,Australia,Finance,2322162,Yes,WhatsApp,Contacted,Priya Sharma,2024-09-15,2024-09-19,Active,99,Low,100,Australia,Merit Scholarship
ST5383,Maanas Shroff,Male,25,Hyderabad,Telangana,BCom,IT,9.44,7.2,UK,Computer Science,2043924,Yes,Seminar,Counseling,Rohit Gupta,2026-01-18,2026-04-28,Inactive,99,Low,100,Canada,Merit Scholarship
ST5384,Vivaan Dar,Male,22,Bangalore,Karnataka,BA,CSE,9.76,8.2,Australia,Cyber Security,2811984,Yes,Referral,Counseling,Amit Verma,2026-03-31,2026-04-16,Inactive,99,Low,100,Canada,Merit Scholarship
ST5385,Devika Kalla,Male,27,Delhi,Delhi,BSc,Biotechnology,7.06,8.0,Australia,Cyber Security,2634070,Yes,Seminar,Visa,Rohit Gupta,2024-08-28,2024-11-19,Active,99,Low,95,Canada,Not Eligible
ST5386,Turvi Shetty,Female,18,Mumbai,Maharashtra,BA,IT,7.14,6.6,UK,Business Analytics,2447822,Yes,WhatsApp,Application,Sneha Jain,2025-03-19,2025-05-16,Dropped,89,Low,81,UK,Not Eligible
ST5387,Aayush Rajan,Male,21,Bangalore,Karnataka,BCom,Biotechnology,7.26,5.9,Germany,Business Analytics,1132112,Yes,WhatsApp,Offer Letter,Priya Sharma,2024-09-27,2024-12-09,Dropped,68,Medium,66,Germany,Not Eligible
ST5388,Saanvi Dixit,Female,20,Pune,Maharashtra,BCom,ECE,9.32,6.0,USA,Computer Science,3375725,Yes,Instagram,Documents,Rohit Gupta,2025-10-03,2025-11-03,Dropped,99,Low,98,USA,Merit Scholarship
ST5389,Hritik Swaminathan,Male,27,Bhopal,Madhya Pradesh,BA,Finance,7.82,8.1,Australia,Computer Science,1116053,Yes,Website,Offer Letter,Sneha Jain,2024-09-07,2024-10-24,Active,98,Low,93,Germany,Partial Scholarship
ST5390,Yachana Natarajan,Female,26,Jaipur,Rajasthan,BTech,CSE,9.78,7.6,Australia,MBA,1979990,Yes,Website,Documents,Rahul Singh,2025-12-07,2026-01-20,Active,96,Low,100,Canada,Merit Scholarship
ST5391,Anthony Dani,Male,25,Delhi,Delhi,BTech,Mechanical,6.29,7.1,Canada,Finance,2334660,No,Referral,Offer Letter,Sneha Jain,2024-08-17,2024-08-22,Active,83,Low,92,Canada,Not Eligible
ST5392,Ojasvi Roy,Female,26,Ahmedabad,Gujarat,BA,Biotechnology,6.46,7.8,UK,Cyber Security,3236767,Yes,Instagram,Offer Letter,Priya Sharma,2024-08-20,2024-09-26,Dropped,80,Low,87,Canada,Not Eligible
ST5393,Ubika Bassi,Female,25,Ahmedabad,Gujarat,BCom,Mechanical,8.06,7.4,Australia,Business Analytics,2488494,No,Instagram,Contacted,Priya Sharma,2024-08-13,2024-10-11,Inactive,99,Low,99,Canada,Partial Scholarship
ST5394,Jyoti Contractor,Male,24,Chennai,Tamil Nadu,BTech,Mechanical,8.91,7.2,Germany,Finance,1226665,Yes,Instagram,Enrolled,Rahul Singh,2025-08-09,2025-10-20,Converted,94,Low,96,Germany,Merit Scholarship
ST5395,Ekiya Kar,Male,20,Bhopal,Madhya Pradesh,BA,Biotechnology,7.57,7.6,Canada,Computer Science,817190,Yes,Referral,Visa,Rohit Gupta,2025-08-01,2025-11-21,Converted,99,Low,100,Germany,Partial Scholarship
ST5396,Dhriti Acharya,Male,27,Chennai,Tamil Nadu,BA,IT,7.04,7.1,USA,Data Science,3254456,No,Seminar,Offer Letter,Priya Sharma,2026-05-04,2026-06-05,Inactive,75,Low,85,Canada,Not Eligible
ST5397,Yashawini Talwar,Female,21,Bhopal,Madhya Pradesh,BBA,Marketing,6.43,5.9,Germany,MBA,1405151,Yes,WhatsApp,Documents,Priya Sharma,2025-05-23,2025-09-05,Active,66,High,58,Germany,Not Eligible
ST5398,Rachita Gara,Female,22,Pune,Maharashtra,BTech,ECE,7.05,5.8,Canada,MBA,2991651,Yes,WhatsApp,Counseling,Amit Verma,2024-07-10,2024-07-14,Inactive,69,Medium,72,Canada,Not Eligible
ST5399,Qadim Basu,Male,21,Jaipur,Rajasthan,BCom,Biotechnology,8.31,6.6,Canada,Artificial Intelligence,841264,Yes,Instagram,Visa,Sneha Jain,2024-08-04,2024-10-03,Active,83,Low,83,Germany,Partial Scholarship
ST5400,Azaan Balan,Male,18,Jaipur,Rajasthan,BTech,Biotechnology,8.56,7.1,UK,Computer Science,1780789,Yes,Website,Application,Rohit Gupta,2025-12-30,2026-04-14,Dropped,96,Low,90,Canada,Merit Scholarship
ST5401,Hritik Choudhary,Female,22,Hyderabad,Telangana,BSc,Marketing,7.96,7.5,Australia,Artificial Intelligence,3152123,No,Instagram,Application,Priya Sharma,2024-08-26,2024-11-25,Active,92,Low,99,Canada,Partial Scholarship
ST5402,Riya Sundaram,Male,27,Delhi,Delhi,BTech,IT,7.14,5.9,Germany,MBA,883129,Yes,Referral,Enrolled,Priya Sharma,2026-04-15,2026-05-18,Converted,85,Low,80,Germany,Not Eligible
ST5403,Chandresh Barad,Male,18,Indore,Madhya Pradesh,BSc,Finance,9.53,6.8,Germany,Finance,1360647,Yes,Website,Counseling,Priya Sharma,2026-05-22,2026-07-26,Dropped,95,Low,97,Germany,Merit Scholarship
ST5404,Hamsini Murthy,Male,23,Indore,Madhya Pradesh,BTech,IT,8.18,6.5,USA,Computer Science,2726534,Yes,Instagram,New Lead,Rahul Singh,2025-05-23,2025-06-12,Inactive,93,Low,91,USA,Partial Scholarship
ST5405,Januja Deol,Male,18,Chennai,Tamil Nadu,BCom,IT,6.99,7.8,UK,Business Analytics,3258030,Yes,Website,Contacted,Rohit Gupta,2025-10-19,2026-01-20,Inactive,89,Low,92,Canada,Not Eligible
ST5406,Bachittar Lad,Female,19,Ahmedabad,Gujarat,BBA,IT,8.36,6.0,USA,Finance,2994103,Yes,Instagram,Visa,Rohit Gupta,2026-05-14,2026-08-10,Converted,85,Low,88,USA,Partial Scholarship
ST5407,Falan Vora,Male,21,Pune,Maharashtra,BBA,IT,9.14,6.8,UK,Finance,2112059,Yes,Referral,Offer Letter,Sneha Jain,2025-04-16,2025-06-28,Active,97,Low,100,UK,Merit Scholarship
ST5408,Pavani Kata,Female,27,Pune,Maharashtra,BA,Mechanical,8.24,7.9,Australia,Finance,803537,Yes,WhatsApp,Contacted,Amit Verma,2025-08-07,2025-11-24,Dropped,99,Low,96,Germany,Partial Scholarship
ST5409,Samaksh Shankar,Male,21,Bhopal,Madhya Pradesh,BCom,ECE,9.13,6.6,UK,Cyber Security,2750930,Yes,Website,Visa,Sneha Jain,2025-04-14,2025-06-26,Converted,91,Low,100,UK,Merit Scholarship
ST5410,Gaurang Merchant,Male,18,Delhi,Delhi,BTech,Biotechnology,8.45,7.3,USA,MBA,3059628,No,Seminar,New Lead,Priya Sharma,2026-02-23,2026-04-16,Inactive,99,Low,100,Canada,Partial Scholarship
ST5411,Girik Kala,Male,28,Mumbai,Maharashtra,BSc,Biotechnology,9.16,5.7,Australia,Computer Science,1751022,Yes,WhatsApp,Contacted,Sneha Jain,2024-12-07,2024-12-11,Active,83,Low,83,Australia,Merit Scholarship
ST5412,Bakhshi Palan,Male,22,Hyderabad,Telangana,BA,Mechanical,7.15,6.7,Germany,Data Science,1269332,Yes,Instagram,Visa,Sneha Jain,2026-01-10,2026-04-26,Converted,64,Medium,73,Germany,Not Eligible
ST5413,Vasudha Palan,Male,26,Delhi,Delhi,BCom,Biotechnology,9.52,6.7,Australia,Finance,3445972,Yes,Referral,Visa,Priya Sharma,2025-12-12,2026-03-07,Converted,90,Low,100,Australia,Merit Scholarship
ST5414,George Bail,Female,18,Pune,Maharashtra,BTech,CSE,6.89,6.1,Canada,Finance,1530179,Yes,WhatsApp,Visa,Rohit Gupta,2025-11-25,2025-12-29,Converted,58,Medium,63,Canada,Not Eligible
ST5415,Vasana Kohli,Female,27,Pune,Maharashtra,BBA,IT,8.74,7.5,Canada,Finance,2601574,Yes,Instagram,Enrolled,Priya Sharma,2024-12-25,2025-03-12,Converted,99,Low,100,Canada,Merit Scholarship
ST5416,Sathvik Yogi,Male,23,Bangalore,Karnataka,BCom,CSE,9.64,7.1,Germany,Data Science,1410744,Yes,Seminar,Offer Letter,Priya Sharma,2024-10-23,2024-11-12,Active,98,Low,100,Germany,Merit Scholarship
ST5417,Avi Tella,Male,26,Bhopal,Madhya Pradesh,BSc,CSE,9.52,8.5,Australia,Artificial Intelligence,2641705,Yes,WhatsApp,Contacted,Priya Sharma,2025-08-07,2025-08-14,Dropped,99,Low,100,Canada,Merit Scholarship
ST5418,Diya Boase,Female,27,Mumbai,Maharashtra,BBA,CSE,7.05,7.5,Canada,Cyber Security,1676363,Yes,Instagram,Offer Letter,Priya Sharma,2025-12-13,2025-12-22,Dropped,88,Low,80,Canada,Not Eligible
ST5419,Ekta Biswas,Male,18,Pune,Maharashtra,BCom,IT,6.22,6.1,UK,MBA,1824105,No,Instagram,Documents,Rahul Singh,2025-02-05,2025-03-20,Active,63,High,57,UK,Not Eligible
ST5420,Gunbir Gala,Male,25,Delhi,Delhi,BA,ECE,8.56,8.1,Australia,Cyber Security,2983588,Yes,Instagram,Contacted,Rohit Gupta,2025-04-27,2025-06-15,Dropped,98,Low,100,Canada,Merit Scholarship
ST5421,Irya Naik,Male,25,Delhi,Delhi,BSc,IT,8.23,5.9,Australia,MBA,2898921,No,Seminar,Documents,Sneha Jain,2025-12-09,2026-01-27,Active,80,Low,86,Australia,Partial Scholarship
ST5422,Damini Tara,Male,26,Jaipur,Rajasthan,BBA,CSE,9.72,6.2,USA,Data Science,2817123,Yes,Seminar,New Lead,Amit Verma,2024-08-29,2024-12-02,Inactive,99,Low,100,USA,Merit Scholarship
ST5423,Arjun Ahuja,Female,20,Indore,Madhya Pradesh,BTech,Biotechnology,6.92,8.0,UK,Artificial Intelligence,1907359,No,Website,New Lead,Rahul Singh,2025-04-03,2025-06-18,Dropped,78,Low,84,Canada,Not Eligible
ST5424,Hiral Bhat,Male,24,Pune,Maharashtra,BTech,Marketing,7.72,6.2,Canada,Data Science,1689481,No,Referral,New Lead,Amit Verma,2026-05-01,2026-07-09,Dropped,92,Low,89,Canada,Partial Scholarship
ST5425,Darsh Sane,Male,27,Hyderabad,Telangana,BSc,CSE,7.31,7.8,Canada,Artificial Intelligence,3264063,No,WhatsApp,Documents,Amit Verma,2024-07-03,2024-07-08,Active,91,Low,96,Canada,Not Eligible
ST5426,Vaishnavi Borra,Male,25,Hyderabad,Telangana,BBA,CSE,9.33,5.8,Canada,Cyber Security,883600,Yes,Instagram,Offer Letter,Sneha Jain,2024-07-21,2024-07-22,Active,77,Low,85,Germany,Merit Scholarship
ST5427,Tanay Gulati,Female,25,Bangalore,Karnataka,BCom,Biotechnology,9.68,6.6,UK,Business Analytics,3406541,Yes,Referral,Counseling,Rohit Gupta,2025-12-30,2026-04-07,Active,93,Low,100,UK,Merit Scholarship
ST5428,Bhavani Divan,Female,20,Ahmedabad,Gujarat,BA,CSE,9.11,7.0,Germany,Finance,964650,Yes,Seminar,Application,Amit Verma,2025-08-04,2025-09-13,Active,99,Low,96,Germany,Merit Scholarship
ST5429,Ekanta Nagar,Female,18,Mumbai,Maharashtra,BBA,Biotechnology,7.45,6.5,Germany,Artificial Intelligence,1416661,Yes,Referral,Visa,Priya Sharma,2024-08-24,2024-09-21,Converted,91,Low,89,Germany,Not Eligible
ST5430,Panini Palla,Female,28,Indore,Madhya Pradesh,BCom,CSE,7.83,8.4,Canada,Artificial Intelligence,2125152,Yes,Referral,Enrolled,Rohit Gupta,2026-02-03,2026-04-14,Converted,99,Low,100,Canada,Partial Scholarship
ST5431,Jeet Date,Male,18,Mumbai,Maharashtra,BCom,Finance,7.93,6.3,Canada,Business Analytics,856226,Yes,WhatsApp,Visa,Amit Verma,2024-12-24,2025-04-18,Converted,83,Medium,76,Germany,Partial Scholarship
ST5432,Kai Samra,Female,22,Pune,Maharashtra,BSc,Biotechnology,8.27,6.8,Germany,Business Analytics,932218,No,Referral,Documents,Rohit Gupta,2025-06-22,2025-08-24,Active,99,Low,99,Germany,Partial Scholarship
ST5433,Mitesh Sandal,Female,26,Bangalore,Karnataka,BBA,IT,9.35,5.9,Canada,Artificial Intelligence,2758701,Yes,Referral,Offer Letter,Rohit Gupta,2024-08-27,2024-11-03,Inactive,99,Low,100,Canada,Merit Scholarship
ST5434,Balvan Sen,Female,18,Mumbai,Maharashtra,BSc,Mechanical,7.42,7.9,Canada,Artificial Intelligence,2751639,No,Referral,Offer Letter,Priya Sharma,2025-01-13,2025-04-17,Dropped,99,Low,100,Canada,Not Eligible
ST5435,Anita Warrior,Female,26,Bangalore,Karnataka,BA,ECE,8.15,5.6,Canada,MBA,2978545,No,Seminar,Counseling,Sneha Jain,2024-09-11,2024-11-28,Inactive,71,Low,81,Canada,Partial Scholarship
ST5436,Wyatt Kothari,Male,19,Bangalore,Karnataka,BCom,Biotechnology,6.54,6.8,Canada,Data Science,825308,No,Seminar,Counseling,Rohit Gupta,2024-11-25,2025-02-19,Active,75,Medium,67,Germany,Not Eligible
ST5437,Jacob Vyas,Male,23,Indore,Madhya Pradesh,BCom,ECE,8.69,7.1,UK,Artificial Intelligence,2727550,Yes,Seminar,Documents,Rahul Singh,2025-11-26,2025-12-15,Dropped,91,Low,100,Canada,Merit Scholarship
ST5438,Rudra Dhawan,Male,28,Chennai,Tamil Nadu,BBA,CSE,8.57,8.3,UK,Finance,1372415,Yes,Seminar,Enrolled,Amit Verma,2025-12-18,2026-03-17,Converted,99,Low,100,Germany,Merit Scholarship
ST5439,Ria Sheth,Female,27,Mumbai,Maharashtra,BTech,Mechanical,9.07,8.0,Australia,MBA,2828352,Yes,Seminar,Enrolled,Rohit Gupta,2026-03-31,2026-06-17,Converted,99,Low,100,Canada,Merit Scholarship
ST5440,Hamsini Balasubramanian,Female,22,Pune,Maharashtra,BSc,ECE,9.44,7.9,UK,Business Analytics,3336139,Yes,Referral,Documents,Rahul Singh,2026-02-20,2026-04-10,Active,99,Low,100,Canada,Merit Scholarship
ST5441,Vincent Dugar,Male,27,Hyderabad,Telangana,BSc,IT,9.42,6.0,Australia,MBA,1790920,Yes,Seminar,Contacted,Priya Sharma,2024-08-18,2024-10-02,Active,87,Low,89,Australia,Merit Scholarship
ST5442,Yadavi Sidhu,Male,26,Mumbai,Maharashtra,BBA,IT,8.71,5.6,Canada,Finance,3394042,Yes,Referral,New Lead,Rahul Singh,2026-03-15,2026-04-08,Inactive,95,Low,100,Canada,Merit Scholarship
ST5443,Bina Narayan,Male,25,Chennai,Tamil Nadu,BA,Mechanical,9.66,7.4,UK,Data Science,1824280,Yes,Website,Enrolled,Priya Sharma,2025-03-14,2025-05-05,Converted,99,Low,100,Canada,Merit Scholarship
ST5444,Chandran Varughese,Female,26,Jaipur,Rajasthan,BSc,Biotechnology,8.79,7.6,Australia,Finance,1393199,Yes,Referral,Offer Letter,Rahul Singh,2026-02-05,2026-05-15,Active,98,Low,100,Germany,Merit Scholarship
ST5445,Lucky Bhardwaj,Female,25,Delhi,Delhi,BA,Marketing,7.41,6.4,Canada,Finance,1561210,No,Seminar,New Lead,Priya Sharma,2024-09-14,2024-09-20,Dropped,68,Medium,73,Canada,Not Eligible
ST5446,Sathvik Lad,Female,25,Ahmedabad,Gujarat,BA,ECE,8.87,7.4,Germany,Artificial Intelligence,1417390,Yes,WhatsApp,Application,Priya Sharma,2025-04-19,2025-06-16,Inactive,99,Low,97,Germany,Merit Scholarship
ST5447,Ekani Jaggi,Female,20,Jaipur,Rajasthan,BCom,Mechanical,7.5,7.2,Germany,Artificial Intelligence,1480090,No,Instagram,New Lead,Rohit Gupta,2025-09-01,2025-11-29,Dropped,76,Low,82,Germany,Partial Scholarship
ST5448,Yashvi Choudhury,Male,28,Indore,Madhya Pradesh,BBA,ECE,8.58,6.5,Canada,Data Science,1275343,Yes,Website,Counseling,Amit Verma,2024-11-05,2025-02-01,Active,87,Low,85,Germany,Merit Scholarship
ST5449,Chasmum Grewal,Male,22,Bangalore,Karnataka,BBA,ECE,7.78,6.0,Australia,Cyber Security,2448756,Yes,Seminar,New Lead,Sneha Jain,2024-10-16,2025-01-22,Active,90,Low,82,Australia,Partial Scholarship
ST5450,Ojas Batta,Male,19,Hyderabad,Telangana,BA,Mechanical,7.43,5.5,Germany,Computer Science,1300535,Yes,Referral,New Lead,Rohit Gupta,2024-12-27,2025-02-10,Dropped,74,Medium,79,Germany,Not Eligible
ST5451,Ethan Suresh,Female,23,Bhopal,Madhya Pradesh,BTech,IT,6.5,6.2,Germany,MBA,1146484,Yes,WhatsApp,Counseling,Sneha Jain,2024-09-14,2025-01-07,Inactive,60,Medium,62,Germany,Not Eligible
ST5452,Anvi Varma,Male,20,Pune,Maharashtra,BCom,Mechanical,6.92,7.7,Canada,MBA,1578222,Yes,Referral,Counseling,Amit Verma,2026-01-16,2026-02-27,Dropped,99,Low,96,Canada,Not Eligible
ST5453,Zinal Pandey,Male,24,Hyderabad,Telangana,BSc,Mechanical,8.47,8.4,UK,Finance,2263686,No,Website,Documents,Sneha Jain,2025-09-28,2025-10-29,Active,99,Low,100,Canada,Partial Scholarship
ST5454,Sai Karnik,Male,27,Mumbai,Maharashtra,BA,ECE,8.61,6.0,Australia,Data Science,2773640,Yes,Instagram,Counseling,Priya Sharma,2025-07-22,2025-08-14,Inactive,98,Low,91,Australia,Merit Scholarship
ST5455,Ikbal Singhal,Male,25,Ahmedabad,Gujarat,BBA,Finance,7.4,5.5,Germany,Computer Science,1124571,No,Website,Contacted,Rahul Singh,2025-08-22,2025-11-20,Inactive,66,Medium,64,Germany,Not Eligible
ST5456,Dhruv Dhar,Male,23,Hyderabad,Telangana,BTech,ECE,8.95,7.5,UK,Finance,885429,Yes,Referral,Application,Rahul Singh,2025-11-13,2026-02-16,Active,99,Low,100,Germany,Merit Scholarship
ST5457,Dev Dhar,Female,28,Bangalore,Karnataka,BA,Biotechnology,6.26,8.4,UK,Finance,2944417,No,Referral,Offer Letter,Amit Verma,2025-05-16,2025-07-11,Dropped,99,Low,100,Canada,Not Eligible
ST5458,Edhitha Muni,Female,28,Delhi,Delhi,BSc,CSE,8.22,7.3,Australia,MBA,2595150,Yes,Seminar,Application,Priya Sharma,2025-10-01,2025-10-17,Dropped,99,Low,100,Canada,Partial Scholarship
ST5459,Yash Memon,Male,20,Bhopal,Madhya Pradesh,BA,Finance,7.39,6.4,Canada,Computer Science,1647533,No,WhatsApp,Contacted,Amit Verma,2024-06-28,2024-08-09,Dropped,81,Medium,72,Canada,Not Eligible
ST5460,Hema Sarna,Female,22,Chennai,Tamil Nadu,BA,Mechanical,8.99,7.6,UK,Data Science,2856656,Yes,Seminar,Offer Letter,Priya Sharma,2024-06-04,2024-07-25,Active,99,Low,100,Canada,Merit Scholarship
ST5461,Yatin Karpe,Male,18,Hyderabad,Telangana,BTech,CSE,8.28,6.9,Australia,Cyber Security,3230010,Yes,Instagram,Offer Letter,Amit Verma,2025-05-24,2025-05-31,Inactive,98,Low,96,Australia,Partial Scholarship
ST5462,Ojasvi Modi,Male,21,Hyderabad,Telangana,BCom,Mechanical,8.06,7.0,Canada,Finance,3112908,No,Website,Enrolled,Priya Sharma,2025-03-05,2025-05-07,Converted,99,Low,95,Canada,Partial Scholarship
ST5463,Alka Balay,Male,27,Bangalore,Karnataka,BTech,Biotechnology,8.53,7.8,Canada,MBA,2269476,Yes,Instagram,Offer Letter,Rohit Gupta,2025-05-12,2025-06-22,Inactive,99,Low,100,Canada,Merit Scholarship
ST5464,Indrajit Chaudhari,Female,20,Bhopal,Madhya Pradesh,BTech,Marketing,6.23,6.3,Germany,Artificial Intelligence,829158,Yes,Seminar,Contacted,Sneha Jain,2025-12-09,2026-03-14,Dropped,58,High,59,Germany,Not Eligible
ST5465,Hemang Bhagat,Female,18,Jaipur,Rajasthan,BA,Biotechnology,8.03,6.3,UK,Finance,2555292,No,Website,Visa,Amit Verma,2025-07-11,2025-10-21,Active,96,Low,87,UK,Partial Scholarship
ST5466,Ganga Rout,Male,27,Delhi,Delhi,BBA,Biotechnology,6.65,7.5,Canada,Computer Science,2759869,No,Instagram,Visa,Amit Verma,2024-09-03,2024-10-23,Converted,95,Low,86,Canada,Not Eligible
ST5467,Manan Barman,Male,19,Hyderabad,Telangana,BTech,IT,7.6,7.5,UK,Cyber Security,3114411,No,Website,Counseling,Sneha Jain,2026-03-22,2026-06-02,Inactive,91,Low,95,Canada,Partial Scholarship
ST5468,Geetika Srinivasan,Female,27,Hyderabad,Telangana,BSc,Finance,7.0,6.3,Canada,MBA,2584066,Yes,Seminar,Documents,Priya Sharma,2025-02-15,2025-03-10,Active,76,Medium,77,Canada,Not Eligible
ST5469,Aradhana Chatterjee,Male,26,Indore,Madhya Pradesh,BTech,Biotechnology,8.55,6.4,Canada,Artificial Intelligence,2861617,Yes,Referral,Contacted,Rohit Gupta,2024-06-29,2024-07-01,Inactive,90,Low,100,Canada,Merit Scholarship
ST5470,Vihaan Dey,Male,22,Bangalore,Karnataka,BTech,Finance,8.23,6.5,Germany,Data Science,1051808,No,Referral,Visa,Rohit Gupta,2025-05-28,2025-07-16,Converted,99,Low,97,Germany,Partial Scholarship
ST5471,Pavani Mann,Male,27,Bangalore,Karnataka,BA,Finance,6.81,6.9,Canada,Artificial Intelligence,3010538,No,Website,Offer Letter,Rahul Singh,2025-06-28,2025-10-08,Dropped,81,Low,82,Canada,Not Eligible
ST5472,Ayushman Malhotra,Female,26,Hyderabad,Telangana,BSc,CSE,7.23,7.6,Australia,Computer Science,2034182,Yes,Seminar,Enrolled,Priya Sharma,2024-11-01,2024-12-23,Converted,90,Low,92,Canada,Not Eligible
ST5473,Omaja Bora,Male,28,Chennai,Tamil Nadu,BBA,IT,7.04,8.1,Australia,Finance,2399830,No,WhatsApp,Application,Sneha Jain,2025-06-19,2025-10-14,Active,98,Low,95,Canada,Not Eligible
ST5474,Niharika Samra,Female,28,Jaipur,Rajasthan,BTech,CSE,9.78,8.0,Canada,Cyber Security,962562,Yes,Website,Enrolled,Amit Verma,2025-08-28,2025-12-02,Converted,99,Low,100,Germany,Merit Scholarship
ST5475,Chandani Wason,Female,27,Hyderabad,Telangana,BTech,Marketing,8.89,6.6,Germany,MBA,923193,Yes,Website,Documents,Rahul Singh,2026-03-26,2026-05-02,Dropped,88,Low,88,Germany,Merit Scholarship
ST5476,Devika Chaudhry,Male,27,Delhi,Delhi,BCom,CSE,8.91,7.3,UK,Data Science,3096610,Yes,Referral,Documents,Rohit Gupta,2025-01-04,2025-01-20,Inactive,99,Low,100,Canada,Merit Scholarship
ST5477,Chandran Varghese,Female,25,Chennai,Tamil Nadu,BA,IT,7.36,6.1,Germany,Business Analytics,984056,No,Instagram,Offer Letter,Rahul Singh,2025-05-13,2025-08-02,Active,74,Medium,68,Germany,Not Eligible
ST5478,Aditya Dugar,Female,28,Jaipur,Rajasthan,BCom,ECE,8.61,5.7,UK,Artificial Intelligence,1654018,Yes,Website,Enrolled,Sneha Jain,2024-06-08,2024-06-18,Converted,74,Medium,78,UK,Merit Scholarship
ST5479,Vritti Babu,Male,23,Bhopal,Madhya Pradesh,BA,Biotechnology,7.18,8.5,Canada,Artificial Intelligence,1932481,Yes,WhatsApp,Documents,Sneha Jain,2024-10-31,2025-01-15,Active,96,Low,91,Canada,Not Eligible
ST5480,Naveen Devi,Female,24,Ahmedabad,Gujarat,BTech,IT,8.94,8.5,Canada,Business Analytics,2055625,Yes,Referral,Offer Letter,Rahul Singh,2025-01-13,2025-03-14,Inactive,91,Low,100,Canada,Merit Scholarship
ST5481,Champak Sachdev,Female,20,Ahmedabad,Gujarat,BTech,Biotechnology,9.08,5.6,Canada,Computer Science,1122493,Yes,Instagram,New Lead,Sneha Jain,2024-11-19,2024-12-17,Active,88,Low,80,Germany,Merit Scholarship
ST5482,Vincent Rao,Female,22,Jaipur,Rajasthan,BTech,CSE,6.03,7.0,UK,Finance,2443552,No,Referral,Counseling,Priya Sharma,2024-09-15,2024-12-24,Dropped,82,Low,90,Canada,Not Eligible
ST5483,Nisha Shah,Male,19,Bhopal,Madhya Pradesh,BA,Biotechnology,9.18,6.7,Australia,Finance,2643227,Yes,WhatsApp,Contacted,Priya Sharma,2025-08-22,2025-09-15,Inactive,95,Low,100,Australia,Merit Scholarship
ST5484,Dominic Patla,Female,20,Hyderabad,Telangana,BA,CSE,6.13,7.7,Australia,Data Science,965944,No,WhatsApp,Offer Letter,Rahul Singh,2025-06-16,2025-07-15,Active,82,Medium,73,Germany,Not Eligible
ST5485,Imaran Suri,Male,24,Jaipur,Rajasthan,BBA,Mechanical,8.41,6.9,Germany,Computer Science,1400892,Yes,WhatsApp,Documents,Priya Sharma,2025-03-08,2025-06-26,Active,87,Low,88,Germany,Partial Scholarship
ST5486,Vasudha Borah,Male,24,Bangalore,Karnataka,BCom,ECE,7.7,7.3,Canada,Finance,1676565,Yes,WhatsApp,Documents,Sneha Jain,2025-11-19,2025-11-29,Active,92,Low,85,Canada,Partial Scholarship
ST5487,Bahadurjit Gill,Female,18,Jaipur,Rajasthan,BTech,Marketing,7.82,6.3,USA,Artificial Intelligence,2865405,Yes,WhatsApp,Application,Amit Verma,2025-12-24,2025-12-26,Dropped,87,Low,85,USA,Partial Scholarship
ST5488,Rohan Goswami,Male,19,Indore,Madhya Pradesh,BSc,IT,7.69,7.3,UK,Business Analytics,2466908,No,Referral,Enrolled,Priya Sharma,2024-10-19,2024-12-28,Converted,99,Low,100,Canada,Partial Scholarship
ST5489,Sanya Lal,Female,21,Mumbai,Maharashtra,BBA,Mechanical,6.61,6.0,USA,Cyber Security,2781068,No,Instagram,Enrolled,Sneha Jain,2025-10-11,2025-10-27,Converted,81,Medium,71,USA,Not Eligible
ST5490,Krishna Kota,Male,25,Mumbai,Maharashtra,BCom,CSE,9.21,6.7,Australia,Artificial Intelligence,3300722,Yes,Website,Offer Letter,Priya Sharma,2026-03-03,2026-06-18,Inactive,91,Low,100,Australia,Merit Scholarship
ST5491,Rachana Mandal,Male,20,Ahmedabad,Gujarat,BTech,CSE,8.54,7.0,Australia,Data Science,1824126,Yes,Seminar,Contacted,Rahul Singh,2025-11-23,2026-01-18,Active,95,Low,90,Canada,Merit Scholarship
ST5492,Ira Aurora,Female,20,Bhopal,Madhya Pradesh,BCom,CSE,8.57,7.8,Canada,Finance,2041792,Yes,Website,New Lead,Amit Verma,2026-04-24,2026-06-09,Active,98,Low,100,Canada,Merit Scholarship
ST5493,Pahal Raj,Male,23,Indore,Madhya Pradesh,BA,Finance,6.23,6.6,Canada,Data Science,2374526,Yes,Referral,Visa,Priya Sharma,2025-09-18,2025-12-21,Converted,90,Low,87,Canada,Not Eligible
ST5494,Zilmil Swaminathan,Male,22,Hyderabad,Telangana,BTech,Finance,8.35,8.4,UK,Artificial Intelligence,3208234,Yes,Seminar,Counseling,Priya Sharma,2026-05-22,2026-07-22,Inactive,99,Low,100,Canada,Partial Scholarship
ST5495,Rohan Chaudhuri,Female,24,Delhi,Delhi,BCom,Biotechnology,9.24,5.7,UK,Business Analytics,2749152,Yes,Instagram,Documents,Amit Verma,2025-06-08,2025-09-05,Inactive,90,Low,94,UK,Merit Scholarship
ST5496,Jagat Kannan,Male,26,Indore,Madhya Pradesh,BCom,Finance,8.38,7.1,UK,Data Science,2113773,No,Instagram,Application,Amit Verma,2026-05-11,2026-09-02,Active,96,Low,98,Canada,Partial Scholarship
ST5497,Anamika Sura,Female,28,Mumbai,Maharashtra,BBA,Mechanical,6.02,5.6,Germany,Artificial Intelligence,1213314,Yes,Website,New Lead,Amit Verma,2024-07-02,2024-09-21,Active,54,High,50,Germany,Not Eligible
ST5498,Tristan Batra,Male,27,Ahmedabad,Gujarat,BSc,CSE,7.17,6.5,UK,Artificial Intelligence,2098690,No,Referral,Application,Rahul Singh,2024-12-05,2025-02-01,Active,88,Low,96,UK,Not Eligible
ST5499,Oviya Sur,Female,25,Hyderabad,Telangana,BTech,Biotechnology,7.12,7.9,UK,Data Science,1859048,Yes,Website,Visa,Rohit Gupta,2026-01-11,2026-03-04,Converted,81,Low,85,Canada,Not Eligible
ST5500,Zehaan Chaudry,Male,27,Jaipur,Rajasthan,BBA,Mechanical,8.14,8.0,Australia,Computer Science,2910746,Yes,Referral,Enrolled,Sneha Jain,2025-08-09,2025-11-07,Converted,95,Low,100,Canada,Partial Scholarship
ST5501,Bishakha Sharaf,Female,25,Pune,Maharashtra,BBA,CSE,7.3,5.8,UK,Artificial Intelligence,1728292,No,Referral,Visa,Rahul Singh,2025-11-26,2025-12-16,Converted,78,Medium,79,UK,Not Eligible
ST5502,Omaja Ganesh,Male,21,Bangalore,Karnataka,BCom,Mechanical,8.52,5.5,Canada,Cyber Security,2611977,Yes,Instagram,Application,Rohit Gupta,2026-01-18,2026-02-15,Inactive,90,Low,85,Canada,Merit Scholarship
ST5503,Lila Jain,Female,24,Delhi,Delhi,BA,IT,6.14,7.4,Germany,Data Science,1377578,No,Instagram,Counseling,Priya Sharma,2024-10-14,2025-01-14,Active,67,Medium,70,Germany,Not Eligible
ST5504,Nidhi Sani,Female,22,Mumbai,Maharashtra,BTech,Biotechnology,6.1,6.7,Australia,MBA,3434583,Yes,Seminar,New Lead,Rohit Gupta,2024-09-08,2024-09-28,Active,66,Medium,72,Australia,Not Eligible
ST5505,Fiyaz Mistry,Female,18,Bangalore,Karnataka,BA,Mechanical,6.37,7.4,Canada,Artificial Intelligence,1466105,No,Website,New Lead,Rohit Gupta,2025-12-11,2026-03-09,Inactive,67,Medium,72,Germany,Not Eligible
ST5506,Sara Ben,Female,22,Bhopal,Madhya Pradesh,BCom,Marketing,9.72,7.1,Germany,Cyber Security,826590,Yes,Website,Offer Letter,Rohit Gupta,2024-07-28,2024-11-01,Inactive,90,Low,100,Germany,Merit Scholarship
ST5507,Nisha Deshpande,Male,24,Jaipur,Rajasthan,BA,ECE,6.42,6.2,Canada,Finance,1797313,No,WhatsApp,Counseling,Priya Sharma,2026-05-24,2026-06-14,Active,61,Medium,61,Canada,Not Eligible
ST5508,Jack Doctor,Male,28,Hyderabad,Telangana,BCom,Mechanical,8.93,7.0,Australia,Cyber Security,3168556,Yes,Seminar,Enrolled,Sneha Jain,2024-12-07,2025-01-01,Converted,93,Low,100,Canada,Merit Scholarship
ST5509,Vedika Mannan,Male,28,Ahmedabad,Gujarat,BTech,Marketing,6.08,7.1,Canada,MBA,1732946,Yes,Referral,Enrolled,Rohit Gupta,2025-01-10,2025-04-16,Converted,84,Low,80,Canada,Not Eligible
ST5510,Gopal Kumar,Male,21,Delhi,Delhi,BA,ECE,8.09,6.0,Germany,MBA,1331844,Yes,Referral,Contacted,Rohit Gupta,2025-08-18,2025-09-29,Active,98,Low,90,Germany,Partial Scholarship
ST5511,Nisha Acharya,Female,19,Delhi,Delhi,BTech,CSE,7.15,6.9,UK,Cyber Security,2772371,Yes,WhatsApp,Offer Letter,Rohit Gupta,2025-02-02,2025-03-15,Inactive,92,Low,85,UK,Not Eligible
ST5512,Jacob Amble,Male,19,Delhi,Delhi,BCom,IT,7.72,8.2,Australia,MBA,1362121,Yes,Instagram,Offer Letter,Rohit Gupta,2025-08-05,2025-11-25,Active,92,Low,93,Germany,Partial Scholarship
ST5513,Triveni Khanna,Female,21,Chennai,Tamil Nadu,BTech,ECE,6.1,8.1,Australia,MBA,3361134,No,Website,Counseling,Sneha Jain,2025-02-25,2025-03-31,Inactive,81,Low,85,Canada,Not Eligible
ST5514,Ganga Walia,Male,21,Mumbai,Maharashtra,BSc,CSE,8.36,7.1,USA,MBA,2594212,Yes,Website,Documents,Priya Sharma,2024-07-28,2024-09-15,Active,91,Low,98,Canada,Partial Scholarship
ST5515,Ayush Dasgupta,Female,19,Bhopal,Madhya Pradesh,BTech,Mechanical,6.18,5.5,Australia,Finance,1537948,No,Website,Visa,Sneha Jain,2026-01-31,2026-04-24,Converted,56,High,51,Australia,Not Eligible
ST5516,Nitara Grewal,Female,24,Chennai,Tamil Nadu,BSc,IT,8.42,5.6,UK,Cyber Security,3189277,No,Seminar,Contacted,Rohit Gupta,2024-08-29,2024-11-17,Active,77,Low,84,UK,Partial Scholarship
ST5517,Daniel Andra,Female,19,Hyderabad,Telangana,BA,IT,8.26,6.7,Canada,Computer Science,2546700,Yes,Seminar,Counseling,Rahul Singh,2025-03-11,2025-05-07,Dropped,92,Low,94,Canada,Partial Scholarship
ST5518,Chandani Vaidya,Female,26,Bhopal,Madhya Pradesh,BSc,Biotechnology,7.7,5.6,Australia,MBA,3248194,No,Instagram,Counseling,Rahul Singh,2025-12-13,2026-02-28,Dropped,76,Medium,77,Australia,Partial Scholarship
ST5519,Rudra Chad,Female,21,Mumbai,Maharashtra,BCom,Biotechnology,6.4,8.2,Australia,Finance,3083361,Yes,WhatsApp,Counseling,Rahul Singh,2025-07-16,2025-11-12,Inactive,84,Low,90,Canada,Not Eligible
ST5520,Ishani Sangha,Male,23,Pune,Maharashtra,BSc,Finance,6.89,6.8,UK,Finance,2602517,No,WhatsApp,Documents,Sneha Jain,2025-09-10,2025-12-23,Inactive,84,Low,80,UK,Not Eligible
ST5521,Ati Nagar,Female,20,Ahmedabad,Gujarat,BCom,ECE,8.63,7.5,Australia,Artificial Intelligence,2007518,Yes,WhatsApp,Visa,Rohit Gupta,2025-10-21,2026-01-07,Converted,99,Low,100,Canada,Merit Scholarship
ST5522,Watika Sane,Female,24,Indore,Madhya Pradesh,BBA,Finance,8.85,7.2,Canada,Computer Science,3438620,Yes,Instagram,Visa,Sneha Jain,2025-01-17,2025-03-23,Converted,98,Low,100,Canada,Merit Scholarship
ST5523,Radhika Dhar,Female,26,Delhi,Delhi,BTech,Biotechnology,9.57,6.1,Canada,MBA,903188,Yes,Instagram,Enrolled,Rohit Gupta,2025-03-05,2025-07-02,Converted,91,Low,90,Germany,Merit Scholarship
ST5524,Harita Swaminathan,Female,24,Ahmedabad,Gujarat,BTech,ECE,7.75,7.4,Germany,Business Analytics,854620,Yes,WhatsApp,New Lead,Sneha Jain,2025-10-07,2025-11-28,Inactive,95,Low,86,Germany,Partial Scholarship
ST5525,Caleb Sagar,Male,23,Ahmedabad,Gujarat,BTech,Finance,7.91,7.5,UK,Computer Science,1156012,No,Website,Application,Amit Verma,2024-07-20,2024-10-28,Dropped,83,Low,89,Germany,Partial Scholarship
ST5526,Adya Bath,Male,26,Bhopal,Madhya Pradesh,BCom,Marketing,9.23,8.5,Canada,MBA,3364432,Yes,WhatsApp,New Lead,Sneha Jain,2025-09-06,2025-10-29,Inactive,99,Low,100,Canada,Merit Scholarship
ST5527,Gaurangi Andra,Male,19,Ahmedabad,Gujarat,BA,Finance,9.33,7.1,Australia,Business Analytics,2064437,Yes,Referral,Documents,Sneha Jain,2025-06-09,2025-06-27,Dropped,99,Low,100,Canada,Merit Scholarship
ST5528,Daksh Yadav,Male,25,Pune,Maharashtra,BTech,CSE,8.11,6.5,Australia,Data Science,1602455,Yes,WhatsApp,Enrolled,Rohit Gupta,2026-05-28,2026-09-25,Converted,90,Low,81,Australia,Partial Scholarship
ST5529,Avi Gulati,Female,22,Pune,Maharashtra,BBA,Biotechnology,9.64,5.7,Germany,MBA,860334,Yes,Instagram,Enrolled,Priya Sharma,2026-05-27,2026-08-11,Converted,83,Low,88,Germany,Merit Scholarship
ST5530,Oviya Sabharwal,Male,18,Ahmedabad,Gujarat,BSc,Biotechnology,7.61,6.7,Germany,Cyber Security,1019089,Yes,Website,Contacted,Priya Sharma,2024-06-24,2024-10-16,Active,77,Medium,78,Germany,Partial Scholarship
ST5531,Patrick Bajaj,Male,28,Chennai,Tamil Nadu,BBA,IT,8.95,8.0,Australia,Computer Science,3380013,Yes,Seminar,Documents,Rohit Gupta,2024-06-20,2024-07-22,Inactive,98,Low,100,Canada,Merit Scholarship
ST5532,Rudra Parmar,Male,18,Pune,Maharashtra,BSc,Mechanical,7.31,7.6,UK,Artificial Intelligence,2099245,No,WhatsApp,Application,Priya Sharma,2025-04-26,2025-06-27,Inactive,87,Low,93,Canada,Not Eligible
ST5533,Quincy Sawhney,Female,28,Bangalore,Karnataka,BSc,Marketing,6.93,8.2,Canada,Business Analytics,2354792,No,Seminar,Enrolled,Rohit Gupta,2025-11-24,2026-01-13,Converted,99,Low,95,Canada,Not Eligible
ST5534,Tristan Goswami,Female,28,Mumbai,Maharashtra,BBA,Biotechnology,7.38,6.6,Australia,Computer Science,2377481,No,Seminar,Visa,Priya Sharma,2025-10-17,2026-02-13,Converted,93,Low,83,Australia,Not Eligible
ST5535,Baljiwan Ahluwalia,Male,27,Hyderabad,Telangana,BCom,Biotechnology,8.55,5.7,Canada,Data Science,2882792,Yes,Seminar,Counseling,Rohit Gupta,2025-10-18,2026-01-15,Inactive,91,Low,87,Canada,Merit Scholarship
ST5536,Lucky Bumb,Female,18,Indore,Madhya Pradesh,BBA,Biotechnology,6.62,8.2,Canada,Business Analytics,2079554,Yes,Instagram,Enrolled,Rahul Singh,2025-09-13,2026-01-11,Converted,85,Low,92,Canada,Not Eligible
ST5537,Devansh Bahl,Male,22,Indore,Madhya Pradesh,BA,Biotechnology,8.92,6.1,Australia,Computer Science,2618904,Yes,Seminar,Application,Rohit Gupta,2025-11-11,2026-02-06,Dropped,90,Low,94,Australia,Merit Scholarship
ST5538,Chavvi Barad,Male,20,Chennai,Tamil Nadu,BTech,Marketing,9.43,6.9,UK,Artificial Intelligence,2270863,Yes,Referral,New Lead,Rohit Gupta,2025-03-31,2025-04-11,Dropped,99,Low,100,UK,Merit Scholarship
ST5539,Vinaya Thaker,Male,25,Indore,Madhya Pradesh,BA,ECE,8.76,8.4,Australia,Data Science,2753428,Yes,Seminar,Documents,Priya Sharma,2025-04-17,2025-04-21,Active,99,Low,100,Canada,Merit Scholarship
ST5540,Turvi Sundaram,Female,28,Jaipur,Rajasthan,BBA,ECE,9.07,6.1,Canada,MBA,1124514,Yes,WhatsApp,New Lead,Rahul Singh,2025-12-22,2026-03-27,Dropped,85,Low,85,Germany,Merit Scholarship
ST5541,Ikbal Shanker,Female,26,Jaipur,Rajasthan,BBA,Finance,7.93,8.4,Canada,Artificial Intelligence,2548411,No,Referral,Enrolled,Amit Verma,2025-11-27,2026-01-25,Converted,92,Low,100,Canada,Partial Scholarship
ST5542,Balhaar Goswami,Male,23,Jaipur,Rajasthan,BCom,ECE,7.1,6.9,Australia,Finance,1687297,Yes,WhatsApp,Offer Letter,Rahul Singh,2024-11-17,2025-01-09,Active,83,Medium,74,Australia,Not Eligible
ST5543,Hemang Rajagopalan,Female,23,Ahmedabad,Gujarat,BTech,ECE,9.65,6.2,Canada,MBA,2914716,Yes,WhatsApp,Application,Amit Verma,2024-12-25,2025-04-01,Active,93,Low,100,Canada,Merit Scholarship
ST5544,Jack Sawhney,Male,22,Ahmedabad,Gujarat,BTech,Mechanical,9.73,6.3,Australia,Business Analytics,2250007,Yes,Referral,New Lead,Rahul Singh,2025-03-30,2025-07-09,Inactive,99,Low,100,Australia,Merit Scholarship
ST5545,Chakrika Agrawal,Female,20,Jaipur,Rajasthan,BSc,Biotechnology,7.49,7.5,Australia,Cyber Security,935737,No,WhatsApp,New Lead,Amit Verma,2024-08-10,2024-10-17,Dropped,91,Low,84,Germany,Not Eligible
ST5546,Aarnav Dhar,Female,23,Bhopal,Madhya Pradesh,BBA,CSE,6.95,7.7,Canada,MBA,1102139,Yes,Instagram,Application,Sneha Jain,2026-01-14,2026-04-22,Dropped,91,Low,81,Germany,Not Eligible
ST5547,Oni Mittal,Female,25,Bhopal,Madhya Pradesh,BTech,Mechanical,8.58,6.2,Australia,Data Science,3024452,Yes,WhatsApp,New Lead,Rohit Gupta,2025-05-05,2025-07-07,Inactive,97,Low,92,Australia,Merit Scholarship
ST5548,Isaiah Ganguly,Female,27,Bhopal,Madhya Pradesh,BTech,Marketing,9.45,6.6,Australia,Cyber Security,1965089,Yes,Referral,Counseling,Sneha Jain,2025-05-10,2025-07-21,Inactive,99,Low,100,Australia,Merit Scholarship
ST5549,Harshil Boase,Female,21,Indore,Madhya Pradesh,BTech,Biotechnology,6.17,5.6,UK,Cyber Security,2463965,Yes,Website,Counseling,Rohit Gupta,2025-11-22,2026-02-27,Inactive,54,Medium,61,UK,Not Eligible
ST5550,Qabil Chokshi,Male,20,Hyderabad,Telangana,BCom,IT,9.11,7.7,Australia,Finance,1031407,Yes,Referral,Contacted,Sneha Jain,2025-06-01,2025-07-24,Inactive,99,Low,100,Germany,Merit Scholarship
ST5551,Yashica Sethi,Female,25,Delhi,Delhi,BBA,ECE,8.9,7.4,Germany,Data Science,1424740,Yes,Referral,Documents,Priya Sharma,2024-11-30,2024-12-26,Dropped,97,Low,100,Germany,Merit Scholarship
ST5552,Amrita Pai,Female,27,Pune,Maharashtra,BTech,IT,6.34,7.6,UK,Data Science,2066596,Yes,Referral,Application,Rahul Singh,2024-10-04,2025-01-08,Inactive,91,Low,98,Canada,Not Eligible
ST5553,Qadim Puri,Male,27,Delhi,Delhi,BCom,Biotechnology,7.33,6.6,Australia,Business Analytics,2078885,No,Referral,Visa,Rahul Singh,2026-02-20,2026-05-12,Converted,91,Low,98,Australia,Not Eligible
ST5554,Lipika Chopra,Female,19,Hyderabad,Telangana,BA,IT,9.54,7.4,UK,Business Analytics,1688600,Yes,WhatsApp,New Lead,Sneha Jain,2026-01-16,2026-05-08,Active,95,Low,100,Canada,Merit Scholarship
ST5555,Indali Sahni,Male,21,Bangalore,Karnataka,BBA,IT,8.7,5.5,Canada,Finance,889666,Yes,WhatsApp,Counseling,Sneha Jain,2026-01-16,2026-05-15,Dropped,80,Medium,76,Germany,Merit Scholarship
ST5556,Manya Lad,Male,21,Delhi,Delhi,BSc,CSE,7.44,7.5,Australia,Data Science,2344800,No,Seminar,Application,Sneha Jain,2026-02-12,2026-02-26,Active,99,Low,94,Canada,Not Eligible
ST5557,Qushi Mukherjee,Male,26,Pune,Maharashtra,BA,IT,7.93,7.6,UK,Finance,1829548,No,WhatsApp,Counseling,Priya Sharma,2024-08-14,2024-10-04,Dropped,90,Low,89,Canada,Partial Scholarship
ST5558,Owen Bal,Male,19,Jaipur,Rajasthan,BCom,ECE,9.64,6.9,UK,MBA,2608271,Yes,Instagram,New Lead,Amit Verma,2026-02-10,2026-02-17,Active,96,Low,100,UK,Merit Scholarship
ST5559,Wishi Sandal,Female,26,Chennai,Tamil Nadu,BSc,Finance,7.43,6.7,USA,Business Analytics,2838165,Yes,Instagram,Offer Letter,Amit Verma,2024-09-18,2024-12-25,Inactive,94,Low,86,USA,Not Eligible
ST5560,Balhaar Virk,Male,19,Hyderabad,Telangana,BTech,CSE,6.67,6.1,USA,Computer Science,3280898,Yes,Website,Contacted,Sneha Jain,2025-01-11,2025-04-30,Inactive,63,Medium,71,USA,Not Eligible
ST5561,Warhi Bobal,Female,18,Delhi,Delhi,BTech,Biotechnology,6.94,6.2,Canada,Finance,3406115,Yes,Website,Application,Amit Verma,2026-05-20,2026-07-17,Inactive,83,Medium,76,Canada,Not Eligible
ST5562,Atharv Madan,Male,23,Delhi,Delhi,BA,Biotechnology,6.11,5.8,USA,Data Science,3054579,No,Referral,Visa,Priya Sharma,2025-08-27,2025-09-07,Active,70,Medium,78,USA,Not Eligible
ST5563,Vasatika Bala,Male,20,Bhopal,Madhya Pradesh,BCom,Biotechnology,8.08,7.7,Canada,Artificial Intelligence,2623041,Yes,Website,Documents,Priya Sharma,2025-03-06,2025-04-13,Inactive,93,Low,100,Canada,Partial Scholarship
ST5564,Amrita Rout,Male,18,Bhopal,Madhya Pradesh,BSc,ECE,7.79,8.0,Canada,Data Science,1596822,No,Referral,Documents,Rahul Singh,2025-04-03,2025-07-26,Dropped,99,Low,100,Canada,Partial Scholarship
ST5565,Yug Dugar,Male,20,Delhi,Delhi,BSc,IT,7.11,6.7,Germany,Business Analytics,910285,No,Instagram,Application,Amit Verma,2025-05-27,2025-08-26,Inactive,71,Medium,73,Germany,Not Eligible
ST5566,Tanish Gera,Male,19,Indore,Madhya Pradesh,BTech,Mechanical,9.63,7.1,Germany,Artificial Intelligence,1160385,Yes,Seminar,New Lead,Sneha Jain,2025-06-17,2025-08-11,Inactive,99,Low,100,Germany,Merit Scholarship
ST5567,Yug Virk,Female,26,Bhopal,Madhya Pradesh,BBA,IT,9.28,8.4,Canada,Finance,2557047,Yes,WhatsApp,New Lead,Sneha Jain,2025-06-11,2025-08-09,Inactive,99,Low,100,Canada,Merit Scholarship
ST5568,Warjas Jha,Female,27,Bhopal,Madhya Pradesh,BA,Marketing,9.16,6.2,Canada,Artificial Intelligence,2095296,Yes,Referral,New Lead,Sneha Jain,2024-12-16,2025-04-15,Active,90,Low,100,Canada,Merit Scholarship
ST5569,Radha Sastry,Male,28,Ahmedabad,Gujarat,BBA,Mechanical,6.8,5.9,UK,Artificial Intelligence,3411027,No,Seminar,Counseling,Priya Sharma,2026-05-29,2026-09-12,Dropped,74,Medium,71,UK,Not Eligible
ST5570,Pallavi Sarkar,Female,21,Bangalore,Karnataka,BCom,Biotechnology,8.17,6.1,Canada,Computer Science,2278954,Yes,Seminar,Visa,Priya Sharma,2026-05-06,2026-08-23,Active,85,Low,86,Canada,Partial Scholarship
ST5571,Owen Saini,Female,27,Bhopal,Madhya Pradesh,BTech,IT,9.43,7.4,Australia,Data Science,1844613,Yes,Website,Visa,Amit Verma,2025-05-27,2025-05-31,Converted,99,Low,100,Canada,Merit Scholarship
ST5572,Chanakya Sur,Female,22,Bhopal,Madhya Pradesh,BSc,Mechanical,6.4,6.1,Australia,Computer Science,1911931,Yes,Instagram,Counseling,Rahul Singh,2025-01-27,2025-02-04,Dropped,53,High,59,Australia,Not Eligible
ST5573,Wishi Gokhale,Male,22,Bhopal,Madhya Pradesh,BTech,CSE,7.74,7.6,Canada,Computer Science,1253177,Yes,WhatsApp,Offer Letter,Priya Sharma,2026-03-28,2026-07-08,Active,94,Low,87,Germany,Partial Scholarship
ST5574,Aarav Rastogi,Female,27,Chennai,Tamil Nadu,BSc,Marketing,7.55,6.5,Australia,MBA,2084863,No,WhatsApp,Documents,Amit Verma,2024-10-27,2025-01-04,Active,85,Low,85,Australia,Partial Scholarship
ST5575,Ganga Lanka,Female,19,Ahmedabad,Gujarat,BCom,Finance,8.69,7.9,Australia,Finance,1883304,Yes,Seminar,Application,Rohit Gupta,2025-12-06,2025-12-28,Inactive,99,Low,100,Canada,Merit Scholarship
ST5576,Ekta Dasgupta,Male,27,Jaipur,Rajasthan,BSc,Marketing,7.77,7.0,Germany,Artificial Intelligence,1469271,Yes,WhatsApp,Application,Rohit Gupta,2025-02-26,2025-04-01,Active,77,Low,82,Germany,Partial Scholarship
ST5577,Hitesh Dara,Female,21,Delhi,Delhi,BCom,Mechanical,6.68,6.6,Germany,Artificial Intelligence,945357,No,Instagram,New Lead,Priya Sharma,2025-12-04,2026-03-15,Dropped,76,Medium,66,Germany,Not Eligible
ST5578,Lopa Sachdev,Male,27,Delhi,Delhi,BA,Finance,9.66,8.2,Australia,Cyber Security,1762971,Yes,Referral,Visa,Rohit Gupta,2025-06-24,2025-09-27,Active,93,Low,100,Canada,Merit Scholarship
ST5579,Varenya Chaudhary,Female,25,Chennai,Tamil Nadu,BA,Finance,6.85,6.4,UK,Business Analytics,2728253,No,Instagram,Offer Letter,Amit Verma,2024-08-24,2024-10-25,Dropped,80,Medium,77,UK,Not Eligible
ST5580,Yadavi Bakshi,Female,19,Jaipur,Rajasthan,BBA,ECE,7.97,8.4,UK,Data Science,1839461,No,Seminar,Contacted,Rohit Gupta,2026-06-01,2026-08-16,Active,95,Low,98,Canada,Partial Scholarship
ST5581,Yachana Varghese,Female,27,Indore,Madhya Pradesh,BCom,ECE,6.16,6.8,Australia,Cyber Security,2645139,No,WhatsApp,Documents,Rohit Gupta,2025-04-13,2025-06-17,Active,81,Medium,73,Australia,Not Eligible
ST5582,Tanvi Chada,Male,19,Hyderabad,Telangana,BTech,Mechanical,7.23,6.1,Germany,Artificial Intelligence,1450310,No,WhatsApp,Enrolled,Amit Verma,2025-03-22,2025-06-14,Converted,75,Medium,67,Germany,Not Eligible
ST5583,Patrick Iyer,Female,25,Jaipur,Rajasthan,BCom,ECE,7.68,6.3,Canada,Artificial Intelligence,1588537,Yes,WhatsApp,Documents,Priya Sharma,2024-06-09,2024-08-05,Active,66,Medium,73,Canada,Partial Scholarship
ST5584,Anirudh Dugar,Female,25,Bangalore,Karnataka,BTech,Marketing,7.18,8.2,UK,Finance,2807405,No,WhatsApp,Documents,Priya Sharma,2025-09-27,2025-11-30,Dropped,97,Low,97,Canada,Not Eligible
ST5585,Vasatika Borde,Male,21,Chennai,Tamil Nadu,BTech,ECE,6.25,7.0,Australia,Cyber Security,2830354,Yes,Seminar,Application,Amit Verma,2024-09-28,2024-12-12,Active,85,Medium,77,Canada,Not Eligible
ST5586,Sudiksha Majumdar,Male,22,Hyderabad,Telangana,BBA,Mechanical,8.56,8.2,UK,Cyber Security,3432677,Yes,Seminar,New Lead,Priya Sharma,2025-02-24,2025-04-12,Inactive,99,Low,100,Canada,Merit Scholarship
ST5587,Pavani Dara,Female,20,Ahmedabad,Gujarat,BSc,Biotechnology,8.06,7.0,UK,Business Analytics,2621516,No,Seminar,Offer Letter,Rohit Gupta,2025-01-07,2025-01-20,Active,87,Low,95,Canada,Partial Scholarship
ST5588,Netra Bansal,Male,26,Chennai,Tamil Nadu,BA,ECE,8.93,6.4,Canada,MBA,2077848,Yes,WhatsApp,New Lead,Rahul Singh,2025-11-04,2026-01-03,Active,94,Low,98,Canada,Merit Scholarship
ST5589,Noah Tara,Male,18,Chennai,Tamil Nadu,BTech,Mechanical,7.28,8.3,Australia,MBA,2805765,No,Website,Counseling,Rahul Singh,2025-05-11,2025-08-29,Active,90,Low,100,Canada,Not Eligible
ST5590,Omkaar Devan,Female,25,Jaipur,Rajasthan,BCom,IT,6.86,6.3,UK,Data Science,3194128,Yes,Referral,New Lead,Amit Verma,2024-06-23,2024-08-05,Dropped,94,Low,90,UK,Not Eligible
ST5591,Devika Swaminathan,Male,22,Delhi,Delhi,BCom,IT,7.44,8.3,Canada,MBA,2223856,No,Seminar,Application,Rahul Singh,2024-11-05,2024-11-17,Inactive,99,Low,100,Canada,Not Eligible
ST5592,Jackson Lanka,Female,26,Ahmedabad,Gujarat,BCom,IT,9.79,8.1,UK,Finance,3253376,Yes,Seminar,Documents,Rohit Gupta,2024-07-16,2024-08-18,Inactive,99,Low,100,Canada,Merit Scholarship
ST5593,Sai Dora,Female,27,Jaipur,Rajasthan,BCom,Marketing,7.3,6.8,Germany,Business Analytics,985190,Yes,Seminar,Documents,Rahul Singh,2024-09-11,2024-12-18,Inactive,80,Medium,74,Germany,Not Eligible
ST5594,Jagdish Buch,Female,27,Chennai,Tamil Nadu,BCom,Marketing,6.29,6.2,Australia,Finance,2410781,No,Referral,New Lead,Priya Sharma,2024-12-23,2025-02-23,Active,91,Low,84,Australia,Not Eligible
ST5595,Kamala Chahal,Male,23,Bhopal,Madhya Pradesh,BBA,Marketing,9.58,6.6,Canada,Business Analytics,2432679,Yes,Instagram,Contacted,Sneha Jain,2024-11-24,2025-01-15,Inactive,99,Low,100,Canada,Merit Scholarship
ST5596,Zayan Dube,Male,19,Chennai,Tamil Nadu,BCom,CSE,9.09,5.5,UK,Finance,2304739,Yes,Seminar,Enrolled,Priya Sharma,2026-03-23,2026-06-17,Converted,99,Low,90,UK,Merit Scholarship
ST5597,Charvi Kade,Male,24,Mumbai,Maharashtra,BA,Finance,7.32,8.0,Australia,Business Analytics,3196095,Yes,Instagram,Contacted,Priya Sharma,2025-10-19,2026-01-31,Active,99,Low,98,Canada,Not Eligible
ST5598,Jagvi Kapur,Female,27,Bangalore,Karnataka,BCom,IT,6.89,7.1,Canada,Business Analytics,3397001,No,Referral,Counseling,Priya Sharma,2025-05-31,2025-07-09,Inactive,99,Low,98,Canada,Not Eligible
ST5599,Amruta Manda,Female,22,Bangalore,Karnataka,BCom,Finance,9.75,6.1,Germany,MBA,1338824,Yes,Website,Visa,Sneha Jain,2025-02-11,2025-04-26,Converted,97,Low,92,Germany,Merit Scholarship
ST5600,Hemang Sinha,Female,25,Bhopal,Madhya Pradesh,BCom,ECE,8.15,7.2,Canada,Cyber Security,2750750,Yes,WhatsApp,Offer Letter,Amit Verma,2025-03-16,2025-06-08,Active,99,Low,98,Canada,Partial Scholarship
ST5601,Peter Mutti,Male,24,Hyderabad,Telangana,BBA,Mechanical,6.63,6.5,Canada,MBA,3128899,No,Referral,Enrolled,Rahul Singh,2025-07-26,2025-09-25,Converted,87,Low,91,Canada,Not Eligible
ST5602,Ubika Vala,Female,27,Indore,Madhya Pradesh,BTech,Finance,9.02,6.3,Germany,Finance,1453809,Yes,Seminar,Contacted,Rahul Singh,2024-09-19,2024-10-09,Inactive,91,Low,87,Germany,Merit Scholarship
ST5603,Omkaar Chowdhury,Female,25,Ahmedabad,Gujarat,BTech,Finance,9.12,5.9,Canada,Computer Science,1875818,Yes,WhatsApp,Offer Letter,Sneha Jain,2024-09-06,2024-10-15,Active,78,Low,85,Canada,Merit Scholarship
ST5604,Arjun Nagar,Male,28,Chennai,Tamil Nadu,BBA,Biotechnology,6.06,7.6,Canada,Artificial Intelligence,954830,Yes,Referral,Counseling,Rohit Gupta,2026-03-28,2026-06-23,Dropped,75,Low,85,Germany,Not Eligible
ST5605,Bina Loyal,Female,26,Hyderabad,Telangana,BCom,Marketing,6.48,6.4,Canada,Business Analytics,903222,Yes,WhatsApp,Counseling,Rahul Singh,2024-07-19,2024-10-14,Active,73,Medium,63,Germany,Not Eligible
ST5606,Nitara Radhakrishnan,Female,25,Jaipur,Rajasthan,BA,Marketing,8.56,6.9,Germany,Business Analytics,1054260,Yes,Instagram,Documents,Rahul Singh,2024-07-21,2024-10-31,Active,81,Low,89,Germany,Merit Scholarship
ST5607,Januja Shere,Male,21,Bangalore,Karnataka,BBA,IT,6.82,6.9,USA,MBA,2618123,No,Instagram,Contacted,Rohit Gupta,2025-02-12,2025-04-29,Active,79,Low,82,USA,Not Eligible
ST5608,Ayaan Balasubramanian,Male,21,Bhopal,Madhya Pradesh,BSc,ECE,8.17,5.6,Germany,Data Science,843094,No,Seminar,Counseling,Rohit Gupta,2025-06-06,2025-08-26,Active,61,Medium,71,Germany,Partial Scholarship
ST5609,Tristan Bobal,Male,21,Hyderabad,Telangana,BCom,Marketing,8.75,6.6,USA,Artificial Intelligence,2645819,Yes,Seminar,Contacted,Sneha Jain,2025-10-10,2025-10-13,Active,89,Low,97,USA,Merit Scholarship
ST5610,Faris Bains,Female,18,Ahmedabad,Gujarat,BA,Mechanical,8.48,5.8,Germany,Artificial Intelligence,1424892,No,Website,Visa,Rohit Gupta,2024-12-15,2025-02-06,Active,85,Medium,76,Germany,Partial Scholarship
ST5611,Ekantika Suresh,Male,26,Indore,Madhya Pradesh,BA,IT,7.74,7.1,UK,Cyber Security,2636149,Yes,Seminar,Contacted,Amit Verma,2024-10-09,2024-10-26,Active,87,Low,92,Canada,Partial Scholarship
ST5612,Devansh Magar,Female,28,Pune,Maharashtra,BA,Marketing,8.23,7.6,UK,Computer Science,2171407,Yes,Instagram,Documents,Rahul Singh,2025-01-06,2025-04-28,Dropped,99,Low,100,Canada,Partial Scholarship
ST5613,Jack Krishna,Female,25,Delhi,Delhi,BSc,Mechanical,7.35,7.5,Australia,Data Science,2114677,Yes,Seminar,Application,Sneha Jain,2025-05-30,2025-09-12,Inactive,98,Low,93,Canada,Not Eligible
ST5614,Chandresh Sha,Female,19,Bangalore,Karnataka,BSc,Biotechnology,9.55,7.2,Germany,Data Science,1452483,Yes,WhatsApp,New Lead,Amit Verma,2026-05-20,2026-06-28,Dropped,97,Low,100,Germany,Merit Scholarship
ST5615,Nimrat Saran,Female,26,Mumbai,Maharashtra,BCom,Finance,8.88,6.4,Australia,Cyber Security,2410369,Yes,Instagram,Counseling,Rahul Singh,2025-04-28,2025-05-31,Active,99,Low,97,Australia,Merit Scholarship
ST5616,Aryan Chaudhuri,Female,20,Jaipur,Rajasthan,BBA,CSE,7.14,8.3,UK,Cyber Security,1992271,No,Seminar,Contacted,Rahul Singh,2026-05-26,2026-07-04,Inactive,98,Low,89,Canada,Not Eligible
ST5617,Nimrat Tara,Female,25,Pune,Maharashtra,BCom,CSE,8.44,5.8,Canada,Data Science,2801690,No,WhatsApp,Application,Amit Verma,2025-07-09,2025-08-07,Active,85,Low,86,Canada,Partial Scholarship
ST5618,Vasudha Bhandari,Female,24,Bhopal,Madhya Pradesh,BA,CSE,8.38,6.7,Canada,Finance,1524829,Yes,Instagram,Enrolled,Priya Sharma,2025-12-03,2026-02-06,Converted,80,Low,85,Canada,Partial Scholarship
ST5619,Priya Handa,Male,23,Pune,Maharashtra,BCom,ECE,7.48,5.7,Germany,Cyber Security,1189426,No,Seminar,Enrolled,Rahul Singh,2025-04-22,2025-06-30,Converted,71,Medium,66,Germany,Not Eligible
ST5620,Chavvi Khanna,Female,25,Hyderabad,Telangana,BCom,CSE,8.92,7.7,UK,Data Science,2131780,Yes,Referral,Enrolled,Sneha Jain,2024-08-15,2024-10-01,Converted,90,Low,100,Canada,Merit Scholarship
ST5621,Kiaan Bhakta,Female,18,Mumbai,Maharashtra,BBA,ECE,8.8,7.2,UK,Business Analytics,2428374,Yes,Website,Enrolled,Priya Sharma,2025-01-27,2025-03-05,Converted,96,Low,100,Canada,Merit Scholarship
ST5622,Samuel Sarna,Male,28,Pune,Maharashtra,BTech,Finance,8.78,6.4,Germany,Computer Science,829723,Yes,Referral,Enrolled,Rohit Gupta,2025-12-25,2025-12-29,Converted,93,Low,100,Germany,Merit Scholarship
ST5623,Rachit Bhatia,Female,18,Ahmedabad,Gujarat,BA,Finance,9.42,5.7,Canada,Data Science,2818250,Yes,Website,Documents,Rohit Gupta,2024-06-16,2024-10-12,Active,99,Low,96,Canada,Merit Scholarship
ST5624,Ishanvi Sangha,Male,19,Chennai,Tamil Nadu,BSc,Marketing,6.1,7.9,Canada,Artificial Intelligence,3369697,Yes,Instagram,Visa,Rohit Gupta,2025-12-20,2026-03-17,Converted,79,Low,84,Canada,Not Eligible
ST5625,Chameli Mital,Male,18,Bhopal,Madhya Pradesh,BSc,CSE,7.54,5.7,UK,Artificial Intelligence,2106678,Yes,Referral,Visa,Rohit Gupta,2025-01-14,2025-03-27,Converted,99,Low,92,UK,Partial Scholarship
ST5626,Neelima Puri,Female,18,Jaipur,Rajasthan,BSc,ECE,9.19,5.9,UK,MBA,2810387,Yes,Instagram,Documents,Rahul Singh,2026-02-24,2026-02-28,Dropped,88,Low,95,UK,Merit Scholarship
ST5627,Bahadurjit Tank,Male,23,Bangalore,Karnataka,BBA,Mechanical,9.39,8.4,Canada,Artificial Intelligence,3335197,Yes,Referral,New Lead,Priya Sharma,2025-12-09,2025-12-15,Inactive,99,Low,100,Canada,Merit Scholarship
ST5628,Unnati Doshi,Female,27,Pune,Maharashtra,BTech,Finance,8.63,5.9,Canada,Business Analytics,3448616,Yes,Website,Offer Letter,Rohit Gupta,2025-03-20,2025-06-07,Active,94,Low,90,Canada,Merit Scholarship
ST5629,Harinakshi Master,Male,20,Bhopal,Madhya Pradesh,BCom,CSE,7.57,7.9,UK,Cyber Security,2878382,Yes,WhatsApp,Enrolled,Sneha Jain,2025-12-11,2026-01-01,Converted,92,Low,99,Canada,Partial Scholarship
ST5630,Mekhala Dey,Male,23,Pune,Maharashtra,BCom,Biotechnology,6.42,7.9,Australia,Cyber Security,2802775,Yes,Instagram,Counseling,Amit Verma,2025-10-19,2025-10-26,Dropped,88,Low,88,Canada,Not Eligible
ST5631,Ekavir Gandhi,Female,25,Mumbai,Maharashtra,BBA,Biotechnology,6.12,8.1,UK,Business Analytics,3279189,No,Website,Application,Rahul Singh,2024-11-06,2025-02-24,Inactive,85,Low,86,Canada,Not Eligible
ST5632,Urvi Lanka,Male,19,Delhi,Delhi,BSc,Finance,9.59,8.5,Canada,Data Science,1561494,Yes,WhatsApp,Visa,Sneha Jain,2025-03-09,2025-04-21,Converted,99,Low,100,Canada,Merit Scholarship
ST5633,Riya Guha,Male,22,Jaipur,Rajasthan,BCom,Mechanical,9.48,7.3,Germany,Computer Science,1003885,Yes,Seminar,Application,Sneha Jain,2024-10-31,2025-02-18,Dropped,99,Low,100,Germany,Merit Scholarship
ST5634,Azad Bajaj,Female,18,Bangalore,Karnataka,BBA,CSE,8.79,5.6,Canada,Finance,2877195,Yes,Website,Documents,Sneha Jain,2025-03-29,2025-07-08,Dropped,88,Low,87,Canada,Merit Scholarship
ST5635,Robert Dube,Female,20,Bangalore,Karnataka,BTech,CSE,7.88,6.5,Australia,Computer Science,2893862,Yes,WhatsApp,Application,Rohit Gupta,2025-04-16,2025-07-25,Dropped,90,Low,88,Australia,Partial Scholarship
ST5636,Tarak Jhaveri,Male,26,Hyderabad,Telangana,BCom,CSE,6.43,7.8,Canada,Data Science,1088909,No,Website,Visa,Amit Verma,2025-01-07,2025-02-05,Converted,81,Medium,77,Germany,Not Eligible
ST5637,Hritik Setty,Male,25,Delhi,Delhi,BA,Finance,9.49,7.9,Australia,Business Analytics,1259587,Yes,Referral,Visa,Amit Verma,2025-08-20,2025-12-09,Active,99,Low,100,Germany,Merit Scholarship
ST5638,Urishilla Ramachandran,Female,28,Chennai,Tamil Nadu,BA,CSE,8.78,8.5,Australia,MBA,2415680,Yes,Instagram,Visa,Priya Sharma,2025-06-15,2025-09-16,Converted,99,Low,100,Canada,Merit Scholarship
ST5639,Wakeeta Narang,Female,20,Jaipur,Rajasthan,BA,Biotechnology,7.13,7.9,Canada,Cyber Security,2534309,No,WhatsApp,Counseling,Sneha Jain,2025-10-06,2025-11-26,Inactive,88,Low,95,Canada,Not Eligible
ST5640,Dhruv Jayaraman,Female,18,Indore,Madhya Pradesh,BBA,ECE,9.17,7.7,Australia,Data Science,2053289,Yes,Instagram,Visa,Rahul Singh,2025-02-27,2025-06-22,Active,99,Low,100,Canada,Merit Scholarship
ST5641,Daniel Vaidya,Female,19,Chennai,Tamil Nadu,BSc,CSE,7.48,6.2,Canada,Business Analytics,3463107,Yes,Referral,Counseling,Priya Sharma,2025-12-16,2026-01-01,Inactive,98,Low,96,Canada,Not Eligible
ST5642,Meera Taneja,Female,27,Ahmedabad,Gujarat,BCom,Finance,7.73,6.3,Australia,Cyber Security,2451362,No,Referral,Enrolled,Amit Verma,2025-07-09,2025-07-24,Converted,91,Low,99,Australia,Partial Scholarship
ST5643,Logan Walia,Female,22,Pune,Maharashtra,BSc,Marketing,6.32,5.5,USA,Computer Science,2702140,No,WhatsApp,Application,Amit Verma,2024-07-23,2024-10-03,Dropped,61,Medium,63,USA,Not Eligible
ST5644,Daksha Sachdev,Female,24,Indore,Madhya Pradesh,BA,Mechanical,6.17,5.7,UK,Artificial Intelligence,2328228,No,Referral,Offer Letter,Rahul Singh,2025-10-04,2025-12-20,Dropped,72,Medium,78,UK,Not Eligible
ST5645,Yashawini Borah,Female,23,Pune,Maharashtra,BA,Marketing,8.48,7.1,UK,Cyber Security,2278887,Yes,Referral,Counseling,Amit Verma,2025-06-11,2025-07-17,Inactive,95,Low,100,Canada,Partial Scholarship
ST5646,Qarin Pandey,Male,22,Pune,Maharashtra,BA,IT,8.05,7.6,UK,Business Analytics,3115919,Yes,Instagram,Visa,Sneha Jain,2025-04-07,2025-05-22,Converted,95,Low,100,Canada,Partial Scholarship
ST5647,Lajita Murthy,Male,22,Mumbai,Maharashtra,BTech,Marketing,9.8,7.9,UK,Cyber Security,2159174,Yes,WhatsApp,Application,Sneha Jain,2025-06-25,2025-08-21,Active,99,Low,100,Canada,Merit Scholarship
ST5648,Sai Nagar,Female,20,Indore,Madhya Pradesh,BSc,Marketing,9.68,6.8,Australia,Cyber Security,1635204,Yes,Website,Contacted,Sneha Jain,2025-05-08,2025-06-07,Inactive,99,Low,98,Australia,Merit Scholarship
ST5649,Orinder Sharma,Male,24,Ahmedabad,Gujarat,BSc,Biotechnology,8.38,6.4,UK,Cyber Security,2259642,No,Website,Counseling,Rahul Singh,2026-02-22,2026-02-26,Active,87,Low,92,UK,Partial Scholarship
ST5650,Vihaan Khatri,Female,19,Mumbai,Maharashtra,BBA,Mechanical,7.64,7.1,Australia,Data Science,1530439,No,WhatsApp,Counseling,Sneha Jain,2024-07-30,2024-08-20,Dropped,73,Low,81,Canada,Partial Scholarship
ST5651,Chavvi Yadav,Male,28,Pune,Maharashtra,BSc,Finance,8.3,6.5,Germany,Data Science,1390732,Yes,WhatsApp,Visa,Amit Verma,2024-07-01,2024-09-25,Active,77,Low,83,Germany,Partial Scholarship
ST5652,Nimrat Kunda,Female,27,Chennai,Tamil Nadu,BTech,Finance,7.04,5.8,Germany,MBA,1247434,Yes,Referral,Documents,Priya Sharma,2026-05-29,2026-07-09,Inactive,75,Medium,77,Germany,Not Eligible
ST5653,Damini Varma,Male,27,Pune,Maharashtra,BA,Marketing,6.9,8.1,Canada,Computer Science,1326492,No,Instagram,Visa,Rahul Singh,2024-07-19,2024-10-13,Converted,93,Low,84,Germany,Not Eligible
ST5654,Girish Dugar,Male,27,Jaipur,Rajasthan,BCom,Finance,9.19,6.7,Australia,Data Science,2832809,Yes,Website,Enrolled,Priya Sharma,2025-07-20,2025-10-06,Converted,92,Low,100,Australia,Merit Scholarship
ST5655,Dayita Aggarwal,Female,27,Delhi,Delhi,BBA,Biotechnology,9.36,8.1,Canada,Finance,2830583,Yes,Instagram,Documents,Rohit Gupta,2026-02-12,2026-02-28,Active,97,Low,100,Canada,Merit Scholarship
ST5656,Elijah Dube,Male,23,Bhopal,Madhya Pradesh,BSc,IT,8.68,6.1,Germany,Computer Science,885061,Yes,Referral,Counseling,Amit Verma,2024-11-26,2025-01-29,Dropped,86,Low,96,Germany,Merit Scholarship
ST5657,Sathvik Jayaraman,Male,23,Indore,Madhya Pradesh,BSc,Mechanical,7.57,7.4,Canada,Business Analytics,3111797,No,Website,Counseling,Priya Sharma,2024-12-15,2025-01-14,Inactive,99,Low,94,Canada,Partial Scholarship
ST5658,Niharika Sahota,Male,28,Pune,Maharashtra,BTech,IT,6.48,6.8,UK,Computer Science,1622413,Yes,WhatsApp,Visa,Amit Verma,2025-11-29,2026-02-16,Converted,76,Medium,66,UK,Not Eligible
ST5659,Sai Baral,Male,19,Mumbai,Maharashtra,BTech,Biotechnology,7.89,6.6,Germany,MBA,940401,No,WhatsApp,Offer Letter,Amit Verma,2025-01-12,2025-01-24,Active,74,Medium,78,Germany,Partial Scholarship
ST5660,Elijah Bahl,Female,26,Ahmedabad,Gujarat,BTech,IT,6.53,8.1,Australia,Finance,1997521,Yes,WhatsApp,Enrolled,Rohit Gupta,2025-09-12,2025-11-21,Converted,85,Low,80,Canada,Not Eligible
ST5661,Mohammed Sangha,Male,26,Indore,Madhya Pradesh,BCom,Biotechnology,7.17,5.7,Canada,Data Science,2766772,No,Referral,Application,Sneha Jain,2024-08-24,2024-12-21,Dropped,80,Low,88,Canada,Not Eligible
ST5662,Omaja Sundaram,Female,21,Ahmedabad,Gujarat,BA,Mechanical,8.87,7.3,USA,Computer Science,2689533,Yes,Website,Visa,Priya Sharma,2024-11-18,2024-11-28,Active,98,Low,100,Canada,Merit Scholarship
ST5663,Jagvi Khanna,Male,19,Pune,Maharashtra,BSc,Biotechnology,6.89,8.3,UK,Business Analytics,3309450,No,Instagram,Documents,Priya Sharma,2025-03-16,2025-06-23,Inactive,93,Low,96,Canada,Not Eligible
ST5664,Hemani Mangat,Male,22,Indore,Madhya Pradesh,BSc,ECE,6.43,6.6,Canada,Computer Science,2552300,No,Website,Contacted,Amit Verma,2025-11-05,2026-01-03,Active,75,Medium,74,Canada,Not Eligible
ST5665,Fiyaz Balay,Female,22,Bangalore,Karnataka,BA,Biotechnology,7.68,7.6,Canada,Finance,1957363,No,Referral,Offer Letter,Sneha Jain,2024-06-05,2024-09-26,Inactive,99,Low,100,Canada,Partial Scholarship
ST5666,Lohit Parekh,Male,23,Ahmedabad,Gujarat,BA,Marketing,9.26,7.6,Australia,MBA,1622568,Yes,Website,New Lead,Rahul Singh,2025-01-19,2025-02-08,Active,98,Low,100,Canada,Merit Scholarship
ST5667,Edhitha Narain,Male,19,Hyderabad,Telangana,BTech,Finance,8.98,7.9,Australia,Computer Science,1813035,Yes,Website,Contacted,Rahul Singh,2026-05-16,2026-06-07,Inactive,91,Low,100,Canada,Merit Scholarship
ST5668,Ojasvi Sinha,Female,25,Jaipur,Rajasthan,BCom,Biotechnology,9.68,6.2,Germany,MBA,1406260,Yes,Instagram,Visa,Sneha Jain,2025-01-22,2025-03-16,Converted,98,Low,93,Germany,Merit Scholarship
ST5669,Anya Kaur,Female,23,Pune,Maharashtra,BCom,ECE,7.37,8.4,Canada,Business Analytics,3408570,No,Seminar,Documents,Amit Verma,2026-02-07,2026-05-23,Inactive,99,Low,100,Canada,Not Eligible
ST5670,Quincy Borah,Male,19,Indore,Madhya Pradesh,BSc,IT,9.44,6.4,USA,MBA,2823734,Yes,Seminar,Application,Rahul Singh,2025-02-12,2025-03-11,Dropped,99,Low,100,USA,Merit Scholarship
ST5671,Thomas Palan,Male,24,Hyderabad,Telangana,BA,Finance,8.51,6.3,UK,Computer Science,2054695,Yes,Referral,Offer Letter,Priya Sharma,2025-12-25,2026-01-13,Active,99,Low,100,UK,Merit Scholarship
ST5672,Saanvi Sandal,Female,20,Chennai,Tamil Nadu,BBA,IT,9.63,8.1,Canada,Data Science,2484317,Yes,Referral,Visa,Priya Sharma,2024-07-10,2024-08-16,Converted,93,Low,100,Canada,Merit Scholarship
ST5673,Urvashi Dasgupta,Male,24,Jaipur,Rajasthan,BSc,Finance,9.48,7.2,Australia,Computer Science,3467057,Yes,Website,Offer Letter,Rahul Singh,2025-03-16,2025-07-10,Dropped,94,Low,100,Canada,Merit Scholarship
ST5674,Pratyush Garde,Female,26,Bangalore,Karnataka,BA,ECE,6.3,8.4,Canada,Business Analytics,1961949,No,Referral,Contacted,Rohit Gupta,2025-01-22,2025-02-12,Dropped,92,Low,96,Canada,Not Eligible
ST5675,Janani Gandhi,Male,22,Delhi,Delhi,BA,CSE,7.57,7.1,Canada,Business Analytics,2183297,Yes,Referral,Documents,Priya Sharma,2025-05-18,2025-08-27,Inactive,99,Low,100,Canada,Partial Scholarship
ST5676,Eshana Grewal,Male,22,Hyderabad,Telangana,BBA,Finance,6.73,6.5,Australia,MBA,2987611,Yes,Instagram,Enrolled,Amit Verma,2024-10-20,2025-01-23,Converted,76,Medium,77,Australia,Not Eligible
ST5677,Zayyan Shroff,Male,28,Bangalore,Karnataka,BSc,Finance,7.64,7.4,Australia,Artificial Intelligence,3104440,Yes,Seminar,Application,Rahul Singh,2026-03-14,2026-04-27,Active,99,Low,95,Canada,Partial Scholarship
ST5678,Vaishnavi Sodhi,Female,19,Delhi,Delhi,BA,Marketing,8.75,8.3,Australia,Computer Science,2598433,Yes,WhatsApp,New Lead,Sneha Jain,2026-03-14,2026-06-03,Dropped,93,Low,100,Canada,Merit Scholarship
ST5679,Oviya Dugal,Female,23,Bhopal,Madhya Pradesh,BBA,Biotechnology,6.83,6.0,Canada,Business Analytics,3136205,Yes,Seminar,Visa,Priya Sharma,2025-05-22,2025-09-13,Active,74,Medium,73,Canada,Not Eligible
ST5680,Qushi Raghavan,Male,28,Delhi,Delhi,BA,Finance,9.46,6.5,USA,Artificial Intelligence,3400193,Yes,Instagram,Offer Letter,Amit Verma,2024-11-14,2024-12-25,Inactive,98,Low,100,USA,Merit Scholarship
ST5681,Advaith Garde,Female,26,Delhi,Delhi,BA,CSE,9.45,6.2,Germany,Cyber Security,1358859,Yes,Instagram,Enrolled,Amit Verma,2025-02-16,2025-03-30,Converted,90,Low,91,Germany,Merit Scholarship
ST5682,Pratyush Prasad,Male,26,Pune,Maharashtra,BSc,Mechanical,9.32,7.6,UK,Finance,1200132,Yes,WhatsApp,New Lead,Amit Verma,2025-07-13,2025-10-19,Inactive,99,Low,100,Germany,Merit Scholarship
ST5683,Yagnesh Comar,Male,27,Bhopal,Madhya Pradesh,BA,Biotechnology,6.94,7.7,UK,Artificial Intelligence,2977910,Yes,Website,Enrolled,Amit Verma,2025-11-15,2026-01-29,Converted,82,Low,91,Canada,Not Eligible
ST5684,Panini Brar,Male,26,Jaipur,Rajasthan,BTech,CSE,9.7,7.8,Canada,MBA,1672556,Yes,WhatsApp,Enrolled,Amit Verma,2025-05-07,2025-08-15,Converted,99,Low,100,Canada,Merit Scholarship
ST5685,Noah Jhaveri,Male,20,Mumbai,Maharashtra,BA,Finance,6.39,6.7,Australia,Cyber Security,3030510,Yes,Seminar,Enrolled,Sneha Jain,2025-08-17,2025-10-23,Converted,81,Medium,75,Australia,Not Eligible
ST5686,Sneha Sankar,Male,28,Indore,Madhya Pradesh,BA,Mechanical,8.86,8.4,UK,Finance,1788716,Yes,Instagram,Offer Letter,Sneha Jain,2025-11-02,2025-12-31,Active,99,Low,100,Canada,Merit Scholarship
ST5687,Tanvi Batra,Male,21,Jaipur,Rajasthan,BA,ECE,9.78,6.8,Canada,MBA,1734384,Yes,Instagram,New Lead,Sneha Jain,2025-06-21,2025-08-11,Active,95,Low,99,Canada,Merit Scholarship
ST5688,Mason Sharma,Male,20,Ahmedabad,Gujarat,BCom,Marketing,8.13,8.5,UK,Cyber Security,1084695,Yes,Seminar,Enrolled,Amit Verma,2024-08-21,2024-10-16,Converted,99,Low,100,Germany,Partial Scholarship
ST5689,Samarth Reddy,Female,21,Chennai,Tamil Nadu,BBA,Biotechnology,9.75,6.4,Canada,Data Science,1829989,Yes,Instagram,Counseling,Sneha Jain,2026-05-27,2026-09-03,Dropped,99,Low,96,Canada,Merit Scholarship
ST5690,Oscar Trivedi,Female,21,Delhi,Delhi,BSc,Marketing,6.17,6.9,Australia,Computer Science,3217422,Yes,Instagram,Contacted,Amit Verma,2025-10-10,2025-12-17,Inactive,65,Medium,75,Australia,Not Eligible
ST5691,Imaran Mukherjee,Male,27,Ahmedabad,Gujarat,BA,ECE,6.89,6.9,Australia,Data Science,2543629,Yes,Seminar,Offer Letter,Rahul Singh,2024-09-02,2024-10-23,Dropped,82,Low,82,Australia,Not Eligible
ST5692,Jai Thaman,Female,21,Hyderabad,Telangana,BA,Finance,7.41,7.2,Canada,Artificial Intelligence,1980042,Yes,Referral,Visa,Sneha Jain,2024-09-10,2024-10-18,Converted,86,Low,96,Canada,Not Eligible
ST5693,Jason Zacharia,Male,23,Jaipur,Rajasthan,BTech,Mechanical,7.36,5.9,UK,Artificial Intelligence,2287116,No,Website,Enrolled,Sneha Jain,2025-06-18,2025-08-31,Converted,87,Medium,77,UK,Not Eligible
ST5694,Madhav Parikh,Female,21,Hyderabad,Telangana,BA,Marketing,8.57,7.6,Australia,Computer Science,3288695,Yes,Seminar,Enrolled,Rohit Gupta,2024-10-09,2025-01-24,Converted,99,Low,100,Canada,Merit Scholarship
ST5695,Dev Borra,Male,18,Bhopal,Madhya Pradesh,BTech,IT,7.73,6.1,USA,Business Analytics,2785948,No,Referral,Contacted,Amit Verma,2024-07-03,2024-08-22,Dropped,89,Low,97,USA,Partial Scholarship
ST5696,Ayaan Bhatia,Male,24,Jaipur,Rajasthan,BBA,Marketing,7.83,7.6,Canada,Computer Science,3044738,No,Instagram,Enrolled,Rohit Gupta,2024-12-28,2025-01-18,Converted,99,Low,98,Canada,Partial Scholarship
ST5697,Eesha Buch,Female,20,Pune,Maharashtra,BBA,Biotechnology,8.55,6.4,USA,Business Analytics,3326546,Yes,WhatsApp,Documents,Sneha Jain,2025-04-22,2025-08-17,Dropped,86,Low,94,USA,Merit Scholarship
ST5698,Yashvi Reddy,Male,25,Hyderabad,Telangana,BCom,Marketing,9.7,6.2,UK,Business Analytics,2145719,Yes,Seminar,Offer Letter,Rohit Gupta,2024-09-05,2024-10-28,Dropped,96,Low,100,UK,Merit Scholarship
ST5699,Aradhana Dhaliwal,Female,21,Pune,Maharashtra,BSc,ECE,9.56,7.8,Australia,Cyber Security,2399216,Yes,Instagram,Counseling,Rahul Singh,2025-01-27,2025-05-23,Dropped,91,Low,100,Canada,Merit Scholarship
ST5700,Arjun Thaker,Female,20,Delhi,Delhi,BCom,Mechanical,7.31,5.6,Germany,Finance,1205271,No,Seminar,Visa,Amit Verma,2025-11-08,2025-12-26,Active,67,Medium,63,Germany,Not Eligible
ST5701,Eiravati Mitter,Male,27,Chennai,Tamil Nadu,BCom,IT,7.28,7.7,Australia,Cyber Security,1341651,No,Referral,Application,Priya Sharma,2024-06-11,2024-07-17,Inactive,99,Low,99,Germany,Not Eligible
ST5702,Kavya Shah,Male,27,Pune,Maharashtra,BCom,Mechanical,8.19,7.8,Canada,Business Analytics,1667354,Yes,WhatsApp,Contacted,Sneha Jain,2024-11-14,2025-03-14,Inactive,99,Low,94,Canada,Partial Scholarship
ST5703,Hardik Aggarwal,Female,19,Indore,Madhya Pradesh,BA,IT,7.25,6.5,Canada,Data Science,2356424,No,WhatsApp,Visa,Rohit Gupta,2025-01-02,2025-03-19,Active,76,Low,82,Canada,Not Eligible
ST5704,Utkarsh Bedi,Male,21,Delhi,Delhi,BA,CSE,8.28,6.2,Canada,Finance,1330527,No,Referral,Counseling,Rahul Singh,2025-11-07,2026-02-13,Active,90,Low,94,Germany,Partial Scholarship
ST5705,Aarnav Bajaj,Female,18,Ahmedabad,Gujarat,BA,Finance,6.42,5.9,Canada,Artificial Intelligence,1339212,Yes,Referral,Enrolled,Rohit Gupta,2025-01-14,2025-05-14,Converted,82,Medium,73,Germany,Not Eligible
ST5706,Anirudh Merchant,Male,24,Ahmedabad,Gujarat,BSc,Marketing,7.87,7.2,Germany,Data Science,1237320,Yes,Referral,Enrolled,Rahul Singh,2026-02-15,2026-04-30,Converted,99,Low,100,Germany,Partial Scholarship
ST5707,Yashodhara Rajagopal,Female,18,Hyderabad,Telangana,BCom,ECE,6.14,5.5,Germany,MBA,952655,No,Seminar,Documents,Rohit Gupta,2025-03-08,2025-06-28,Active,50,High,51,Germany,Not Eligible
ST5708,Aarnav Dubey,Female,20,Ahmedabad,Gujarat,BCom,CSE,9.42,7.3,Australia,Data Science,1545461,Yes,Website,Documents,Amit Verma,2025-10-16,2025-11-21,Dropped,99,Low,100,Canada,Merit Scholarship
ST5709,Meera Palla,Female,27,Bangalore,Karnataka,BSc,Mechanical,9.04,6.6,UK,MBA,1532735,Yes,Website,Application,Rohit Gupta,2025-08-02,2025-11-11,Inactive,90,Low,90,UK,Merit Scholarship
ST5710,Mitesh Uppal,Male,19,Ahmedabad,Gujarat,BTech,Marketing,8.5,6.0,Australia,MBA,2653931,Yes,Seminar,Contacted,Rahul Singh,2025-03-01,2025-05-11,Inactive,86,Low,90,Australia,Merit Scholarship
ST5711,Kritika Bhatia,Female,23,Chennai,Tamil Nadu,BTech,Mechanical,9.21,8.0,UK,MBA,2536953,Yes,Instagram,New Lead,Sneha Jain,2025-02-03,2025-04-06,Dropped,99,Low,100,Canada,Merit Scholarship
ST5712,Netra Mishra,Female,22,Chennai,Tamil Nadu,BSc,Biotechnology,8.84,6.0,UK,Computer Science,1522494,Yes,Seminar,Counseling,Rohit Gupta,2025-12-05,2026-01-01,Inactive,73,Low,83,UK,Merit Scholarship
ST5713,Vansha Bora,Male,21,Mumbai,Maharashtra,BA,Mechanical,8.45,6.8,UK,MBA,2433617,Yes,Referral,Application,Sneha Jain,2026-01-15,2026-04-09,Active,91,Low,100,UK,Partial Scholarship
ST5714,Banjeet Chaudry,Male,27,Indore,Madhya Pradesh,BCom,Mechanical,6.48,7.1,Canada,MBA,2801179,No,Instagram,New Lead,Amit Verma,2025-05-05,2025-08-25,Dropped,76,Medium,79,Canada,Not Eligible
ST5715,Urvashi Talwar,Male,22,Pune,Maharashtra,BTech,CSE,8.09,6.0,Canada,Finance,1865214,Yes,WhatsApp,Visa,Rohit Gupta,2025-12-16,2026-03-20,Converted,85,Medium,75,Canada,Partial Scholarship
ST5716,Rajata Gour,Male,19,Delhi,Delhi,BBA,Finance,9.41,7.5,Australia,MBA,2996544,Yes,WhatsApp,New Lead,Rohit Gupta,2025-06-28,2025-09-15,Dropped,99,Low,100,Canada,Merit Scholarship
ST5717,Oni Tandon,Female,21,Bhopal,Madhya Pradesh,BA,ECE,7.49,7.6,Canada,Computer Science,838026,No,Seminar,Offer Letter,Rohit Gupta,2024-06-16,2024-08-01,Inactive,88,Low,84,Germany,Not Eligible
ST5718,Amaira Salvi,Male,26,Pune,Maharashtra,BBA,Marketing,6.73,7.0,Canada,Computer Science,1621618,No,Website,Counseling,Amit Verma,2026-04-16,2026-06-18,Dropped,75,Medium,72,Canada,Not Eligible
ST5719,Saumya Sehgal,Male,22,Bhopal,Madhya Pradesh,BTech,Biotechnology,7.82,8.1,Australia,Cyber Security,2018870,No,WhatsApp,Offer Letter,Rahul Singh,2024-09-09,2024-11-30,Active,99,Low,100,Canada,Partial Scholarship
ST5720,Brijesh Kannan,Female,26,Delhi,Delhi,BSc,ECE,8.39,7.9,Australia,Business Analytics,1747791,Yes,Instagram,Documents,Rahul Singh,2025-07-21,2025-08-02,Active,99,Low,97,Canada,Partial Scholarship
ST5721,Harinakshi Dhillon,Female,23,Chennai,Tamil Nadu,BA,CSE,7.49,6.9,Germany,MBA,960623,Yes,Seminar,Offer Letter,Sneha Jain,2025-07-20,2025-08-09,Dropped,71,Medium,78,Germany,Not Eligible
ST5722,Chakrika Ghosh,Male,25,Pune,Maharashtra,BCom,Biotechnology,7.18,8.3,UK,Artificial Intelligence,3442136,No,Seminar,Offer Letter,Rahul Singh,2025-05-20,2025-07-06,Dropped,99,Low,99,Canada,Not Eligible
ST5723,Jacob Sampath,Female,18,Jaipur,Rajasthan,BCom,IT,8.78,7.6,UK,Computer Science,2039433,Yes,Instagram,Counseling,Sneha Jain,2025-05-24,2025-07-13,Active,99,Low,100,Canada,Merit Scholarship
ST5724,Devika Raj,Male,22,Bhopal,Madhya Pradesh,BBA,Mechanical,6.33,7.0,Germany,Business Analytics,1204312,No,Referral,Documents,Rohit Gupta,2025-08-05,2025-10-24,Inactive,76,Low,83,Germany,Not Eligible
ST5725,Shivani Sathe,Male,21,Chennai,Tamil Nadu,BCom,Biotechnology,7.22,7.8,Australia,Computer Science,2122582,Yes,Website,Contacted,Rahul Singh,2025-10-01,2025-10-31,Dropped,92,Low,95,Canada,Not Eligible
ST5726,Yahvi Sule,Female,26,Jaipur,Rajasthan,BBA,Mechanical,9.7,5.7,USA,Data Science,2844916,Yes,Seminar,Application,Rahul Singh,2024-07-05,2024-09-25,Active,88,Low,98,USA,Merit Scholarship
ST5727,Chanchal Kala,Male,20,Delhi,Delhi,BTech,Mechanical,7.06,7.5,Canada,Data Science,1640149,Yes,Website,Visa,Rahul Singh,2026-02-28,2026-03-20,Converted,87,Low,80,Canada,Not Eligible
ST5728,Rudra Mistry,Female,20,Bhopal,Madhya Pradesh,BCom,ECE,7.42,5.9,Australia,Artificial Intelligence,1725532,No,WhatsApp,Counseling,Amit Verma,2024-11-12,2025-02-28,Active,64,Medium,68,Australia,Not Eligible
ST5729,Vasatika Mangat,Female,25,Delhi,Delhi,BSc,Marketing,7.92,8.2,UK,MBA,1445698,Yes,Instagram,Counseling,Rohit Gupta,2024-12-07,2025-01-21,Inactive,91,Low,95,Germany,Partial Scholarship
ST5730,Joshua Arya,Male,23,Jaipur,Rajasthan,BSc,Biotechnology,9.62,5.8,UK,Artificial Intelligence,2146648,Yes,Seminar,Offer Letter,Priya Sharma,2025-04-15,2025-05-11,Inactive,99,Low,98,UK,Merit Scholarship
ST5731,Chakrika Dora,Female,28,Indore,Madhya Pradesh,BBA,CSE,6.07,8.4,Canada,Finance,1369318,No,WhatsApp,Counseling,Priya Sharma,2024-08-05,2024-10-18,Active,78,Medium,79,Germany,Not Eligible
ST5732,Yadavi Bandi,Male,20,Indore,Madhya Pradesh,BBA,Mechanical,9.07,8.3,Australia,MBA,3272475,Yes,Seminar,Contacted,Rahul Singh,2026-03-17,2026-07-04,Inactive,95,Low,100,Canada,Merit Scholarship
ST5733,Amruta Nazareth,Female,23,Jaipur,Rajasthan,BSc,Finance,8.79,7.8,UK,Data Science,2246960,Yes,Instagram,Documents,Rohit Gupta,2025-03-28,2025-07-18,Dropped,92,Low,100,Canada,Merit Scholarship
ST5734,Samuel Bhasin,Male,19,Indore,Madhya Pradesh,BTech,IT,6.87,8.1,UK,Finance,1361710,Yes,Referral,Counseling,Rahul Singh,2025-10-19,2026-01-13,Inactive,88,Low,98,Germany,Not Eligible
ST5735,Elijah Buch,Female,28,Bhopal,Madhya Pradesh,BA,IT,6.29,7.4,Canada,Artificial Intelligence,2120379,Yes,Seminar,Contacted,Rahul Singh,2026-03-27,2026-05-06,Active,91,Low,81,Canada,Not Eligible
ST5736,Madhav Thakkar,Male,28,Chennai,Tamil Nadu,BCom,Mechanical,7.84,8.2,UK,Computer Science,2617525,Yes,Seminar,New Lead,Rahul Singh,2025-09-03,2025-11-22,Dropped,94,Low,100,Canada,Partial Scholarship
ST5737,Viraj Menon,Female,28,Ahmedabad,Gujarat,BTech,IT,6.8,7.3,Canada,Artificial Intelligence,1216599,Yes,Referral,Documents,Rohit Gupta,2025-04-20,2025-08-02,Inactive,95,Low,90,Germany,Not Eligible
ST5738,Samarth Nayar,Male,28,Hyderabad,Telangana,BBA,ECE,7.34,5.9,Canada,Cyber Security,3338458,No,Website,Enrolled,Rohit Gupta,2024-12-20,2024-12-24,Converted,78,Medium,77,Canada,Not Eligible
ST5739,Upma Naik,Male,22,Chennai,Tamil Nadu,BA,Finance,7.23,8.2,Canada,Finance,1026146,No,Instagram,Offer Letter,Rahul Singh,2024-06-10,2024-07-03,Active,91,Low,88,Germany,Not Eligible
ST5740,Oscar Tiwari,Female,22,Pune,Maharashtra,BBA,Marketing,8.94,6.8,Canada,MBA,3246411,Yes,WhatsApp,Contacted,Amit Verma,2025-04-03,2025-07-20,Dropped,99,Low,100,Canada,Merit Scholarship
ST5741,Panini Varma,Male,27,Jaipur,Rajasthan,BSc,Marketing,8.66,8.4,Australia,Business Analytics,1549609,Yes,Seminar,Application,Amit Verma,2026-01-26,2026-05-19,Inactive,99,Low,100,Canada,Merit Scholarship
ST5742,Ayaan Lall,Female,21,Delhi,Delhi,BCom,ECE,9.21,6.1,Germany,Cyber Security,1476551,Yes,Seminar,Documents,Priya Sharma,2025-09-06,2025-12-12,Inactive,78,Low,87,Germany,Merit Scholarship
ST5743,Azaan Lanka,Male,24,Jaipur,Rajasthan,BCom,Finance,9.71,5.6,Australia,Computer Science,2382562,Yes,Seminar,Enrolled,Rahul Singh,2025-04-16,2025-08-02,Converted,93,Low,97,Australia,Merit Scholarship
ST5744,Elijah Seshadri,Male,26,Mumbai,Maharashtra,BCom,IT,7.92,5.6,Canada,Computer Science,2934107,No,Seminar,Contacted,Rohit Gupta,2025-09-07,2025-10-11,Dropped,85,Medium,79,Canada,Partial Scholarship
ST5745,Janani Krish,Male,25,Mumbai,Maharashtra,BCom,CSE,6.83,6.3,UK,Data Science,3276921,No,Instagram,Enrolled,Amit Verma,2025-02-27,2025-06-08,Converted,81,Medium,75,UK,Not Eligible
ST5746,Finn Muni,Male,22,Jaipur,Rajasthan,BCom,Mechanical,7.08,7.4,Canada,Finance,1988651,Yes,WhatsApp,Counseling,Amit Verma,2026-01-23,2026-03-10,Active,73,Medium,79,Canada,Not Eligible
ST5747,Warinder Pillai,Male,28,Chennai,Tamil Nadu,BBA,CSE,9.66,7.7,UK,Business Analytics,3066182,Yes,WhatsApp,Contacted,Sneha Jain,2026-02-07,2026-05-24,Inactive,98,Low,100,Canada,Merit Scholarship
ST5748,Triveni Dugar,Female,25,Bhopal,Madhya Pradesh,BA,IT,6.3,8.5,Canada,Computer Science,3213386,No,Instagram,Counseling,Priya Sharma,2025-05-26,2025-06-06,Inactive,99,Low,92,Canada,Not Eligible
ST5749,Imaran Morar,Male,19,Jaipur,Rajasthan,BCom,ECE,7.79,6.6,Germany,Finance,1333001,Yes,Referral,Offer Letter,Rahul Singh,2025-10-27,2025-12-10,Dropped,99,Low,92,Germany,Partial Scholarship
ST5750,Liam Taneja,Male,25,Jaipur,Rajasthan,BBA,Marketing,9.76,7.3,Canada,Computer Science,3409440,Yes,Seminar,Enrolled,Amit Verma,2025-06-01,2025-06-04,Converted,98,Low,100,Canada,Merit Scholarship
ST5751,Dhruv Krish,Male,28,Bangalore,Karnataka,BBA,ECE,7.85,5.6,UK,Cyber Security,1527494,No,Website,New Lead,Amit Verma,2025-10-05,2025-11-26,Inactive,63,Medium,68,UK,Partial Scholarship
ST5752,Raagini Biswas,Female,23,Mumbai,Maharashtra,BSc,CSE,6.11,7.1,USA,Cyber Security,3394060,Yes,Instagram,Enrolled,Sneha Jain,2026-04-05,2026-04-23,Converted,84,Medium,76,Canada,Not Eligible
ST5753,Samar Raj,Female,21,Indore,Madhya Pradesh,BTech,ECE,7.18,5.8,Australia,Business Analytics,2117185,No,Website,Enrolled,Rahul Singh,2025-04-02,2025-05-01,Converted,82,Medium,73,Australia,Not Eligible
ST5754,Veer Devi,Female,23,Ahmedabad,Gujarat,BTech,ECE,7.76,8.0,UK,Artificial Intelligence,1692845,Yes,Website,Offer Letter,Rahul Singh,2024-06-02,2024-09-15,Inactive,85,Low,92,Canada,Partial Scholarship
ST5755,Mekhala Patla,Male,27,Jaipur,Rajasthan,BBA,Marketing,8.7,7.5,Australia,Artificial Intelligence,868285,Yes,Website,New Lead,Rahul Singh,2024-12-03,2025-02-02,Inactive,93,Low,96,Germany,Merit Scholarship
ST5756,Ojasvi Bhardwaj,Male,23,Hyderabad,Telangana,BBA,ECE,9.27,7.9,UK,Finance,921177,Yes,Instagram,Application,Priya Sharma,2025-06-24,2025-09-21,Inactive,92,Low,100,Germany,Merit Scholarship
ST5757,Madhavi Guha,Female,21,Chennai,Tamil Nadu,BCom,IT,8.11,7.3,UK,Artificial Intelligence,3007469,Yes,WhatsApp,New Lead,Sneha Jain,2024-12-30,2025-02-08,Dropped,96,Low,99,Canada,Partial Scholarship
ST5758,Krisha Edwin,Female,23,Jaipur,Rajasthan,BBA,CSE,6.88,7.3,Australia,Finance,2833091,Yes,WhatsApp,Offer Letter,Rahul Singh,2024-08-08,2024-11-17,Active,82,Low,86,Canada,Not Eligible
ST5759,Panini Varkey,Female,23,Pune,Maharashtra,BTech,CSE,6.4,5.5,Germany,Artificial Intelligence,1120340,No,Referral,Contacted,Amit Verma,2024-07-15,2024-10-13,Active,61,Medium,69,Germany,Not Eligible
ST5760,Ekani Bhagat,Female,22,Mumbai,Maharashtra,BA,CSE,9.67,8.5,Canada,Artificial Intelligence,2336169,Yes,Instagram,Visa,Amit Verma,2025-03-12,2025-04-08,Active,95,Low,100,Canada,Merit Scholarship
ST5761,Rayaan Gulati,Female,24,Pune,Maharashtra,BTech,Biotechnology,8.35,6.4,Australia,Cyber Security,2003719,Yes,Referral,Offer Letter,Amit Verma,2024-12-05,2024-12-19,Inactive,93,Low,100,Australia,Partial Scholarship
ST5762,Upasna Kadakia,Male,21,Pune,Maharashtra,BBA,Biotechnology,7.49,6.4,USA,Data Science,3446847,No,Instagram,Documents,Sneha Jain,2025-03-27,2025-04-23,Active,78,Low,83,USA,Not Eligible
ST5763,Nidra Merchant,Female,18,Indore,Madhya Pradesh,BBA,Finance,6.52,6.6,Germany,Cyber Security,958763,Yes,Seminar,Documents,Amit Verma,2025-01-06,2025-05-05,Dropped,62,Medium,65,Germany,Not Eligible
ST5764,Vedika Char,Male,26,Hyderabad,Telangana,BTech,Marketing,9.29,6.7,Canada,Finance,2366872,Yes,Website,Enrolled,Priya Sharma,2024-07-18,2024-09-14,Converted,99,Low,100,Canada,Merit Scholarship
ST5765,Krishna Brahmbhatt,Male,19,Mumbai,Maharashtra,BTech,CSE,6.3,6.1,Australia,Cyber Security,3121307,No,WhatsApp,Counseling,Rahul Singh,2024-09-25,2024-12-30,Active,63,Medium,67,Australia,Not Eligible
ST5766,Ekalinga Nadkarni,Female,18,Delhi,Delhi,BCom,Marketing,8.24,6.2,Germany,Business Analytics,1236984,Yes,Instagram,Counseling,Amit Verma,2024-10-15,2024-11-20,Dropped,76,Medium,79,Germany,Partial Scholarship
ST5767,Siddharth Chandra,Male,23,Bhopal,Madhya Pradesh,BBA,ECE,8.75,6.9,USA,Finance,2764437,Yes,Seminar,Offer Letter,Rahul Singh,2025-03-01,2025-03-22,Dropped,99,Low,100,USA,Merit Scholarship
ST5768,Kai Prasad,Female,25,Chennai,Tamil Nadu,BCom,IT,8.36,7.8,Australia,MBA,2031686,Yes,Seminar,Enrolled,Amit Verma,2024-07-24,2024-10-06,Converted,99,Low,100,Canada,Partial Scholarship
ST5769,Yahvi Aggarwal,Female,27,Jaipur,Rajasthan,BTech,IT,6.58,5.6,UK,Business Analytics,2517378,Yes,Instagram,New Lead,Priya Sharma,2025-08-06,2025-11-26,Dropped,59,Medium,65,UK,Not Eligible
ST5770,Ekbal Singhal,Male,28,Hyderabad,Telangana,BTech,Marketing,7.49,6.0,USA,Finance,2712942,Yes,Website,Documents,Sneha Jain,2025-12-12,2026-01-17,Dropped,88,Medium,79,USA,Not Eligible
ST5771,Hredhaan Dugar,Female,23,Ahmedabad,Gujarat,BA,Finance,7.82,6.5,Canada,Finance,1663624,No,Website,Application,Rohit Gupta,2025-04-13,2025-06-04,Inactive,79,Medium,78,Canada,Partial Scholarship
ST5772,Aditya Swamy,Female,21,Delhi,Delhi,BA,IT,8.99,6.0,Australia,Artificial Intelligence,3259289,Yes,Website,Visa,Rahul Singh,2024-07-10,2024-09-26,Converted,99,Low,94,Australia,Merit Scholarship
ST5773,Ubika Menon,Female,23,Delhi,Delhi,BTech,Finance,8.11,7.6,Canada,MBA,3061254,No,WhatsApp,New Lead,Sneha Jain,2024-07-13,2024-08-07,Dropped,99,Low,100,Canada,Partial Scholarship
ST5774,Oscar Nagarajan,Male,24,Hyderabad,Telangana,BCom,Marketing,6.05,8.3,Canada,Artificial Intelligence,3481774,Yes,Seminar,Visa,Rahul Singh,2024-12-31,2025-03-28,Active,97,Low,88,Canada,Not Eligible
ST5775,Finn Loyal,Female,23,Mumbai,Maharashtra,BCom,Marketing,6.82,8.2,Australia,MBA,1368224,No,Seminar,Enrolled,Amit Verma,2024-07-11,2024-07-25,Converted,93,Low,84,Germany,Not Eligible
ST5776,Jeremiah Sekhon,Female,25,Delhi,Delhi,BCom,Finance,7.83,7.9,Australia,MBA,1096033,No,WhatsApp,Contacted,Sneha Jain,2024-06-09,2024-07-09,Dropped,83,Low,92,Germany,Partial Scholarship
ST5777,Neha Biswas,Female,22,Pune,Maharashtra,BA,IT,8.14,5.7,UK,Finance,1508678,No,Instagram,Visa,Rohit Gupta,2024-11-15,2024-12-11,Converted,67,Medium,73,UK,Partial Scholarship
ST5778,Jack Date,Female,22,Indore,Madhya Pradesh,BBA,IT,9.15,6.1,Canada,Business Analytics,2277691,Yes,WhatsApp,New Lead,Sneha Jain,2025-07-04,2025-10-05,Inactive,99,Low,96,Canada,Merit Scholarship
ST5779,Joshua Sekhon,Male,24,Chennai,Tamil Nadu,BTech,Mechanical,7.72,7.3,Australia,MBA,1604779,No,Referral,Documents,Sneha Jain,2025-03-10,2025-04-24,Dropped,99,Low,100,Canada,Partial Scholarship
ST5780,Owen Bhavsar,Female,20,Hyderabad,Telangana,BTech,Mechanical,8.48,7.7,UK,MBA,2283997,No,WhatsApp,Counseling,Amit Verma,2024-12-13,2025-03-03,Inactive,97,Low,100,Canada,Partial Scholarship
ST5781,Max Andra,Female,24,Indore,Madhya Pradesh,BBA,Marketing,6.95,5.7,Canada,Data Science,2352835,No,Seminar,Application,Rohit Gupta,2024-12-04,2024-12-09,Dropped,61,Medium,71,Canada,Not Eligible
ST5782,Jhalak Bora,Female,24,Jaipur,Rajasthan,BTech,CSE,7.56,7.2,Canada,Computer Science,3426015,Yes,Instagram,New Lead,Priya Sharma,2026-01-31,2026-03-22,Inactive,82,Low,92,Canada,Partial Scholarship
ST5783,Ladli Raj,Male,23,Pune,Maharashtra,BTech,CSE,9.53,7.6,UK,Finance,2503474,Yes,Referral,Documents,Sneha Jain,2025-05-10,2025-08-10,Active,99,Low,100,Canada,Merit Scholarship
ST5784,Irya Chandra,Male,20,Chennai,Tamil Nadu,BSc,Biotechnology,8.48,6.8,Australia,Computer Science,2342172,No,Instagram,New Lead,Sneha Jain,2025-11-07,2026-02-23,Active,96,Low,96,Australia,Partial Scholarship
ST5785,Bhavya Deshmukh,Female,25,Pune,Maharashtra,BTech,Finance,8.69,7.1,USA,Artificial Intelligence,3278686,Yes,Instagram,Visa,Amit Verma,2024-12-24,2025-01-08,Converted,99,Low,100,Canada,Merit Scholarship
ST5786,Janya Chand,Male,20,Indore,Madhya Pradesh,BA,Biotechnology,6.63,8.1,UK,Finance,3231425,Yes,WhatsApp,Documents,Rohit Gupta,2025-04-29,2025-07-16,Dropped,99,Low,91,Canada,Not Eligible
ST5787,Chaaya Wable,Female,21,Jaipur,Rajasthan,BTech,Marketing,8.94,5.7,Germany,Computer Science,1000365,Yes,WhatsApp,Counseling,Rohit Gupta,2025-06-18,2025-08-20,Active,90,Low,81,Germany,Merit Scholarship
ST5788,Falak Dugar,Male,28,Jaipur,Rajasthan,BSc,Finance,9.52,7.5,UK,Computer Science,872941,Yes,Instagram,Documents,Priya Sharma,2024-09-04,2024-11-05,Inactive,93,Low,100,Germany,Merit Scholarship
ST5789,Neelima Savant,Female,24,Bangalore,Karnataka,BBA,Mechanical,8.98,8.0,UK,Data Science,1775516,Yes,Website,Counseling,Rahul Singh,2024-12-13,2025-02-06,Dropped,99,Low,100,Canada,Merit Scholarship
ST5790,Rayaan Bahri,Male,28,Delhi,Delhi,BTech,Finance,9.74,6.6,UK,Finance,2814006,Yes,Instagram,Counseling,Sneha Jain,2024-12-08,2025-02-03,Dropped,99,Low,100,UK,Merit Scholarship
ST5791,Kabir Rama,Male,24,Bangalore,Karnataka,BA,IT,8.21,8.4,UK,Cyber Security,2107688,No,Seminar,Enrolled,Rahul Singh,2025-02-22,2025-04-12,Converted,99,Low,100,Canada,Partial Scholarship
ST5792,Niharika Saxena,Female,21,Bangalore,Karnataka,BCom,CSE,6.49,6.6,Canada,Cyber Security,2231502,No,WhatsApp,Counseling,Priya Sharma,2025-08-07,2025-09-21,Active,78,Medium,74,Canada,Not Eligible
ST5793,Siddharth Bhandari,Male,27,Pune,Maharashtra,BTech,Mechanical,8.76,6.1,Germany,Artificial Intelligence,908511,Yes,Website,Documents,Rahul Singh,2025-03-04,2025-04-24,Dropped,86,Low,82,Germany,Merit Scholarship
ST5794,Hema Khurana,Female,26,Bhopal,Madhya Pradesh,BTech,CSE,7.16,6.2,Australia,Business Analytics,1577373,No,Seminar,Enrolled,Rohit Gupta,2024-12-12,2025-03-26,Converted,59,Medium,68,Australia,Not Eligible
ST5795,Logan Sawhney,Female,28,Chennai,Tamil Nadu,BA,IT,7.58,8.0,Canada,Cyber Security,1207208,Yes,Instagram,Visa,Rahul Singh,2025-10-08,2025-10-18,Converted,83,Low,90,Germany,Partial Scholarship
ST5796,Chaman Bala,Female,21,Chennai,Tamil Nadu,BBA,ECE,7.96,6.1,Canada,Computer Science,2781536,Yes,Website,New Lead,Rahul Singh,2024-08-29,2024-09-19,Inactive,79,Low,84,Canada,Partial Scholarship
ST5797,Barkha Din,Male,24,Mumbai,Maharashtra,BA,Mechanical,7.99,6.8,Germany,Computer Science,1291530,Yes,WhatsApp,Counseling,Rahul Singh,2026-05-05,2026-06-27,Dropped,72,Low,81,Germany,Partial Scholarship
ST5798,Tanvi Sami,Male,28,Delhi,Delhi,BTech,ECE,8.49,6.8,Canada,Business Analytics,2281441,Yes,Instagram,Documents,Rohit Gupta,2025-09-03,2025-12-30,Active,87,Low,96,Canada,Partial Scholarship
ST5799,Hiral Tak,Female,28,Ahmedabad,Gujarat,BSc,Biotechnology,6.84,7.4,UK,Data Science,2152332,Yes,Instagram,Enrolled,Rohit Gupta,2025-07-26,2025-09-05,Converted,94,Low,87,Canada,Not Eligible
ST5800,Qushi Sami,Female,26,Chennai,Tamil Nadu,BTech,Finance,6.3,7.0,UK,Finance,2460253,No,Website,Counseling,Rahul Singh,2025-07-24,2025-10-11,Dropped,87,Medium,77,Canada,Not Eligible
ST5801,Ekiya Kala,Female,28,Mumbai,Maharashtra,BCom,Biotechnology,8.13,6.3,Germany,Business Analytics,1415924,No,Seminar,Documents,Sneha Jain,2025-08-08,2025-08-11,Dropped,73,Medium,78,Germany,Partial Scholarship
ST5802,Saksham Shroff,Male,22,Bhopal,Madhya Pradesh,BTech,CSE,9.51,8.0,UK,Business Analytics,1975294,Yes,Seminar,Documents,Amit Verma,2025-04-09,2025-05-16,Active,92,Low,100,Canada,Merit Scholarship
ST5803,Ranbir Murty,Male,28,Bangalore,Karnataka,BSc,IT,6.41,6.5,Canada,Computer Science,2238099,Yes,WhatsApp,Contacted,Sneha Jain,2025-08-08,2025-08-23,Dropped,68,Medium,74,Canada,Not Eligible
ST5804,Neha Bhatnagar,Male,20,Delhi,Delhi,BCom,Biotechnology,8.4,6.7,Australia,MBA,2248946,Yes,WhatsApp,Visa,Amit Verma,2024-10-09,2025-01-01,Active,98,Low,96,Australia,Partial Scholarship
ST5805,Ira Iyer,Male,27,Mumbai,Maharashtra,BSc,ECE,8.24,6.2,Australia,Cyber Security,2565439,No,Seminar,New Lead,Sneha Jain,2024-08-03,2024-08-21,Dropped,80,Low,89,Australia,Partial Scholarship
ST5806,Mugdha Apte,Female,25,Mumbai,Maharashtra,BCom,ECE,8.9,7.2,Canada,Data Science,2237153,Yes,Website,Visa,Rahul Singh,2026-04-13,2026-07-19,Active,99,Low,100,Canada,Merit Scholarship
ST5807,Edhitha Merchant,Male,21,Pune,Maharashtra,BTech,Biotechnology,6.69,6.0,Germany,MBA,963788,Yes,Website,Visa,Sneha Jain,2024-06-26,2024-09-02,Converted,59,Medium,61,Germany,Not Eligible
ST5808,Victor Issac,Female,22,Indore,Madhya Pradesh,BCom,Biotechnology,9.28,6.6,USA,Cyber Security,3168282,Yes,Seminar,Documents,Rohit Gupta,2025-04-15,2025-07-16,Inactive,99,Low,100,USA,Merit Scholarship
ST5809,Devansh Issac,Male,22,Chennai,Tamil Nadu,BBA,Mechanical,6.57,6.2,Canada,MBA,1222675,Yes,Instagram,New Lead,Priya Sharma,2025-11-12,2025-11-20,Inactive,69,Medium,62,Germany,Not Eligible
ST5810,Warinder Raj,Male,26,Mumbai,Maharashtra,BTech,Marketing,6.12,6.1,Canada,MBA,2067793,No,Referral,Documents,Rahul Singh,2024-06-22,2024-07-13,Inactive,87,Low,81,Canada,Not Eligible
ST5811,Rajata Tandon,Female,23,Indore,Madhya Pradesh,BBA,Finance,7.68,8.1,UK,MBA,1057025,No,Instagram,Counseling,Rahul Singh,2026-01-29,2026-03-27,Active,96,Low,91,Germany,Partial Scholarship
ST5812,Lajita Choudhary,Male,25,Jaipur,Rajasthan,BSc,ECE,9.49,7.8,Canada,MBA,1928449,Yes,WhatsApp,Counseling,Sneha Jain,2024-11-16,2025-02-10,Inactive,99,Low,100,Canada,Merit Scholarship
ST5813,Ranbir Sama,Male,28,Pune,Maharashtra,BBA,Mechanical,9.79,6.3,UK,Business Analytics,2488158,Yes,WhatsApp,Documents,Sneha Jain,2025-02-08,2025-04-25,Active,99,Low,100,UK,Merit Scholarship
ST5814,Chanchal Gaba,Male,18,Indore,Madhya Pradesh,BSc,Marketing,7.54,8.5,Australia,Data Science,1612334,No,WhatsApp,Visa,Priya Sharma,2026-05-15,2026-07-18,Converted,99,Low,95,Canada,Partial Scholarship
ST5815,Ira Chand,Male,25,Ahmedabad,Gujarat,BTech,ECE,7.83,7.6,Australia,Artificial Intelligence,2875782,No,WhatsApp,Application,Rahul Singh,2025-04-12,2025-04-29,Active,99,Low,98,Canada,Partial Scholarship
ST5816,Omisha Wali,Male,27,Chennai,Tamil Nadu,BCom,Marketing,6.42,7.0,Canada,Computer Science,1926235,No,Website,Visa,Sneha Jain,2024-09-07,2024-10-04,Converted,62,Medium,69,Canada,Not Eligible
ST5817,Vasatika Kota,Female,20,Mumbai,Maharashtra,BSc,CSE,8.32,8.2,Canada,Business Analytics,3172265,Yes,WhatsApp,Visa,Priya Sharma,2024-08-11,2024-09-17,Converted,99,Low,100,Canada,Partial Scholarship
ST5818,Dalbir Kant,Female,28,Ahmedabad,Gujarat,BBA,IT,9.53,7.2,USA,Computer Science,3192642,Yes,Referral,Visa,Rohit Gupta,2026-04-28,2026-07-19,Active,99,Low,100,Canada,Merit Scholarship
ST5819,Ikbal Dugar,Female,18,Pune,Maharashtra,BSc,Mechanical,8.72,7.5,UK,Business Analytics,1317474,Yes,Referral,New Lead,Rohit Gupta,2024-06-29,2024-09-03,Dropped,90,Low,100,Germany,Merit Scholarship
ST5820,Indrajit Narang,Female,20,Ahmedabad,Gujarat,BA,Marketing,6.86,8.0,Canada,Computer Science,2867456,No,Instagram,New Lead,Sneha Jain,2026-01-02,2026-03-24,Dropped,98,Low,93,Canada,Not Eligible
ST5821,Jairaj Nigam,Male,23,Pune,Maharashtra,BA,CSE,9.45,7.2,Australia,Cyber Security,1757105,Yes,Instagram,Enrolled,Amit Verma,2024-07-13,2024-10-21,Converted,99,Low,100,Canada,Merit Scholarship
ST5822,Jagat Pradhan,Male,24,Chennai,Tamil Nadu,BBA,Mechanical,9.67,6.0,Canada,Finance,1313157,Yes,Website,New Lead,Rahul Singh,2025-03-23,2025-05-17,Inactive,88,Low,91,Germany,Merit Scholarship
ST5823,Ranbir Bera,Male,26,Jaipur,Rajasthan,BTech,Mechanical,9.15,8.5,UK,MBA,1771716,Yes,WhatsApp,Offer Letter,Sneha Jain,2025-11-05,2025-12-16,Active,99,Low,100,Canada,Merit Scholarship
ST5824,Reyansh Dube,Male,28,Delhi,Delhi,BA,Mechanical,9.06,6.1,Australia,Finance,3104650,Yes,Seminar,Offer Letter,Priya Sharma,2024-06-16,2024-07-01,Active,93,Low,95,Australia,Merit Scholarship
ST5825,Siddharth Chawla,Male,19,Pune,Maharashtra,BTech,CSE,7.61,5.7,UK,Artificial Intelligence,1790749,No,Website,Visa,Sneha Jain,2024-10-17,2024-11-20,Converted,70,Medium,68,UK,Partial Scholarship
ST5826,Lekha Lall,Female,27,Delhi,Delhi,BBA,Mechanical,6.67,8.4,Australia,Artificial Intelligence,1536911,No,Referral,Contacted,Rahul Singh,2025-09-29,2025-10-03,Dropped,99,Low,100,Canada,Not Eligible
ST5827,Yashasvi Sharma,Female,21,Indore,Madhya Pradesh,BTech,Mechanical,8.23,6.0,UK,Cyber Security,2301907,No,Instagram,Documents,Sneha Jain,2025-08-12,2025-08-26,Dropped,82,Low,87,UK,Partial Scholarship
ST5828,Charles Kaur,Male,28,Chennai,Tamil Nadu,BTech,Mechanical,8.48,7.0,Australia,Finance,2877792,Yes,Instagram,New Lead,Rohit Gupta,2024-11-20,2025-01-30,Inactive,99,Low,99,Canada,Partial Scholarship
ST5829,Yochana Naik,Male,19,Bangalore,Karnataka,BTech,ECE,9.6,8.0,Australia,Business Analytics,862901,Yes,Instagram,Documents,Rohit Gupta,2026-01-11,2026-01-18,Dropped,99,Low,100,Germany,Merit Scholarship
ST5830,Andrew Dhawan,Female,19,Pune,Maharashtra,BTech,Biotechnology,6.25,7.5,Australia,Finance,2051800,No,Seminar,Documents,Rahul Singh,2024-12-22,2024-12-25,Dropped,85,Low,82,Canada,Not Eligible
ST5831,Kashvi Gill,Male,25,Pune,Maharashtra,BCom,Marketing,6.54,7.9,Canada,Computer Science,1692923,No,Website,Documents,Sneha Jain,2026-01-15,2026-02-22,Active,88,Medium,79,Canada,Not Eligible
ST5832,Yadavi Ramesh,Female,24,Bangalore,Karnataka,BA,CSE,6.5,7.0,Canada,Data Science,2481988,Yes,Instagram,Documents,Rohit Gupta,2025-10-08,2025-11-25,Dropped,86,Low,80,Canada,Not Eligible
ST5833,Xavier Barman,Male,23,Indore,Madhya Pradesh,BA,Biotechnology,7.83,6.7,Australia,Artificial Intelligence,2096218,No,Seminar,Counseling,Rohit Gupta,2024-06-14,2024-07-17,Inactive,98,Low,90,Australia,Partial Scholarship
ST5834,Parth Babu,Female,18,Mumbai,Maharashtra,BSc,ECE,6.04,7.3,Canada,MBA,1051200,Yes,Website,Contacted,Priya Sharma,2025-04-15,2025-06-26,Active,66,Medium,68,Germany,Not Eligible
ST5835,Kai Kumer,Male,20,Bhopal,Madhya Pradesh,BA,ECE,9.12,7.4,Australia,Cyber Security,2228677,Yes,Website,Visa,Rahul Singh,2024-10-24,2024-11-04,Converted,91,Low,100,Canada,Merit Scholarship
ST5836,Saksham Goyal,Male,20,Ahmedabad,Gujarat,BSc,CSE,6.79,8.5,Australia,Computer Science,1255438,Yes,WhatsApp,Enrolled,Sneha Jain,2025-08-31,2025-10-10,Converted,84,Low,87,Germany,Not Eligible
ST5837,Gautam Ray,Female,23,Bangalore,Karnataka,BCom,CSE,7.4,6.1,UK,Business Analytics,3111783,No,WhatsApp,Enrolled,Priya Sharma,2024-10-08,2025-01-02,Converted,75,Medium,79,UK,Not Eligible
ST5838,Pallavi Goswami,Female,20,Indore,Madhya Pradesh,BA,IT,6.55,6.7,Australia,Artificial Intelligence,2716867,Yes,WhatsApp,Counseling,Rohit Gupta,2024-10-18,2024-12-29,Dropped,75,Medium,77,Australia,Not Eligible
ST5839,Ayushman Bose,Male,21,Bangalore,Karnataka,BCom,ECE,7.75,6.1,Germany,Computer Science,1094294,No,Referral,Enrolled,Priya Sharma,2025-10-20,2025-11-12,Converted,81,Low,87,Germany,Partial Scholarship
ST5840,Lipika Sibal,Male,23,Delhi,Delhi,BSc,Finance,7.53,6.6,USA,Artificial Intelligence,3473556,No,Instagram,Counseling,Sneha Jain,2024-12-29,2025-01-08,Dropped,91,Low,85,USA,Partial Scholarship
ST5841,Tristan Borde,Male,18,Delhi,Delhi,BBA,Biotechnology,6.09,5.9,Canada,Business Analytics,1837220,No,Referral,Offer Letter,Rahul Singh,2026-04-16,2026-05-10,Inactive,77,Medium,69,Canada,Not Eligible
ST5842,Raghav Kadakia,Female,21,Mumbai,Maharashtra,BCom,ECE,8.51,8.0,Australia,MBA,2286524,Yes,Website,Enrolled,Amit Verma,2026-03-26,2026-06-15,Converted,96,Low,100,Canada,Merit Scholarship
ST5843,Rachana Dash,Female,21,Ahmedabad,Gujarat,BCom,Biotechnology,6.9,8.3,Australia,MBA,3147683,No,Referral,Enrolled,Sneha Jain,2025-02-17,2025-05-14,Converted,99,Low,100,Canada,Not Eligible
ST5844,Yamini Ram,Male,27,Delhi,Delhi,BA,Finance,7.45,7.9,Canada,Business Analytics,3259151,No,Seminar,Visa,Sneha Jain,2025-09-23,2025-12-29,Active,93,Low,98,Canada,Not Eligible
ST5845,Waida Sahota,Male,20,Pune,Maharashtra,BBA,Finance,8.82,6.7,Germany,Cyber Security,1037812,Yes,WhatsApp,Offer Letter,Priya Sharma,2025-09-20,2025-11-27,Dropped,85,Low,90,Germany,Merit Scholarship
ST5846,Nisha Patla,Male,25,Bangalore,Karnataka,BCom,Biotechnology,9.76,6.6,Australia,Cyber Security,1669420,Yes,Instagram,Offer Letter,Sneha Jain,2026-04-19,2026-06-17,Active,96,Low,97,Australia,Merit Scholarship
ST5847,Mason Bansal,Female,18,Hyderabad,Telangana,BSc,Finance,6.59,7.7,UK,Data Science,960638,No,Website,Counseling,Sneha Jain,2025-04-12,2025-06-18,Active,78,Medium,77,Germany,Not Eligible
ST5848,Ryan Ravel,Male,20,Mumbai,Maharashtra,BA,ECE,7.02,6.5,USA,Artificial Intelligence,3174520,Yes,Website,Documents,Priya Sharma,2025-10-16,2025-12-26,Active,73,Low,80,USA,Not Eligible
ST5849,Ekanta Ganesh,Female,19,Indore,Madhya Pradesh,BA,Finance,6.61,6.5,UK,Finance,2367725,No,Seminar,Visa,Amit Verma,2025-05-28,2025-06-22,Converted,74,Medium,76,UK,Not Eligible
ST5850,Avni Viswanathan,Male,26,Chennai,Tamil Nadu,BTech,Marketing,6.5,7.7,Australia,Computer Science,1428351,Yes,Website,Documents,Rohit Gupta,2024-07-20,2024-11-04,Dropped,81,Medium,77,Germany,Not Eligible
ST5851,Kamala Bhasin,Female,25,Bhopal,Madhya Pradesh,BBA,IT,6.31,6.1,UK,Computer Science,2485549,Yes,Website,Documents,Rohit Gupta,2024-10-02,2024-12-22,Inactive,76,Medium,68,UK,Not Eligible
ST5852,Ranveer Dubey,Female,22,Bhopal,Madhya Pradesh,BCom,Finance,6.57,8.4,Australia,Artificial Intelligence,2232264,Yes,Seminar,Documents,Amit Verma,2025-05-23,2025-09-08,Dropped,89,Low,94,Canada,Not Eligible
ST5853,Farhan Babu,Male,24,Pune,Maharashtra,BTech,Mechanical,8.21,7.6,Canada,Cyber Security,2099685,No,Seminar,Documents,Rohit Gupta,2024-11-29,2025-03-27,Dropped,99,Low,100,Canada,Partial Scholarship
ST5854,Forum Dewan,Female,28,Bhopal,Madhya Pradesh,BCom,Mechanical,7.57,6.4,UK,Business Analytics,2250084,Yes,Referral,Counseling,Amit Verma,2025-05-20,2025-09-09,Inactive,98,Low,99,UK,Partial Scholarship
ST5855,Maanav Khurana,Female,20,Hyderabad,Telangana,BTech,Biotechnology,8.92,8.2,UK,Artificial Intelligence,1256010,Yes,Website,Counseling,Rohit Gupta,2026-01-03,2026-03-27,Active,92,Low,100,Germany,Merit Scholarship
ST5856,Baghyawati Tank,Female,24,Chennai,Tamil Nadu,BBA,ECE,6.16,8.4,UK,MBA,2549048,No,WhatsApp,Documents,Priya Sharma,2026-04-18,2026-05-10,Dropped,99,Low,90,Canada,Not Eligible
ST5857,Suhani Soman,Male,19,Bangalore,Karnataka,BCom,Marketing,7.37,6.9,USA,Data Science,2863871,Yes,Website,Visa,Priya Sharma,2025-04-05,2025-04-11,Converted,85,Low,87,USA,Not Eligible
ST5858,Dhruv Vaidya,Female,20,Bangalore,Karnataka,BSc,ECE,8.39,6.4,Australia,Data Science,2945415,Yes,Instagram,Visa,Sneha Jain,2026-03-29,2026-05-03,Converted,89,Low,92,Australia,Partial Scholarship
ST5859,David Sarkar,Female,25,Hyderabad,Telangana,BTech,CSE,8.17,6.9,UK,Artificial Intelligence,2639968,Yes,Referral,Visa,Rohit Gupta,2026-03-31,2026-04-09,Converted,99,Low,100,UK,Partial Scholarship
ST5860,Aarush Peri,Female,24,Bhopal,Madhya Pradesh,BSc,Biotechnology,8.55,6.0,Australia,Cyber Security,1926312,Yes,Referral,Documents,Amit Verma,2026-02-15,2026-03-30,Active,95,Low,95,Australia,Merit Scholarship
ST5861,Ekaja Parikh,Female,24,Mumbai,Maharashtra,BBA,ECE,6.03,6.9,UK,Artificial Intelligence,2850542,Yes,Referral,Enrolled,Rohit Gupta,2025-10-15,2025-11-14,Converted,79,Low,89,UK,Not Eligible
ST5862,Saksham Kumar,Male,25,Bangalore,Karnataka,BBA,Marketing,6.52,8.2,UK,Computer Science,1891597,No,Seminar,Application,Priya Sharma,2025-11-26,2026-02-24,Dropped,78,Low,81,Canada,Not Eligible
ST5863,Indrajit Ramanathan,Female,21,Delhi,Delhi,BA,Mechanical,6.27,6.1,UK,Computer Science,3007153,Yes,Instagram,New Lead,Rahul Singh,2025-09-14,2025-10-07,Inactive,65,Medium,67,UK,Not Eligible
ST5864,Wishi Karnik,Male,25,Delhi,Delhi,BTech,Mechanical,8.74,8.4,Australia,MBA,3237035,Yes,Instagram,Offer Letter,Sneha Jain,2025-07-12,2025-07-18,Dropped,99,Low,100,Canada,Merit Scholarship
ST5865,Devansh Thakkar,Male,26,Bangalore,Karnataka,BA,IT,7.51,7.3,Germany,MBA,1344288,No,WhatsApp,Contacted,Rohit Gupta,2026-01-06,2026-04-30,Active,82,Low,83,Germany,Partial Scholarship
ST5866,Upkaar Prashad,Female,28,Pune,Maharashtra,BTech,Finance,8.49,7.5,Canada,Computer Science,2394058,Yes,Referral,Documents,Priya Sharma,2025-07-06,2025-09-23,Active,99,Low,100,Canada,Partial Scholarship
ST5867,Aahana Wagle,Male,21,Ahmedabad,Gujarat,BA,Mechanical,9.44,8.0,Australia,Data Science,1887235,Yes,WhatsApp,New Lead,Rahul Singh,2025-11-02,2026-02-09,Inactive,99,Low,100,Canada,Merit Scholarship
ST5868,Naveen Bedi,Female,19,Delhi,Delhi,BSc,ECE,8.94,7.9,UK,Business Analytics,2136177,Yes,Instagram,Enrolled,Amit Verma,2026-01-15,2026-04-28,Converted,97,Low,100,Canada,Merit Scholarship
ST5869,Gauri Bhalla,Male,26,Hyderabad,Telangana,BCom,IT,8.65,5.7,Australia,Finance,1723175,Yes,Referral,Counseling,Sneha Jain,2026-02-02,2026-02-09,Dropped,99,Low,93,Australia,Merit Scholarship
ST5870,Yahvi Batta,Male,22,Pune,Maharashtra,BBA,IT,6.59,8.4,Canada,MBA,3075994,Yes,Referral,Enrolled,Amit Verma,2025-05-04,2025-08-29,Converted,99,Low,100,Canada,Not Eligible
ST5871,Gauri Chatterjee,Male,21,Delhi,Delhi,BBA,Finance,6.27,8.1,Australia,Cyber Security,868449,No,Instagram,New Lead,Rohit Gupta,2025-06-23,2025-08-20,Dropped,69,Medium,77,Germany,Not Eligible
ST5872,Arya Natt,Female,18,Jaipur,Rajasthan,BCom,IT,8.51,7.9,Canada,Computer Science,2420104,Yes,WhatsApp,Contacted,Sneha Jain,2025-06-28,2025-08-15,Active,99,Low,100,Canada,Merit Scholarship
ST5873,Nikita Char,Female,27,Jaipur,Rajasthan,BTech,IT,8.12,6.8,USA,MBA,2781664,No,Instagram,Visa,Sneha Jain,2025-11-13,2026-01-21,Converted,86,Low,93,USA,Partial Scholarship
ST5874,Anay Hayer,Female,25,Pune,Maharashtra,BA,Marketing,8.76,6.6,Australia,MBA,2263981,Yes,Seminar,New Lead,Priya Sharma,2025-03-27,2025-05-06,Inactive,99,Low,97,Australia,Merit Scholarship
ST5875,Mekhala Dey,Male,20,Pune,Maharashtra,BA,Mechanical,9.33,6.6,Canada,Business Analytics,3159261,Yes,WhatsApp,Offer Letter,Rohit Gupta,2025-07-13,2025-10-11,Active,99,Low,100,Canada,Merit Scholarship
ST5876,Priya Raju,Male,27,Bhopal,Madhya Pradesh,BTech,CSE,9.36,8.1,UK,Computer Science,1187653,Yes,Referral,Visa,Rohit Gupta,2025-06-14,2025-08-21,Converted,95,Low,100,Germany,Merit Scholarship
ST5877,Priya Kumer,Female,23,Mumbai,Maharashtra,BSc,Biotechnology,7.74,5.9,Canada,Computer Science,909001,No,Instagram,Offer Letter,Amit Verma,2026-02-07,2026-02-19,Dropped,75,Medium,71,Germany,Partial Scholarship
ST5878,Januja Deol,Male,24,Chennai,Tamil Nadu,BTech,ECE,7.25,6.2,Canada,Finance,3223057,Yes,Referral,Counseling,Rahul Singh,2025-08-05,2025-09-12,Active,91,Low,94,Canada,Not Eligible
ST5879,Mohini Seshadri,Male,23,Ahmedabad,Gujarat,BA,Biotechnology,7.08,6.9,UK,MBA,2564407,No,WhatsApp,Enrolled,Rohit Gupta,2025-08-13,2025-08-15,Converted,75,Low,84,UK,Not Eligible
ST5880,Pushti Rao,Male,21,Jaipur,Rajasthan,BBA,ECE,7.36,8.4,UK,Artificial Intelligence,2781162,Yes,Instagram,Application,Rohit Gupta,2026-05-15,2026-08-23,Inactive,97,Low,100,Canada,Not Eligible
ST5881,Dalbir Khatri,Male,21,Delhi,Delhi,BTech,IT,8.1,8.1,UK,Computer Science,1899423,Yes,Website,Enrolled,Sneha Jain,2024-12-20,2024-12-28,Converted,91,Low,95,Canada,Partial Scholarship
ST5882,Yagnesh Tella,Male,25,Ahmedabad,Gujarat,BSc,ECE,8.4,7.5,UK,MBA,2086425,No,Referral,New Lead,Amit Verma,2025-01-07,2025-04-20,Dropped,98,Low,100,Canada,Partial Scholarship
ST5883,Riya Manda,Male,28,Jaipur,Rajasthan,BTech,Biotechnology,6.48,6.8,Canada,Computer Science,2542492,Yes,Instagram,Visa,Priya Sharma,2026-04-22,2026-07-11,Converted,76,Medium,76,Canada,Not Eligible
ST5884,Matthew Dugal,Female,24,Chennai,Tamil Nadu,BCom,CSE,7.35,5.8,UK,Computer Science,2669320,No,Instagram,Contacted,Rohit Gupta,2025-07-31,2025-10-17,Active,69,Medium,75,UK,Not Eligible
ST5885,Naveen Goda,Female,25,Hyderabad,Telangana,BCom,ECE,9.74,6.8,Canada,Computer Science,3372159,Yes,Website,Enrolled,Rohit Gupta,2025-06-09,2025-09-08,Converted,99,Low,100,Canada,Merit Scholarship
ST5886,Sachi Mannan,Female,21,Delhi,Delhi,BA,Marketing,9.58,7.9,Australia,Cyber Security,2290097,Yes,Seminar,Documents,Amit Verma,2026-02-24,2026-06-17,Dropped,99,Low,100,Canada,Merit Scholarship
ST5887,Anay Kale,Male,19,Pune,Maharashtra,BA,Marketing,6.28,7.3,USA,Artificial Intelligence,3042427,No,Referral,Documents,Rahul Singh,2026-03-01,2026-03-19,Inactive,88,Low,95,Canada,Not Eligible
ST5888,Chanakya Venkatesh,Male,27,Mumbai,Maharashtra,BA,Mechanical,6.82,8.1,UK,Artificial Intelligence,3117297,Yes,WhatsApp,New Lead,Rohit Gupta,2025-09-12,2025-09-25,Dropped,99,Low,93,Canada,Not Eligible
ST5889,William Saini,Female,22,Jaipur,Rajasthan,BA,Mechanical,6.12,7.4,UK,Business Analytics,2682535,No,WhatsApp,Offer Letter,Amit Verma,2025-05-28,2025-08-27,Inactive,80,Low,80,Canada,Not Eligible
ST5890,Nathan Salvi,Male,26,Mumbai,Maharashtra,BTech,CSE,9.23,8.1,Australia,Finance,2097688,Yes,Website,Visa,Priya Sharma,2025-04-06,2025-07-21,Converted,99,Low,100,Canada,Merit Scholarship
ST5891,Rayaan Sahni,Female,20,Jaipur,Rajasthan,BBA,Biotechnology,9.22,6.0,Germany,MBA,1437197,Yes,WhatsApp,Visa,Sneha Jain,2025-06-16,2025-07-26,Converted,84,Low,87,Germany,Merit Scholarship
ST5892,Ronith Sem,Male,27,Jaipur,Rajasthan,BA,Biotechnology,6.23,5.6,Canada,Data Science,1307550,No,Instagram,Contacted,Amit Verma,2024-06-12,2024-07-03,Dropped,45,High,52,Germany,Not Eligible
ST5893,Bhavani Thakkar,Female,22,Indore,Madhya Pradesh,BA,Marketing,9.28,6.1,Canada,Computer Science,1826088,Yes,Website,New Lead,Amit Verma,2024-07-10,2024-08-23,Active,95,Low,87,Canada,Merit Scholarship
ST5894,Pranit Jaggi,Female,26,Ahmedabad,Gujarat,BBA,Finance,8.76,5.9,Canada,Data Science,2864889,Yes,Seminar,Contacted,Rahul Singh,2026-01-02,2026-02-14,Inactive,93,Low,91,Canada,Merit Scholarship
ST5895,Indrajit Kaur,Female,18,Chennai,Tamil Nadu,BSc,Finance,9.28,6.0,Australia,Computer Science,2385289,Yes,Seminar,Contacted,Sneha Jain,2025-07-09,2025-08-01,Active,99,Low,97,Australia,Merit Scholarship
ST5896,Harsh Mammen,Female,28,Ahmedabad,Gujarat,BSc,Biotechnology,8.22,5.6,Canada,Business Analytics,2858011,Yes,Seminar,Contacted,Amit Verma,2025-04-19,2025-05-08,Active,75,Low,82,Canada,Partial Scholarship
ST5897,Nachiket Buch,Male,20,Indore,Madhya Pradesh,BCom,CSE,7.87,6.4,UK,Business Analytics,1882347,No,Referral,Documents,Priya Sharma,2025-10-11,2026-01-20,Active,98,Low,92,UK,Partial Scholarship
ST5898,Jairaj Shah,Male,25,Pune,Maharashtra,BBA,Mechanical,7.36,7.8,UK,Computer Science,2786327,No,Website,Visa,Priya Sharma,2026-02-21,2026-05-14,Converted,99,Low,96,Canada,Not Eligible
ST5899,Matthew Solanki,Female,27,Delhi,Delhi,BTech,CSE,8.03,6.6,Australia,Finance,2075677,Yes,WhatsApp,Application,Amit Verma,2026-05-31,2026-06-01,Dropped,87,Low,90,Australia,Partial Scholarship
ST5900,Avi Aggarwal,Male,28,Jaipur,Rajasthan,BTech,Marketing,8.06,7.1,Canada,MBA,2877065,Yes,Website,Enrolled,Rohit Gupta,2025-04-01,2025-05-28,Converted,92,Low,95,Canada,Partial Scholarship
ST5901,Noah Khurana,Male,20,Mumbai,Maharashtra,BBA,ECE,7.43,6.1,Canada,Data Science,1349601,No,WhatsApp,Visa,Sneha Jain,2025-07-12,2025-09-03,Active,75,Medium,69,Germany,Not Eligible
ST5902,Rishi Kumar,Female,24,Indore,Madhya Pradesh,BBA,CSE,9.13,6.6,UK,Computer Science,3031582,Yes,WhatsApp,Offer Letter,Rohit Gupta,2026-03-13,2026-03-28,Active,91,Low,100,UK,Merit Scholarship
ST5903,Parth Sekhon,Female,25,Chennai,Tamil Nadu,BBA,Mechanical,8.58,7.9,Australia,Finance,1769417,Yes,Website,Documents,Priya Sharma,2025-12-05,2026-03-20,Active,90,Low,99,Canada,Merit Scholarship
ST5904,Anusha Yohannan,Female,22,Mumbai,Maharashtra,BSc,Mechanical,7.96,6.0,Australia,Finance,2703462,No,Referral,Visa,Rohit Gupta,2025-06-26,2025-07-04,Active,99,Low,99,Australia,Partial Scholarship
ST5905,Oscar Sengupta,Female,24,Hyderabad,Telangana,BSc,CSE,8.28,5.8,Germany,MBA,1126686,No,WhatsApp,Documents,Rohit Gupta,2025-12-10,2026-03-25,Active,82,Medium,74,Germany,Partial Scholarship
ST5906,Ekapad Manne,Male,22,Mumbai,Maharashtra,BTech,IT,9.47,8.1,UK,Business Analytics,2409897,Yes,Website,Offer Letter,Rohit Gupta,2025-12-15,2026-02-04,Dropped,98,Low,100,Canada,Merit Scholarship
ST5907,Mugdha Raj,Female,25,Hyderabad,Telangana,BBA,Biotechnology,7.87,7.1,Canada,Business Analytics,2322956,Yes,Website,Application,Amit Verma,2025-11-29,2025-12-23,Dropped,85,Low,93,Canada,Partial Scholarship
ST5908,Mugdha Dyal,Female,24,Pune,Maharashtra,BCom,CSE,7.18,6.5,Australia,Artificial Intelligence,2302018,No,Website,New Lead,Rohit Gupta,2026-05-23,2026-09-04,Active,87,Low,81,Australia,Not Eligible
ST5909,Jhalak Pandit,Female,24,Ahmedabad,Gujarat,BBA,ECE,8.48,7.1,Canada,Data Science,2797569,No,Referral,Counseling,Priya Sharma,2025-04-24,2025-05-16,Dropped,99,Low,100,Canada,Partial Scholarship
ST5910,Udarsh Mander,Male,25,Jaipur,Rajasthan,BBA,ECE,7.64,6.5,UK,Computer Science,2106098,Yes,Website,Documents,Amit Verma,2024-07-20,2024-08-09,Dropped,80,Low,86,UK,Partial Scholarship
ST5911,Kevin Bhandari,Female,19,Pune,Maharashtra,BA,Mechanical,7.54,6.8,USA,Computer Science,3427101,No,Website,Application,Priya Sharma,2025-01-14,2025-03-08,Inactive,97,Low,87,USA,Partial Scholarship
ST5912,Bakhshi Kamdar,Male,23,Pune,Maharashtra,BCom,ECE,6.33,6.5,Canada,Artificial Intelligence,3490672,No,WhatsApp,Offer Letter,Rohit Gupta,2025-11-14,2026-01-23,Active,68,Medium,73,Canada,Not Eligible
ST5913,Barkha Bansal,Female,18,Pune,Maharashtra,BTech,Biotechnology,6.89,6.8,Germany,Computer Science,1261921,No,Website,New Lead,Rahul Singh,2025-05-23,2025-05-24,Active,78,Medium,70,Germany,Not Eligible
ST5914,Osha Kothari,Female,19,Bangalore,Karnataka,BSc,Marketing,6.3,7.8,Australia,MBA,3385504,No,Seminar,Contacted,Rohit Gupta,2026-04-12,2026-08-01,Dropped,95,Low,85,Canada,Not Eligible
ST5915,Indrajit Muni,Female,27,Indore,Madhya Pradesh,BA,Marketing,8.68,7.5,Australia,Computer Science,3096881,Yes,WhatsApp,Application,Rahul Singh,2025-11-08,2025-12-01,Active,99,Low,100,Canada,Merit Scholarship
ST5916,Laksh Karpe,Male,26,Pune,Maharashtra,BCom,CSE,9.62,8.1,Canada,Data Science,964723,Yes,Instagram,Application,Priya Sharma,2025-03-15,2025-06-02,Dropped,99,Low,100,Germany,Merit Scholarship
ST5917,Wazir Deshpande,Male,20,Chennai,Tamil Nadu,BCom,Biotechnology,8.62,7.2,Germany,Business Analytics,1468940,Yes,WhatsApp,Visa,Rahul Singh,2024-11-16,2025-02-27,Converted,86,Low,93,Germany,Merit Scholarship
ST5918,Balhaar Basak,Female,27,Hyderabad,Telangana,BCom,CSE,7.21,7.0,Germany,Business Analytics,1220311,Yes,Website,Counseling,Sneha Jain,2025-06-23,2025-10-18,Dropped,78,Medium,77,Germany,Not Eligible
ST5919,Adya Barad,Female,23,Jaipur,Rajasthan,BBA,ECE,7.74,7.8,Canada,Artificial Intelligence,1879800,Yes,Seminar,Contacted,Rohit Gupta,2024-10-14,2024-12-03,Active,94,Low,90,Canada,Partial Scholarship
ST5920,Yachana Sood,Female,25,Chennai,Tamil Nadu,BSc,Biotechnology,6.52,6.7,USA,MBA,3250255,No,Website,Visa,Priya Sharma,2025-07-08,2025-08-07,Converted,72,Medium,77,USA,Not Eligible
ST5921,Dev Raval,Male,24,Pune,Maharashtra,BA,Biotechnology,6.86,6.3,Germany,Artificial Intelligence,1141984,Yes,Instagram,Visa,Rahul Singh,2024-09-22,2024-10-11,Converted,74,Medium,65,Germany,Not Eligible
ST5922,Aahana Pandit,Male,18,Jaipur,Rajasthan,BCom,Mechanical,9.41,7.9,UK,Business Analytics,853779,Yes,Instagram,Contacted,Amit Verma,2024-11-11,2025-01-06,Dropped,99,Low,100,Germany,Merit Scholarship
ST5923,Manya Rajan,Male,25,Jaipur,Rajasthan,BSc,IT,8.06,6.9,Canada,Data Science,1304135,No,WhatsApp,New Lead,Rohit Gupta,2024-11-09,2025-01-02,Active,89,Low,84,Germany,Partial Scholarship
ST5924,Jason Patla,Male,22,Ahmedabad,Gujarat,BSc,Biotechnology,9.69,6.8,Germany,Computer Science,838623,Yes,Instagram,Offer Letter,Rohit Gupta,2024-09-22,2024-12-25,Dropped,99,Low,98,Germany,Merit Scholarship
ST5925,Harish Ahluwalia,Male,27,Bhopal,Madhya Pradesh,BTech,Marketing,6.08,6.9,UK,Finance,2059834,No,Website,Offer Letter,Sneha Jain,2025-07-22,2025-08-21,Dropped,66,Medium,74,UK,Not Eligible
ST5926,Darika Soni,Female,18,Pune,Maharashtra,BCom,Mechanical,8.91,7.8,UK,Cyber Security,1561344,Yes,Website,Offer Letter,Rahul Singh,2025-05-24,2025-07-31,Active,99,Low,100,Canada,Merit Scholarship
ST5927,Nidhi Vasa,Female,21,Ahmedabad,Gujarat,BTech,ECE,9.72,6.8,Canada,Data Science,2454601,Yes,Website,Enrolled,Priya Sharma,2026-03-17,2026-04-23,Converted,99,Low,100,Canada,Merit Scholarship
ST5928,Finn Misra,Male,28,Bhopal,Madhya Pradesh,BCom,ECE,9.48,6.0,Germany,Computer Science,1232285,Yes,Website,New Lead,Sneha Jain,2025-09-06,2025-09-13,Inactive,95,Low,89,Germany,Merit Scholarship
ST5929,Jalsa Sridhar,Female,20,Bangalore,Karnataka,BTech,ECE,7.32,6.4,Canada,Artificial Intelligence,1515747,Yes,Seminar,Application,Priya Sharma,2025-09-30,2025-11-24,Dropped,72,Medium,72,Canada,Not Eligible
ST5930,Wazir Kalla,Female,19,Bhopal,Madhya Pradesh,BCom,Biotechnology,9.04,7.1,Canada,Cyber Security,3209791,Yes,WhatsApp,New Lead,Sneha Jain,2025-12-26,2026-03-20,Inactive,99,Low,100,Canada,Merit Scholarship
ST5931,Balendra Minhas,Female,26,Ahmedabad,Gujarat,BBA,Biotechnology,7.9,7.3,UK,Data Science,2087167,No,Seminar,Application,Priya Sharma,2025-08-23,2025-10-25,Dropped,90,Low,97,Canada,Partial Scholarship
ST5932,Sanaya Sarkar,Female,21,Pune,Maharashtra,BCom,IT,6.6,6.8,Canada,Cyber Security,838850,No,Seminar,New Lead,Rahul Singh,2026-01-14,2026-04-17,Inactive,61,Medium,67,Germany,Not Eligible
ST5933,Ekantika Das,Female,28,Ahmedabad,Gujarat,BTech,Marketing,6.51,6.6,Australia,MBA,2108993,No,Website,Enrolled,Priya Sharma,2025-06-02,2025-06-29,Converted,82,Medium,75,Australia,Not Eligible
ST5934,Gautam Kalita,Male,20,Indore,Madhya Pradesh,BTech,Mechanical,9.25,5.9,UK,Finance,1771375,Yes,Seminar,New Lead,Amit Verma,2025-03-05,2025-05-21,Dropped,94,Low,86,UK,Merit Scholarship
ST5935,Guneet Borah,Male,26,Hyderabad,Telangana,BSc,ECE,9.55,7.1,Australia,Business Analytics,3186302,Yes,WhatsApp,New Lead,Sneha Jain,2024-08-14,2024-11-09,Dropped,98,Low,100,Canada,Merit Scholarship
ST5936,Megha Sen,Male,23,Hyderabad,Telangana,BBA,Finance,7.27,7.4,Australia,Computer Science,1715052,Yes,Referral,New Lead,Rahul Singh,2026-01-24,2026-05-17,Active,90,Low,96,Canada,Not Eligible
ST5937,Gaurika Lata,Male,27,Delhi,Delhi,BTech,Marketing,7.35,5.9,Canada,MBA,2796140,Yes,WhatsApp,Documents,Rohit Gupta,2024-08-07,2024-11-01,Active,80,Medium,77,Canada,Not Eligible
ST5938,Ayush Rajagopal,Female,20,Mumbai,Maharashtra,BA,Marketing,7.34,7.0,UK,Business Analytics,2215971,No,Seminar,Offer Letter,Rahul Singh,2024-06-20,2024-09-11,Inactive,82,Low,88,Canada,Not Eligible
ST5939,Chavvi Ganesh,Male,27,Delhi,Delhi,BCom,Mechanical,7.18,7.5,UK,Artificial Intelligence,3122047,No,Website,Documents,Amit Verma,2024-08-27,2024-10-21,Active,83,Low,91,Canada,Not Eligible
ST5940,Warjas Bal,Female,20,Bhopal,Madhya Pradesh,BA,Mechanical,9.39,7.7,Australia,Cyber Security,1712231,Yes,Referral,Documents,Rohit Gupta,2026-02-15,2026-06-12,Dropped,99,Low,100,Canada,Merit Scholarship
ST5941,Wahab Mody,Female,18,Indore,Madhya Pradesh,BBA,ECE,9.39,6.4,UK,Computer Science,3492293,Yes,Seminar,Application,Rohit Gupta,2026-05-11,2026-08-04,Active,99,Low,100,UK,Merit Scholarship
ST5942,Anusha Mohanty,Female,27,Bangalore,Karnataka,BBA,CSE,6.5,6.8,Canada,Cyber Security,842796,No,Seminar,Offer Letter,Rahul Singh,2026-02-21,2026-03-13,Dropped,61,Medium,67,Germany,Not Eligible
ST5943,Kiaan Sule,Male,21,Jaipur,Rajasthan,BBA,IT,9.5,8.1,Australia,Artificial Intelligence,2822969,Yes,Instagram,Documents,Priya Sharma,2024-08-31,2024-12-03,Active,96,Low,100,Canada,Merit Scholarship
ST5944,Adweta Tiwari,Female,18,Jaipur,Rajasthan,BA,Biotechnology,6.16,7.7,UK,Cyber Security,3095525,Yes,Referral,Contacted,Rohit Gupta,2025-08-21,2025-09-20,Inactive,99,Low,98,Canada,Not Eligible
ST5945,Harrison Natt,Male,20,Indore,Madhya Pradesh,BA,Biotechnology,7.85,6.9,Germany,MBA,836649,No,Seminar,Counseling,Rohit Gupta,2026-05-25,2026-07-09,Inactive,75,Low,82,Germany,Partial Scholarship
ST5946,Vedant Srinivasan,Male,25,Delhi,Delhi,BTech,IT,8.48,8.5,Australia,Business Analytics,1333387,No,Referral,Enrolled,Amit Verma,2025-03-26,2025-04-24,Converted,99,Low,100,Germany,Partial Scholarship
ST5947,Oeshi Venkatesh,Female,25,Chennai,Tamil Nadu,BCom,Mechanical,7.45,7.7,Australia,MBA,2385100,Yes,Referral,Counseling,Rahul Singh,2026-01-10,2026-02-10,Dropped,95,Low,100,Canada,Not Eligible
ST5948,Ekantika Swaminathan,Male,20,Bangalore,Karnataka,BBA,Mechanical,7.47,5.7,UK,Finance,3115232,No,Referral,Application,Priya Sharma,2025-04-17,2025-06-20,Inactive,91,Low,91,UK,Not Eligible
ST5949,Saksham Dani,Female,21,Delhi,Delhi,BSc,Mechanical,7.3,7.4,UK,MBA,1945592,Yes,Instagram,Visa,Amit Verma,2024-12-15,2025-01-16,Converted,71,Low,81,Canada,Not Eligible
ST5950,Riya Zacharia,Male,20,Indore,Madhya Pradesh,BTech,IT,8.97,6.5,UK,Finance,2199959,Yes,Instagram,Counseling,Rohit Gupta,2024-10-26,2024-11-16,Dropped,96,Low,99,UK,Merit Scholarship
ST5951,Samuel Pau,Female,23,Ahmedabad,Gujarat,BCom,CSE,6.66,6.7,Canada,Artificial Intelligence,2292984,No,Referral,New Lead,Priya Sharma,2025-03-10,2025-06-06,Inactive,99,Low,93,Canada,Not Eligible
ST5952,Aryan Krishna,Female,20,Indore,Madhya Pradesh,BSc,Mechanical,8.79,6.8,UK,MBA,2177864,Yes,Referral,Counseling,Rohit Gupta,2026-05-28,2026-07-19,Inactive,94,Low,100,UK,Merit Scholarship
ST5953,Nakul Shukla,Female,19,Hyderabad,Telangana,BBA,Mechanical,8.11,7.9,Canada,Artificial Intelligence,982763,No,Website,Visa,Amit Verma,2025-08-28,2025-08-31,Active,99,Low,95,Germany,Partial Scholarship
ST5954,Advay Lall,Female,23,Bhopal,Madhya Pradesh,BBA,CSE,6.72,6.4,Germany,Data Science,1236990,No,Website,Documents,Priya Sharma,2026-02-28,2026-03-04,Dropped,72,Medium,66,Germany,Not Eligible
ST5955,Imaran Chauhan,Female,23,Indore,Madhya Pradesh,BBA,Biotechnology,9.75,6.7,UK,Computer Science,2149434,Yes,Referral,Contacted,Rahul Singh,2025-06-01,2025-08-08,Inactive,90,Low,100,UK,Merit Scholarship
ST5956,Theodore Sama,Male,21,Bangalore,Karnataka,BBA,IT,8.93,6.5,UK,Data Science,2212213,Yes,Seminar,Documents,Amit Verma,2026-05-19,2026-08-15,Active,96,Low,99,UK,Merit Scholarship
ST5957,Krisha Zachariah,Male,21,Jaipur,Rajasthan,BA,CSE,8.33,5.7,Canada,Cyber Security,2735696,Yes,Referral,Offer Letter,Rohit Gupta,2024-07-22,2024-11-09,Active,99,Low,100,Canada,Partial Scholarship
ST5958,Chakradhar Pathak,Female,24,Bangalore,Karnataka,BCom,Mechanical,9.28,6.3,Germany,Data Science,845569,Yes,Seminar,Counseling,Amit Verma,2026-01-10,2026-05-04,Active,97,Low,89,Germany,Merit Scholarship
ST5959,Inaya Dugar,Male,22,Jaipur,Rajasthan,BCom,CSE,8.82,6.2,Canada,Data Science,2661119,Yes,Website,Visa,Rahul Singh,2024-11-11,2024-11-27,Converted,94,Low,95,Canada,Merit Scholarship
ST5960,Aradhana Bhatti,Female,23,Delhi,Delhi,BBA,ECE,8.41,7.4,Australia,Finance,3384348,Yes,Referral,New Lead,Sneha Jain,2026-03-14,2026-07-08,Inactive,93,Low,100,Canada,Partial Scholarship
ST5961,Oviya Kashyap,Female,24,Jaipur,Rajasthan,BA,IT,6.96,7.4,Australia,Finance,3278991,Yes,Referral,Counseling,Rohit Gupta,2025-03-13,2025-06-10,Active,99,Low,100,Canada,Not Eligible
ST5962,Yashica Parekh,Female,21,Ahmedabad,Gujarat,BTech,Marketing,7.82,6.9,Germany,Computer Science,1180823,Yes,Instagram,Application,Priya Sharma,2026-05-07,2026-06-27,Active,91,Low,82,Germany,Partial Scholarship
ST5963,Lajita Warrior,Male,19,Bangalore,Karnataka,BA,ECE,9.09,7.2,UK,Data Science,3264828,Yes,WhatsApp,New Lead,Amit Verma,2025-10-31,2026-01-05,Dropped,99,Low,100,Canada,Merit Scholarship
ST5964,Upma Nagar,Male,22,Chennai,Tamil Nadu,BTech,Finance,6.8,8.5,Canada,Data Science,2583774,Yes,Website,New Lead,Priya Sharma,2024-06-20,2024-07-19,Active,89,Low,97,Canada,Not Eligible
ST5965,Harita Talwar,Male,19,Ahmedabad,Gujarat,BTech,Marketing,7.49,7.3,Australia,Data Science,1957958,Yes,Website,New Lead,Rahul Singh,2024-08-01,2024-09-14,Inactive,90,Low,82,Canada,Not Eligible
ST5966,Vasana Banik,Female,27,Chennai,Tamil Nadu,BA,Biotechnology,7.21,6.9,Germany,Computer Science,845858,Yes,Website,Documents,Rohit Gupta,2024-11-01,2025-01-03,Dropped,70,Medium,76,Germany,Not Eligible
ST5967,Abeer Om,Male,22,Hyderabad,Telangana,BSc,CSE,7.15,6.5,UK,Cyber Security,2276545,Yes,WhatsApp,New Lead,Rahul Singh,2025-07-31,2025-08-08,Inactive,83,Low,81,UK,Not Eligible
ST5968,Aarnav Mishra,Female,25,Indore,Madhya Pradesh,BCom,IT,8.69,5.8,Australia,MBA,1787372,Yes,Website,Application,Rahul Singh,2025-01-25,2025-04-02,Active,82,Medium,78,Australia,Merit Scholarship
ST5969,Rayaan Nath,Male,20,Pune,Maharashtra,BA,Mechanical,9.61,7.9,UK,Cyber Security,2088890,Yes,WhatsApp,Contacted,Amit Verma,2024-06-15,2024-08-02,Inactive,99,Low,100,Canada,Merit Scholarship
ST5970,Michael Shanker,Male,27,Bhopal,Madhya Pradesh,BTech,Biotechnology,6.07,6.9,USA,MBA,2577364,No,Seminar,Visa,Priya Sharma,2025-01-13,2025-02-10,Converted,65,Medium,74,USA,Not Eligible
ST5971,Oni Narula,Female,18,Bangalore,Karnataka,BCom,ECE,9.69,7.8,Australia,Computer Science,2752540,Yes,Website,Documents,Sneha Jain,2025-10-25,2026-01-29,Dropped,99,Low,100,Canada,Merit Scholarship
ST5972,Onkar Shukla,Male,28,Bangalore,Karnataka,BTech,CSE,6.65,6.5,Australia,Artificial Intelligence,1788994,Yes,WhatsApp,Offer Letter,Priya Sharma,2024-06-27,2024-07-08,Active,67,Medium,66,Australia,Not Eligible
ST5973,Gayathri Shetty,Male,21,Indore,Madhya Pradesh,BTech,Mechanical,9.46,7.8,Australia,MBA,3234826,Yes,Seminar,Enrolled,Sneha Jain,2025-03-17,2025-05-13,Converted,90,Low,100,Canada,Merit Scholarship
ST5974,Harinakshi Kant,Male,20,Bhopal,Madhya Pradesh,BBA,Biotechnology,6.46,8.3,Australia,MBA,1610689,Yes,Website,Offer Letter,Amit Verma,2024-08-29,2024-12-15,Dropped,82,Low,82,Canada,Not Eligible
ST5975,Vedika Mukherjee,Female,24,Chennai,Tamil Nadu,BBA,ECE,8.24,8.1,Canada,Computer Science,873734,Yes,Referral,Counseling,Priya Sharma,2024-09-06,2024-11-21,Dropped,90,Low,100,Germany,Partial Scholarship
ST5976,Samaksh Tara,Male,25,Ahmedabad,Gujarat,BBA,ECE,7.5,6.3,Canada,Business Analytics,1192393,No,Referral,Offer Letter,Rohit Gupta,2025-09-27,2025-12-04,Dropped,82,Low,87,Germany,Partial Scholarship
ST5977,Ishita Manne,Male,26,Jaipur,Rajasthan,BSc,Biotechnology,7.13,8.2,Australia,Data Science,914657,No,Seminar,Counseling,Rohit Gupta,2024-11-05,2025-02-25,Inactive,83,Low,87,Germany,Not Eligible
ST5978,Yug Gola,Female,25,Hyderabad,Telangana,BSc,Mechanical,9.04,6.0,UK,Finance,1577334,Yes,Referral,Enrolled,Priya Sharma,2026-05-10,2026-06-14,Converted,99,Low,100,UK,Merit Scholarship
ST5979,Idika Khosla,Female,20,Bhopal,Madhya Pradesh,BCom,Finance,6.94,7.9,UK,Business Analytics,2364280,No,Referral,Enrolled,Rahul Singh,2025-05-21,2025-07-24,Converted,99,Low,100,Canada,Not Eligible
ST5980,Barkha Issac,Male,23,Hyderabad,Telangana,BCom,Finance,7.86,7.7,Australia,Finance,1263117,Yes,Referral,Visa,Sneha Jain,2024-07-12,2024-10-08,Converted,99,Low,100,Germany,Partial Scholarship
ST5981,Yashodhara Narula,Male,20,Hyderabad,Telangana,BA,Mechanical,9.68,6.9,Germany,Data Science,1441249,Yes,Website,Contacted,Rohit Gupta,2024-12-02,2025-02-12,Dropped,94,Low,100,Germany,Merit Scholarship
ST5982,Zehaan Boase,Male,18,Pune,Maharashtra,BCom,Finance,7.75,6.9,UK,Computer Science,3161748,No,Website,Enrolled,Priya Sharma,2025-05-12,2025-07-05,Converted,87,Low,91,UK,Partial Scholarship
ST5983,Varenya Sampath,Male,21,Hyderabad,Telangana,BBA,IT,9.74,7.5,Canada,Business Analytics,885857,Yes,Seminar,Documents,Rohit Gupta,2025-08-10,2025-11-05,Dropped,96,Low,100,Germany,Merit Scholarship
ST5984,Omisha Chacko,Female,19,Ahmedabad,Gujarat,BCom,IT,7.0,7.4,UK,Data Science,3269152,No,Referral,Counseling,Priya Sharma,2026-01-08,2026-03-23,Active,90,Low,100,Canada,Not Eligible
ST5985,Ekta Kapadia,Female,27,Hyderabad,Telangana,BSc,Marketing,8.01,7.6,UK,Cyber Security,3211682,No,Referral,Contacted,Priya Sharma,2025-07-25,2025-09-19,Dropped,92,Low,100,Canada,Partial Scholarship
ST5986,Amol Boase,Male,21,Chennai,Tamil Nadu,BA,Finance,6.03,5.7,Germany,Data Science,905525,No,Website,Contacted,Amit Verma,2025-03-05,2025-06-10,Dropped,54,High,52,Germany,Not Eligible
ST5987,Damyanti Shere,Male,28,Hyderabad,Telangana,BSc,IT,9.8,8.4,Canada,MBA,2807392,Yes,Instagram,Counseling,Rohit Gupta,2026-02-22,2026-06-17,Active,99,Low,100,Canada,Merit Scholarship
ST5988,Anirudh Mistry,Female,18,Pune,Maharashtra,BBA,Biotechnology,6.32,6.9,Germany,Computer Science,974337,No,Seminar,Counseling,Amit Verma,2024-09-28,2024-10-14,Dropped,64,Medium,67,Germany,Not Eligible
ST5989,Dhriti Thakkar,Male,24,Jaipur,Rajasthan,BBA,Finance,9.77,5.7,Germany,MBA,1388716,Yes,Website,Counseling,Rahul Singh,2024-08-22,2024-09-14,Dropped,99,Low,89,Germany,Merit Scholarship
ST5990,Nakul Ganesh,Male,19,Pune,Maharashtra,BBA,ECE,6.44,6.3,UK,Computer Science,2618048,No,Instagram,New Lead,Rahul Singh,2026-01-23,2026-02-08,Inactive,73,Medium,71,UK,Not Eligible
ST5991,Dhriti Chacko,Male,18,Chennai,Tamil Nadu,BSc,Marketing,9.38,6.9,UK,Business Analytics,2367582,Yes,Instagram,Documents,Rahul Singh,2026-03-21,2026-05-30,Active,99,Low,100,UK,Merit Scholarship
ST5992,Isaiah Bhargava,Male,23,Jaipur,Rajasthan,BCom,Mechanical,7.72,7.3,UK,Artificial Intelligence,1927465,No,WhatsApp,Counseling,Priya Sharma,2024-11-10,2025-01-12,Inactive,94,Low,85,Canada,Partial Scholarship
ST5993,Isaac Sagar,Female,25,Jaipur,Rajasthan,BBA,Finance,9.52,7.9,UK,Data Science,1170640,Yes,WhatsApp,Visa,Rohit Gupta,2025-08-19,2025-12-14,Converted,96,Low,100,Germany,Merit Scholarship
ST5994,Krishna Savant,Female,24,Bangalore,Karnataka,BSc,ECE,8.66,7.8,Canada,MBA,3432575,Yes,WhatsApp,Offer Letter,Sneha Jain,2025-05-22,2025-08-08,Active,92,Low,100,Canada,Merit Scholarship
ST5995,Jasmit Tripathi,Female,26,Mumbai,Maharashtra,BA,IT,8.71,7.8,Australia,Computer Science,2395441,Yes,Referral,Visa,Rahul Singh,2026-05-11,2026-08-17,Active,92,Low,100,Canada,Merit Scholarship
ST5996,Aarush Bhatt,Male,20,Hyderabad,Telangana,BBA,Marketing,6.94,7.3,USA,MBA,3099887,No,Instagram,New Lead,Rahul Singh,2024-08-28,2024-11-27,Active,89,Low,87,Canada,Not Eligible
ST5997,Ryan Sood,Female,24,Hyderabad,Telangana,BA,IT,7.5,7.3,Canada,Business Analytics,2743758,No,Seminar,Documents,Rohit Gupta,2026-01-27,2026-04-14,Dropped,99,Low,93,Canada,Partial Scholarship
ST5998,Urmi Raval,Male,19,Ahmedabad,Gujarat,BCom,IT,7.71,6.3,USA,Data Science,3434461,No,Referral,Counseling,Rahul Singh,2024-06-30,2024-07-08,Active,99,Low,99,USA,Partial Scholarship
ST5999,Warda Bassi,Female,28,Ahmedabad,Gujarat,BCom,Marketing,9.76,6.5,Australia,Data Science,2150831,Yes,Instagram,New Lead,Amit Verma,2025-09-18,2025-12-29,Dropped,99,Low,100,Australia,Merit Scholarship
